Date,AAPL,MSFT,NVDA,AMZN,GOOGL,META,JPM,BAC,XOM,CVX,JNJ,LLY,UNH,CAT,COST,PG,KO,NEE,HD,DIS,SPY
2020-01-02,72.2715301514,151.544235229,5.95713710785,94.9004974365,67.7889328003,207.789871216,117.899200439,30.2749862671,52.6063995361,90.3936920166,121.338546753,122.406684875,260.100524902,132.067840576,265.326477051,103.95929718,44.8734931946,50.3359947205,185.952285767,143.68927002,295.391845703
2020-01-03,71.5689086914,149.65725708,5.86178970337,93.7484970093,67.4343185425,206.690383911,116.343353271,29.6463871002,52.1834793091,90.0810165405,119.93371582,121.999313354,257.468414307,130.234207153,265.545013428,103.260101318,44.6286849976,50.6946029663,185.33430481,142.041000366,293.154937744
2020-01-06,72.1392059326,150.044128418,5.88637018204,95.1439971924,69.2317047119,210.583114624,116.250846863,29.6039066315,52.5841369629,89.7758178711,119.784042358,122.45300293,259.25579834,130.146469116,265.617828369,103.403312683,44.6123733521,50.9477348328,186.206222534,141.216873169,294.2734375
2020-01-07,71.7999420166,148.676055908,5.95763444901,95.3430023193,69.0979919434,211.038711548,114.274520874,29.4085330963,52.1537895203,88.6294174194,120.515563965,122.68447113,257.690765381,128.426864624,265.199005127,102.76309967,44.2696342468,50.9034385681,184.987213135,141.265365601,293.445983887
2020-01-08,72.9549179077,151.044189453,5.96880722046,94.5985031128,69.5898132324,213.178237915,115.166000366,29.7058525085,51.3672943115,87.6170349121,120.498970032,123.795471191,263.12399292,129.567382812,268.239318848,103.201164246,44.3512382507,50.8802261353,187.755401611,140.974472046,295.009918213
2020-01-09,74.5045166016,152.931228638,6.03436088562,95.0524978638,70.3203430176,216.229049683,115.586479187,29.756811142,51.7605400085,87.4756164551,120.856399536,125.84160614,261.6300354,129.242767334,272.54473877,104.329956055,45.1591033936,51.27891922,190.63369751,140.421844482,297.010314941
2020-01-10,74.6729736328,152.223587036,6.06664276123,94.1579971313,70.7745285034,215.99130249,114.434326172,29.5104694366,51.3005065918,86.6790847778,120.582092285,127.767402649,262.439331055,128.207519531,270.56036377,104.431037903,45.3141517639,51.3759536743,189.812515259,140.218200684,296.155548096
2020-01-13,76.2683105469,154.053955078,6.25684356689,94.5650024414,71.322807312,219.804779053,115.384635925,29.7823028564,51.7902145386,86.8428497314,121.114082336,128.637649536,254.187225342,128.812896729,272.95425415,105.197608948,45.8037796021,51.9771499634,189.067596436,139.500732422,298.192230225
2020-01-14,75.2384414673,152.968933105,6.14014005661,93.4720001221,70.855255127,216.981826782,116.730224609,30.0031585693,51.3450317383,86.5748443604,121.795722961,130.220901489,256.312347412,128.690063477,272.845153809,105.037559509,45.6976966858,52.2577133179,188.618896484,140.780578613,297.737609863
2020-01-15,74.9160079956,153.959609985,6.09767961502,93.1009979248,71.2817001343,219.052001953,114.980957031,29.4510040283,51.2634086609,86.4483108521,122.20300293,130.646789551,263.577484131,127.716178894,273.819091797,106.10736084,46.268913269,53.0698509216,190.125778198,139.927368164,298.410491943
2020-01-16,75.8544235229,156.780670166,6.18111038208,93.8970031738,71.8245391846,219.666122437,115.426689148,29.4934902191,51.0630760193,87.0140533447,123.192237854,130.943069458,267.427856445,129.734100342,275.830718994,106.200050354,46.3668365479,53.2154083252,193.706680298,140.70300293,300.892852783
2020-01-17,76.6942367554,157.658111572,6.1898021698,93.236000061,73.2787094116,220.032592773,116.225608826,29.4849853516,50.8701705933,86.0389022827,123.998519897,129.230255127,265.409362793,130.564620972,277.332611084,106.486480713,46.4647407532,53.4537811279,196.32244873,139.937057495,301.829437256
2020-01-21,76.1744689941,157.092071533,6.15652990341,94.5999984741,73.4139175415,219.339248657,115.081871033,29.102722168,50.1430282593,84.349067688,124.081672668,130.461578369,267.24118042,128.859451294,285.14251709,106.216903687,46.6524429321,54.1899833679,197.202865601,139.190490723,301.238250732
2020-01-22,76.4463577271,156.337219238,6.21041107178,94.3730010986,73.494140625,219.22038269,114.947311401,29.1876735687,49.8536567688,84.0438613892,123.233810425,131.063415527,267.294464111,126.014541626,283.895446777,106.402229309,47.0114898682,54.8249130249,197.160522461,139.626800537,301.274749756
2020-01-23,76.8145523071,157.299606323,6.27869606018,94.2289962769,73.5347518921,217.675170898,114.829574585,28.9838008881,49.5420227051,84.1927642822,123.466537476,130.739379883,266.289581299,126.120559692,284.796630859,105.915802002,47.1910247803,54.8628959656,197.795440674,137.871887207,301.620239258
2020-01-24,76.5931549072,155.714508057,6.21960020065,93.0820007324,72.6174926758,215.872451782,111.978599548,28.4911079407,49.2081260681,83.26222229,123.291976929,128.758071899,260.376312256,124.026657104,282.639312744,106.042938232,47.0686225891,55.6307373047,196.398635864,135.81640625,298.937896729
2020-01-27,74.340927124,153.110488892,5.96433877945,91.4169998169,70.9117355347,212.831558228,111.0366745,27.9049777985,48.0357894897,82.1753997803,123.649421692,128.054382324,252.622116089,119.918334961,281.674438477,106.509002686,46.9054107666,56.2677993774,195.71295166,131.763626099,294.146026611
2020-01-28,76.4439849854,156.110778809,6.15727376938,92.6624984741,71.8413772583,215.723861694,113.05506897,28.2362766266,47.9690170288,82.7188186646,124.272872925,128.933898926,254.204879761,120.810707092,282.948760986,106.797096252,46.5218772888,56.0716133118,197.973266602,134.158432007,297.228515625
2020-01-29,78.0441360474,158.544998169,6.09693431854,92.9000015259,72.1484603882,221.11227417,112.886894226,28.04088974,47.5683479309,82.1605224609,125.137367249,129.545013428,251.563934326,119.962547302,281.792785645,105.975135803,46.5218772888,56.0610542297,198.108734131,131.918762207,296.982971191
2020-01-30,77.9310379028,163.017181396,6.10363912582,93.533996582,72.0271224976,207.542251587,114.282905579,28.4401340485,48.0729026794,82.9272689819,124.987724304,132.091110229,249.8565979,119.600273132,281.692749023,106.729324341,48.0315361023,56.9407196045,197.067459106,133.615509033,297.946777344
2020-01-31,74.4756546021,160.611236572,5.87072610855,100.435997009,70.9637298584,199.994522095,111.314193726,27.8879871368,46.0918121338,79.7560653687,123.749176025,129.28578186,242.271438599,116.048583984,278.097229004,105.602279663,47.656162262,56.5757865906,193.097137451,134.100280762,292.536651611
2020-02-03,74.2711181641,164.526748657,5.96756696701,100.209999084,73.4312515259,202.252914429,112.163604736,28.0069160461,45.060459137,79.1158905029,124.829841614,130.544952393,243.667510986,114.652664185,274.893188477,106.017494202,47.8030471802,56.2825660706,196.009262085,137.018661499,294.709869385
2020-02-04,76.7230987549,169.942443848,6.13641548157,102.48349762,71.5892791748,207.839385986,113.778312683,28.5590667725,44.4965553284,79.540184021,126.018486023,132.804000854,249.732147217,117.956962585,277.532775879,106.483589172,48.015209198,55.8037071228,198.938293457,140.324859619,299.201507568
2020-02-05,77.3487319946,169.734848022,6.22655296326,101.993499756,71.6209716797,208.116729736,115.712615967,29.4849853516,46.544418335,82.0935058594,128.005187988,136.424102783,262.972839355,121.429153442,281.219390869,107.458068848,48.0233726501,56.2614746094,201.571060181,137.067153931,302.656738281
2020-02-06,78.2534561157,173.254089355,6.31321048737,102.511497498,73.1028823853,208.849716187,115.729438782,29.4510040283,45.9137382507,81.5054397583,127.622840881,136.3777771,260.065032959,121.261306763,283.326385498,107.737731934,48.1376190186,56.6032104492,202.189025879,138.356658936,303.675140381
2020-02-07,77.1898117065,173.499389648,6.24716043472,103.963996887,73.258392334,210.315689087,115.359375,29.4000396729,45.6095275879,81.0960083008,126.25958252,135.553771973,257.183959961,117.833259583,286.081115723,106.839485168,48.300819397,56.8584594727,200.8853302,136.727798462,302.056762695
2020-02-10,77.5564193726,178.037628174,6.52973461151,106.695503235,74.7219696045,211.038711548,115.838775635,29.4679985046,45.1278343201,81.728767395,126.234642029,134.72052002,255.236495972,118.672607422,286.227111816,106.915733337,48.7578086853,57.3225288391,203.687393188,138.25,304.31161499
2020-02-11,77.0884857178,174.018325806,6.65190124512,107.540000916,74.791305542,205.22442627,116.057434082,29.5359477997,45.5568389893,82.7858047485,126.342681885,133.553939819,258.579986572,120.324729919,283.390197754,105.212493896,48.6272277832,57.4090118408,204.559356689,136.718093872,304.838989258
2020-02-12,78.9191818237,174.273101807,6.76736450195,108,75.2157669067,208.760559082,116.057434082,29.6633739471,46.1137886047,83.4036865234,125.594520569,132.868835449,269.8644104,123.328666687,287.440246582,104.610839844,48.4803466797,57.0103187561,204.517028809,137.532546997,306.802978516
2020-02-13,78.3571853638,173.329559326,6.72366285324,107.493499756,74.956237793,211.117965698,115.956466675,29.6548728943,45.8578796387,83.1207962036,124.763282776,131.966049194,268.726135254,123.443534851,290.249694824,105.890411377,48.6435585022,58.1093521118,205.168899536,136.611450195,306.47567749
2020-02-14,78.3764724731,174.876907349,7.1956949234,106.743499756,75.2207260132,212.148117065,115.603294373,29.6039066315,45.6471557617,82.9024124146,124.796531677,131.333236694,265.684997559,121.915092468,290.350097656,106.890296936,48.9210090637,58.7527503967,207.42918396,135.292831421,306.966644287
2020-02-18,76.9413528442,176.650665283,7.3640460968,107.783500671,75.2558822632,215.733795166,114.072662354,29.1112270355,45.0676307678,83.0229110718,123.973594666,131.230880737,268.672790527,120.669334412,293.761474609,105.81413269,48.5782814026,59.4952812195,206.506393433,134.905029297,306.175628662
2020-02-19,78.0556869507,177.180465698,7.81422710419,108.511001587,75.5248184204,215.426681519,115.62853241,29.4934902191,45.4138374329,83.3994445801,123.807395935,131.063369751,271.491668701,120.916717529,294.646392822,106.297164917,48.7741203308,57.9406051636,206.252471924,136.999282837,307.63961792
2020-02-20,77.2549133301,174.474685669,7.6652431488,107.654998779,75.134552002,212.544311523,115.62853241,29.6039066315,45.052570343,82.6990661621,123.333518982,132.152206421,268.66394043,120.978561401,295.61315918,107.263168335,48.7333221436,58.4384460449,209.113769531,136.097579956,306.375701904
2020-02-21,75.5062332153,168.959152222,7.30197048187,104.798500061,73.4738311768,208.186050415,114.215644836,29.1876735687,44.503162384,82.0965805054,124.6302948,132.189407349,268.041442871,121.225952148,293.670288086,107.364860535,49.0678939819,58.5565795898,207.691574097,134.74017334,303.220428467
2020-02-24,71.9196777344,161.674362183,6.78573846817,100.464500427,70.3238372803,198.815811157,111.146003723,27.8030376434,42.4183654785,78.858215332,122.062072754,128.569198608,247.019958496,116.773078918,286.072021484,104.483726501,47.860168457,57.786605835,202.917053223,128.961593628,293.1640625
2020-02-25,69.4835891724,159.006408691,6.50688886642,98.6370010376,68.6626358032,194.903274536,106.184135437,26.4014205933,40.792678833,75.8457641602,121.008018494,126.019248962,234.215026855,113.972328186,278.090637207,102.899093628,47.1828613281,57.0250892639,200.953048706,124.28830719,284.280609131
2020-02-26,70.5858612061,160.993148804,6.64594078064,98.9794998169,68.8681793213,195.329177856,106.503707886,26.0191612244,39.8970451355,73.8349456787,120.196563721,124.269569397,233.868209839,113.3097229,278.838592529,101.822921753,47.0033378601,56.8436927795,199.175338745,119.605308533,283.234954834
2020-02-27,65.971786499,149.649780273,6.27599048615,94.2149963379,65.1277694702,187.949874878,102.071632385,24.7449607849,37.4961471558,70.890296936,116.381835938,120.23059845,225.79397583,108.909866333,267.38192749,96.1792602539,44.8245391846,54.2524490356,190.244232178,114.447242737,270.514404297
2020-02-28,65.9331817627,153.273223877,6.71004581451,94.1875,66.3313064575,190.644073486,97.6480178833,24.2097988129,38.7154083252,70.2953262329,112.500221252,117.382804871,226.718795776,109.766876221,256.445098877,95.9504699707,43.6494560242,53.5972251892,184.411605835,114.069107056,269.3777771
2020-03-02,72.0716323853,163.471908569,6.86806106567,97.6975021362,68.6626358032,194.576416016,102.197814941,24.9488334656,40.5518341064,72.7429656982,117.134742737,123.627471924,242.85824585,112.735450745,281.985565186,101.314483643,45.6324119568,56.9030609131,194.654769897,116.328186035,281.043640137
2020-03-03,69.7826919556,155.638366699,6.60618972778,95.4495010376,66.255531311,184.126495361,98.3628692627,23.5726985931,38.610042572,71.0861129761,113.428787231,121.27293396,232.44543457,109.890548706,276.13861084,100.13658905,45.7466506958,56.2244949341,192.961669922,112.90562439,272.996643066
2020-03-04,73.0195083618,161.352722168,7.06881427765,98.7914962769,68.4288406372,189.940795898,100.79334259,24.116355896,39.4529876709,74.203956604,120.029205322,130.644546509,257.361816406,112.558738708,292.566650391,105.500602722,48.0805015564,59.844165802,204.08531189,115.552536011,284.471618652
2020-03-05,70.6509628296,157.303466797,6.79004669189,96.201499939,65.1183547974,183.413330078,95.8482894897,22.8938655853,37.7144126892,73.19480896,118.799484253,130.430496216,251.617233276,107.761291504,288.024078369,103.068565369,46.3015480042,58.5591583252,198.777450562,110.510810852,275.015289307
2020-03-06,69.7127380371,152.856933594,6.60991573334,95.0544967651,64.1763153076,179.372024536,90.8948287964,21.9791412354,35.8930473328,71.7865066528,118.816215515,131.649673462,252.426498413,107.266548157,283.992279053,103.093994141,45.0938262939,57.6388626099,193.444229126,111.761543274,270.46887207
2020-03-09,64.1990127563,142.497467041,6.09809684753,90.0305023193,60.2165031433,167.891983032,78.5826263428,18.7476615906,31.505197525,60.7534217834,114.139884949,126.307762146,243.151794434,91.9465484619,275.454498291,98.3485794067,42.3193206787,55.403881073,178.164047241,101.173912048,249.34677124
2020-03-10,68.8227005005,152.242034912,6.48668289185,94.591003418,63.1575164795,176.499557495,84.6882858276,20.1838798523,32.6717758179,63.9993515015,118.489936829,131.398406982,248.985244751,94.0846252441,282.222717285,102.153381348,43.7881813049,54.227016449,191.065414429,108.067504883,262.249206543
2020-03-11,66.4324798584,145.345169067,6.12368774414,91.0429992676,59.9742965698,168.624969482,80.7019577026,19.3802776337,31.5955066681,62.5307540894,110.258255005,130.309570312,247.01109314,88.9602966309,271.304107666,94.5607299805,42.604927063,51.1586723328,181.426925659,102.298599243,249.464920044
2020-03-12,59.8719596863,131.560852051,5.37434577942,83.8304977417,55.0536231995,153.004562378,74.0496902466,17.5337314606,27.9828777313,57.4322128296,104.912635803,117.280441284,222.672790527,81.512336731,255.268417358,86.2986221313,38.4839820862,44.2946853638,162.422637939,89.0156021118,225.596893311
2020-03-13,67.0451049805,150.264709473,5.98380708694,89.25,60.1412162781,168.664611816,87.387878418,20.6540622711,28.6903438568,62.8244781494,112.341270447,129.704589844,242.954696655,88.0326004028,275.719055176,96.6622695923,39.8998641968,46.981338501,175.273956299,99.3996124268,244.882293701
2020-03-16,58.4199638367,128.117172241,4.87967014313,84.4574966431,53.1442947388,144.624816895,74.3104095459,17.4738864899,25.9582939148,52.4917984009,106.351516724,120.407417297,200.979736328,82.5283737183,258.30581665,91.9422988892,37.2574272156,42.7000923157,140.580551147,92.1181869507,218.086349487
2020-03-17,60.9886856079,138.665863037,5.39819765091,90.391998291,55.3760528564,148.002471924,78.8517532349,18.7904129028,27.7043991089,53.2373733521,114.265357971,133.268981934,218.109115601,88.5273666382,280.024353027,100.195907593,38.8379478455,47.0237464905,147.97769165,90.6832351685,229.861297607
2020-03-18,59.4957008362,132.828598022,5.03917884827,91.5,54.0452156067,145.565826416,70.5511398315,17.7730960846,24.9271812439,41.4587287903,112.901756287,133.166641235,193.85295105,88.4566802979,280.489654541,99.5264587402,36.9199295044,44.6657714844,132.629348755,86.0972061157,218.222747803
2020-03-19,59.0398254395,135.014083862,5.29136133194,94.0465011597,55.0595626831,151.677276611,71.736946106,18.1235942841,25.9131355286,43.2210159302,106.284606934,123.86013031,196.299957275,91.010017395,278.409942627,93.9167175293,34.4338989258,43.9151191711,137.316513062,92.0406341553,218.686447144
2020-03-20,55.29164505,129.943054199,5.11197566986,92.3044967651,52.9070510864,148.309524536,70.2231521606,16.8156242371,24.6411876678,44.7272338867,100.294868469,113.911460876,184.502349854,84.3748855591,264.909942627,86.7986068726,31.5280456543,40.6601829529,129.663696289,83.3630447388,209.26234436
2020-03-23,54.1170349121,128.646957397,5.28440475464,95.1415023804,52.2096939087,146.695022583,66.4638824463,15.4563531876,23.670293808,40.8336486816,92.9749755859,110.793800354,174.02645874,81.1500854492,260.449371338,82.7904205322,30.9188957214,38.5206184387,138.390365601,83.1497421265,203.911895752
2020-03-24,59.5463447571,140.340438843,6.19101953506,97.0049972534,55.9679260254,159.452789307,74.3692626953,17.9782714844,26.67329216,50.1195030212,99.7009124756,114.367500305,196.299957275,89.5345687866,259.9112854,87.5104141235,32.4747161865,43.7942466736,157.420181274,95.1335372925,222.386947632
2020-03-25,59.2183189392,138.996994019,6.10256958008,94.2919998169,54.5618057251,154.728042603,77.1445541382,18.038110733,28.065662384,52.16796875,99.8849258423,113.483375549,209.419403076,92.4766311646,256.189666748,85.5190505981,34.2527999878,44.5873069763,154.897598267,97.6640930176,225.716140747
2020-03-26,62.3345489502,147.691436768,6.39127588272,97.7744979858,57.5979156494,161.790420532,82.5184936523,19.4230270386,29.2171936035,57.5225830078,105.883049011,125.03276062,228.084915161,97.6274871826,266.624786377,90.9932174683,36.4589500427,49.0042762756,166.359832764,102.153182983,238.895675659
2020-03-27,59.7537689209,141.62701416,6.2792224884,95.0049972534,54.9897384644,155.302566528,76.6399536133,18.4655532837,27.8097686768,51.7989463806,103.030380249,124.809379578,216.528335571,93.1569290161,259.354736328,93.3574447632,35.2406272888,49.1845092773,162.38861084,93.4659042358,231.779998779
2020-03-30,61.4590187073,151.589202881,6.59873485565,98.1975021362,56.7752456665,164.375671387,78.6331176758,18.8417034149,28.2237205505,54.1863021851,111.270484924,128.839111328,224.414291382,98.6965103149,265.548370361,97.4503555298,37.0434036255,52.1659011841,167.118301392,96.7624053955,239.307189941
2020-03-31,61.3336029053,149.205093384,6.54929304123,97.486000061,57.5498695374,165.217605591,75.7148513794,18.1492424011,28.5774555206,54.5703773499,109.697776794,129.09967041,222.717437744,102.522109985,260.084533691,93.2133865356,36.4260177612,51.0229721069,159.116073608,93.6597976685,235.740264893
2020-04-01,58.1064033508,143.907150269,6.0392127037,95.3850021362,54.5855789185,158.085891724,70.9464111328,16.9011154175,28.2462863922,51.6332511902,107.756942749,126.959213257,211.946853638,98.3784561157,261.589569092,92.6456375122,34.6726264954,46.2752075195,152.230209351,92.0309448242,225.130783081
2020-04-02,59.0759963989,146.887268066,6.34729909897,95.9414978027,55.3250465393,156.689285278,73.5955505371,17.5850219727,30.4063529968,57.3267745972,111.387588501,132.319702148,214.733261108,103.140541077,265.876800537,96.9419250488,36.1790733337,48.0182495117,154.51411438,94.0185394287,230.325836182
2020-04-03,58.2270011902,145.534332275,6.06008386612,95.329498291,54.120010376,152.717315674,71.4202194214,17.1233882904,29.5107154846,56.5661277771,112.240875244,129.974487305,204.95401001,101.311691284,263.295318604,97.5181350708,36.0802879333,46.9982948303,152.289871216,91.0225906372,226.99659729
2020-04-06,63.3065719604,156.357467651,6.66855096817,99.8795013428,58.6018638611,163.979476929,76.0172805786,18.2860298157,30.4590396881,60.5425376892,116.917221069,131.789276123,221.788619995,106.400695801,278.318664551,99.8315353394,38.4181404114,49.7273483276,163.05329895,96.5491104126,242.243026733
2020-04-07,62.573348999,154.673400879,6.43574857712,100.580001831,58.5706520081,167.228363037,77.0199737549,18.9271907806,31.0385608673,60.9417152405,115.009925842,132.040527344,221.5206604,107.71711731,276.959564209,95.5606765747,38.2864151001,48.4508285522,163.871383667,98.1585693359,242.490066528
2020-04-08,64.1748809814,156.225006104,6.63252592087,102.150001526,59.7811393738,172.626617432,80.1300048828,20.0470943451,33.0029335022,64.7524414062,119.845214844,136.079544067,239.194869995,112.558738708,279.093963623,97.5350875854,39.3647918701,49.5131759644,166.027496338,97.9937438965,250.630081177
2020-04-09,64.6379776001,156.234436035,6.53314256668,102.138000488,59.7598342896,173.527984619,87.3187484741,21.2524833679,32.4610328674,63.4947395325,118.146965027,135.623535156,235.890426636,110.464836121,273.657501221,97.1622543335,40.336151123,52.0111045837,171.745849609,101.319358826,254.444000244
2020-04-13,65.9066467285,156.584472656,6.70457792282,108.443496704,59.9500389099,173.131774902,83.4354858398,20.448890686,32.1825637817,63.9466133118,116.925605774,134.404388428,235.336715698,100.843421936,273.301757812,98.2553710938,38.6321601868,50.0878257751,169.410751343,100.349784851,252.120849609
2020-04-14,69.235168457,164.332855225,7.05489969254,114.166000366,62.6652030945,176.479736328,81.1496810913,20.2864646912,31.9341945648,63.7206802368,122.16242981,140.630386353,241.579360962,102.910842896,286.546386719,102.500823975,40.2702865601,51.3961677551,176.552307129,102.802787781,259.556640625
2020-04-15,68.6032333374,162.61100769,6.97763109207,115.384002686,62.2724342346,175.291137695,77.1474380493,18.9699382782,30.4665603638,62.1241035461,123.526092529,140.695571899,251.564056396,98.5374908447,283.016326904,102.721160889,39.1919212341,50.3019943237,169.146591187,100.223747253,254.041519165
2020-04-16,69.1483383179,167.492736816,7.32199048996,120.409500122,62.2788696289,174.577957153,74.2073516846,18.3116760254,29.4655628204,60.2413024902,125.207511902,143.999435425,266.523223877,100.030632019,293.314483643,102.95841217,38.772102356,50.3571357727,170.314102173,98.9148330688,255.267227173
2020-04-17,68.2100830078,168.968582153,7.26285743713,118.75,63.3472099304,177.53956604,80.8777542114,19.9017715454,32.5287780762,65.6486434937,127.173416138,146.381851196,259.494628906,103.6951828,289.994354248,105.661613464,39.5623550415,52.2189216614,178.469741821,103.384529114,262.163299561
2020-04-20,66.7942733765,165.619506836,7.13192129135,119.680496216,62.4631195068,176.549087524,77.9291915894,19.234954834,30.9934082031,62.9374275208,126.880622864,146.847106934,251.974838257,102.17943573,284.667236328,102.195747375,38.3028793335,50.3846969604,175.597808838,99.1475219727,257.544586182
2020-04-21,64.7296295166,158.769927979,6.69613027573,116.40599823,60.0367088318,169.179656982,75.6688919067,18.499753952,30.8278236389,61.4839286804,125.215888977,142.082199097,244.874862671,97.944229126,274.861633301,101.416160583,37.3562202454,49.9203186035,170.961776733,97.479888916,249.724639893
2020-04-22,66.5940628052,164.162536621,7.10955953598,118.174499512,62.3274116516,180.550750732,75.9153213501,18.6365337372,31.7084064484,63.5926475525,127.98487854,145.842041016,247.402313232,98.6486129761,282.240997314,101.178894043,37.6031761169,52.4118804932,173.995651245,97.9161758423,255.267227173
2020-04-23,66.3360061646,162.175735474,7.05639123917,119.972503662,62.9593963623,183.373733521,75.9577865601,18.6963729858,32.7018814087,65.3699798584,130.093032837,148.838760376,254.823898315,100.672576904,278.574005127,101.853645325,37.1010322571,51.1332321167,172.419067383,97.9258804321,255.248825073
2020-04-24,68.2510681152,165.136947632,7.19502925873,120.511001587,63.2283401489,188.266830444,77.079460144,18.9613895416,32.912612915,65.528137207,129.549301147,151.630630493,260.14666748,101.680137634,283.271728516,101.324752808,37.3973770142,50.8278884888,180.821838379,98.1101074219,258.806671143
2020-04-27,68.2993164062,164.66394043,7.38112163544,118.800003052,62.9440422058,185.721221924,80.4019317627,20.0641937256,33.0706672668,67.5615310669,129.072433472,150.104415894,262.54901123,102.714378357,281.657165527,100.190208435,38.5086746216,51.6548690796,185.577178955,102.831863403,262.538238525
2020-04-28,67.1922302246,160.652633667,7.23900461197,115.70400238,61.0485801697,181.174743652,80.9712371826,20.423242569,33.8458862305,67.7121658325,126.646400452,146.391189575,257.529846191,102.946220398,278.163543701,99.7125015259,38.4757499695,50.743057251,185.466430664,102.977302551,261.33102417
2020-04-29,69.3992004395,167.861663818,7.41541004181,118.635498047,66.4764328003,192.347747803,83.1550674438,21.1840934753,35.7199401855,71.2593383789,125.68434906,144.399551392,256.895690918,107.047660828,280.115570068,99.8745880127,38.7885627747,49.8588180542,189.028656006,108.833465576,268.172241211
2020-04-30,70.8632354736,169.545684814,7.2618637085,123.699996948,66.7002944946,202.767990112,81.3705978394,20.5600299835,34.9748306274,69.2861480713,125.516998291,143.915618896,261.200408936,103.766494751,277.016357422,100.548484802,37.7760314941,49.0085105896,187.3412323,104.858261108,265.675415039
2020-05-01,69.7223739624,165.155929565,7.02583169937,114.302001953,65.2451553345,200.351089478,79.2377853394,19.7307891846,32.4685668945,67.3581924438,124.05305481,142.975692749,254.091522217,98.8626022339,276.028930664,99.6527938843,37.5373153687,48.1454620361,186.267486572,102.288917542,258.641998291
2020-05-04,70.7088851929,169.195663452,7.23726844788,115.799499512,65.5215148926,203.312744141,78.2945632935,19.6025524139,33.7781410217,68.8644180298,124.036346436,142.649932861,256.797515869,96.0451049805,278.378601074,98.7571029663,37.1586494446,48.7901077271,189.054168701,100.039527893,259.355438232
2020-05-05,71.7701187134,171.012069702,7.29813814163,115.88999939,66.8151931763,205.105560303,78.1756134033,19.3717384338,33.7405204773,69.9564285278,125.065322876,146.940246582,261.709533691,97.1061096191,281.51449585,98.9618301392,37.3726806641,48.792224884,192.267028809,97.9840545654,261.751708984
2020-05-06,72.5105895996,172.696105957,7.39876317978,117.56300354,66.6374053955,206.492279053,76.7055892944,19.1067199707,33.1083068848,67.8175888062,123.877380371,145.814117432,257.896087646,96.0005111694,282.401245117,96.4794692993,36.8376197815,47.2145843506,190.826782227,97.8095245361,259.977355957
2020-05-07,73.2607269287,173.698928833,7.57466888428,118.380500793,67.8186645508,209.25579834,77.5043258667,19.5256118774,33.2964630127,69.768157959,123.467475891,142.361434937,254.529159546,95.6617126465,278.844726562,95.6861038208,36.7141304016,47.6005096436,195.539474487,102.356788635,263.114471436
2020-05-08,75.0044555664,174.720718384,7.76424026489,118.980499268,68.5645675659,210.335510254,78.7704391479,20.149684906,34.7565536499,71.8994674683,124.3960495,142.863983154,256.315246582,99.9592971802,279.70413208,98.9106216431,37.9571495056,48.7137718201,199.783508301,105.837524414,267.467987061
2020-05-11,76.184677124,176.669647217,8.01567649841,120.449996948,69.5179824829,211.157608032,76.450630188,19.3033485413,34.4254112244,70.3179244995,124.738998413,147.554489136,257.824584961,96.8386306763,283.717773438,98.3646774292,37.4879264832,48.2154541016,201.598693848,104.489822388,267.522918701
2020-05-12,75.3140029907,172.667709351,7.75430202484,117.847503662,68.1108779907,208.106811523,73.9524154663,18.6963729858,33.8499908447,68.6083526611,123.091018677,146.781982422,256.94039917,93.6198806763,278.698425293,97.7163925171,36.8952331543,48.332069397,198.479660034,101.37752533,262.190734863
2020-05-13,74.4046554565,170.056564331,7.73194169998,118.396003723,66.7810287476,203.15423584,71.4032287598,17.8414859772,32.1697654724,66.8009033203,123.082679749,146.97744751,248.277496338,93.1562576294,276.230041504,97.1789550781,36.1708259583,48.7964668274,196.093444824,99.787437439,257.553710938
2020-05-14,74.8617553711,170.794525146,7.98089361191,119.442497253,67.2035140991,204.847991943,74.3688201904,18.5595932007,32.4536514282,67.8175888062,123.509315491,148.090148926,259.539337158,94.6809082031,274.035919189,97.0851211548,35.9732666016,49.2438812256,199.82611084,102.686431885,260.635925293
2020-05-15,74.4191665649,173.282684326,8.43830013275,120.488998413,68.0058670044,208.87940979,72.9922332764,18.3287715912,32.2234687805,67.1473312378,125.851699829,148.884902954,259.851837158,96.2234039307,273.551269531,97.7675552368,35.6110496521,48.3151092529,203.959335327,105.730865479,261.834014893
2020-05-18,76.1725769043,174.938308716,8.69619750977,121.31300354,68.6061630249,211.167510986,76.8585281372,19.6025524139,34.7860031128,70.7236175537,125.918609619,147.69744873,261.995239258,102.553901672,276.796905518,99.1324386597,37.0187072754,49.9266815186,209.089660645,113.293457031,269.809417725
2020-05-19,75.732421875,173.727310181,8.75110626221,122.466499329,68.0722427368,214.822494507,75.3460006714,18.9870357513,33.7118873596,68.4846191406,124.663749695,146.519271851,258.146087646,99.9325637817,278.506561279,95.9164581299,36.6647453308,48.8770294189,202.911148071,110.888938904,267.03817749
2020-05-20,77.2052688599,176.137054443,8.91459083557,124.897003174,69.7938613892,227.788314819,77.6063079834,19.5854568481,34.8090209961,71.0675048828,123.542747498,143.181259155,257.199432373,103.151290894,278.762481689,96.6329879761,37.7760314941,49.3626213074,202.987792969,116.270019531,271.574584961
2020-05-21,76.6296691895,174.02142334,8.72104263306,122.336997986,69.6744995117,229.194839478,76.6206054688,19.5769062042,34.1875724792,70.3338928223,122.73134613,142.386398315,256.234954834,101.697967529,276.074584961,95.2169647217,37.1833496094,48.5377655029,205.280273438,114.243637085,269.699676514
2020-05-22,77.1230545044,174.097290039,8.970495224,121.84400177,69.9959335327,232.681442261,76.0257873535,19.3717384338,34.2182540894,68.9889678955,121.610931396,141.339233398,258.940948486,100.280273438,276.495147705,96.0529251099,37.0680999756,49.5873985291,206.132476807,114.427841187,270.21182251
2020-05-26,76.6006546021,172.256851196,8.66390037537,121.093002319,70.3986053467,229.997161865,81.4216003418,20.7566509247,35.2233161926,71.2967453003,121.77104187,138.347167969,263.361755371,104.684860229,278.661987305,95.5666885376,37.9406776428,49.6849441528,206.643768311,117.268676758,273.540985107
2020-05-27,76.934387207,172.484527588,8.4725856781,120.519500732,70.3446273804,226.966186523,86.1376342773,22.2099590302,35.4764938354,71.7552566528,122.049034119,136.233978271,271.292266846,109.151847839,279.768249512,97.1533889771,38.4675178528,51.1311149597,210.802612305,117.831008911,277.611083984
2020-05-28,76.9682693481,172.095535278,8.43457603455,120.055000305,70.2435836792,223.321090698,84.8545227051,21.2524833679,34.5558433533,69.4398269653,123.801109314,140.862319946,271.47088623,107.653953552,283.01373291,99.0044784546,38.7638587952,53.3003540039,208.910675049,113.196502686,277.098846436
2020-05-29,76.8932571411,173.850631714,8.82067584991,122.118499756,71.0003814697,222.954605103,82.6877212524,20.6198673248,34.8857498169,70.0740890503,125.300514221,143.012908936,272.256774902,107.110054016,282.017303467,98.885055542,38.4263572693,54.1909561157,211.757080078,113.729759216,278.333587646
2020-06-01,77.8388977051,173.452209473,8.75185012817,123.552001953,71.067237854,229.709899902,83.7838668823,21.038766861,35.5071983337,70.9070281982,123.986427307,142.545425415,273.221313477,107.439964294,281.85269165,100.019615173,38.6815414429,54.5086555481,210.742950439,115.155006409,279.458465576
2020-06-02,78.1992416382,175.425491333,8.77073574066,123.620498657,71.4357299805,230.51222229,84.0642852783,21.2353935242,36.2974357605,72.3589553833,124.879333496,143.86378479,273.560760498,109.954307556,280.755584717,100.71056366,38.6074638367,54.7112007141,215.361907959,115.135635376,281.77243042
2020-06-03,78.6297607422,175.852416992,8.71532821655,123.919998169,71.2841796875,227.976516724,88.601852417,22.2185096741,37.7781906128,74.26171875,125.216255188,142.620193481,272.703399658,113.315734863,280.344146729,101.111503601,39.4306488037,55.3465881348,215.181884766,118.461227417,285.522338867
2020-06-04,77.9525756836,173.537597656,8.71632671356,123.029998779,70.0484390259,224.143218994,90.4458084106,23.0535297394,37.6707725525,73.5739746094,123.5989151,140.918487549,266.210601807,114.983055115,284.101745605,98.9959564209,39.4471130371,53.7069511414,213.4243927,119.925270081,284.77243042
2020-06-05,80.1727371216,177.598022461,8.86894607544,124.150001526,71.3223114014,228.580703735,94.5160369873,24.1984577179,40.7243309021,77.0356445312,124.079101562,139.515945435,278.508392334,120.47542572,285.28112793,100.940879822,40.4102401733,54.2378578186,218.525314331,121.020881653,292.071014404
2020-06-08,80.6467819214,178.698577881,8.75460338593,126.20300293,71.719543457,229.204742432,96.4024200439,24.5686283112,41.9979286194,78.8925704956,123.632637024,139.515945435,276.391876221,122.793609619,280.847015381,101.555084229,41.0358505249,55.5384864807,220.128509521,123.405990601,295.601379395
2020-06-09,83.1934356689,180.064682007,8.99422359467,130.042999268,71.9196243286,236.405776978,93.9297103882,24.2931499481,41.0619087219,77.5858459473,122.95035553,139.441085815,276.150665283,119.646217346,279.347595215,100.949424744,40.336151123,55.1525611877,220.119934082,120.119178772,293.397216797
2020-06-10,85.3338012695,186.74357605,9.31313705444,132.372497559,72.5446853638,234.484176636,90.1228637695,22.8985786438,38.8599586487,74.5673828125,124.50025177,141.189620972,273.060546875,118.085884094,280.975067139,101.708625793,40.023349762,54.7517166138,218.139556885,118.461227417,291.760009766
2020-06-11,81.2368850708,176.715774536,8.74590682983,127.898002625,69.4342956543,222.300857544,82.6027297974,20.6001148224,35.4304656982,68.2935791016,118.662750244,134.719161987,253.394836426,108.376152039,275.032348633,99.1750946045,37.4879264832,52.9479141235,205.297225952,109.211601257,274.940368652
2020-06-12,81.9382476807,178.110351562,8.88137531281,127.250999451,69.9801025391,226.411514282,84.8630523682,21.3318347931,36.1900215149,70.6013641357,119.740966797,134.214279175,254.663116455,109.802757263,273.085083008,98.6291503906,37.8783416748,52.6451530457,207.852005005,111.974838257,278.233001709
2020-06-15,82.9515762329,179.248809814,9.12124443054,128.634002686,70.367401123,230.294342041,86.03565979,21.6503429413,36.167011261,69.7149505615,118.982833862,132.325515747,255.672271729,110.212898254,271.69543457,99.5419082642,38.4598045349,52.9990844727,206.917556763,113.516448975,280.830413818
2020-06-16,85.1499862671,183.641342163,9.01659679413,130.763504028,71.641784668,233.414428711,86.7239456177,22.209897995,36.980266571,71.8545913696,121.686798096,153.073867798,261.673797607,116.008415222,275.516967773,100.770271301,38.8502235413,52.9137954712,214.28175354,114.83505249,286.235778809
2020-06-17,85.0314788818,184.27696228,9.18313980103,132.048995972,71.9424133301,233.295578003,84.5316314697,21.5212192535,35.7757263184,69.9518432617,121.316162109,149.576873779,261.316650391,114.332176208,273.91696167,100.59967804,38.6923828125,53.0907592773,215.05329895,114.069107056,285.04675293
2020-06-18,85.0653457642,186.250320435,9.16524028778,132.699005127,71.0301055908,233.701675415,84.0727844238,21.5556564331,35.9982223511,70.2574920654,120.802322388,150.605407715,260.31628418,113.761520386,273.880523682,101.751296997,39.0329589844,53.0758323669,213.647338867,114.767204285,285.156616211
2020-06-19,84.5792160034,185.140274048,9.20824050903,133.75050354,70.5605697632,236.524642944,83.1125564575,21.7364330292,35.2770309448,69.2564163208,121.1561203,149.548797607,261.222259521,113.645622253,274.182189941,101.44418335,38.2272148132,51.6430282593,211.45262146,110.869544983,283.526855469
2020-06-22,86.7921218872,190.282272339,9.47222518921,135.690994263,71.8493041992,236.950561523,82.2118377686,21.1940994263,35.6146125793,69.9900360107,120.785469055,150.025634766,262.504821777,112.156616211,274.685058594,100.446105957,37.9946327209,52.6728553772,213.604446411,112.39176178,285.345855713
2020-06-23,88.6446914673,191.553543091,9.39591121674,138.220504761,72.5090179443,239.94190979,83.214553833,21.3404445648,35.8294296265,69.8754043579,120.339027405,148.98777771,266.92666626,112.566749573,275.452941895,100.42906189,37.9115638733,51.8562431335,214.59034729,113.041358948,286.659454346
2020-06-24,87.0799484253,187.69229126,9.18264198303,136.720001221,70.9597702026,231.799880981,80.4359130859,20.4968128204,34.1415328979,66.9715652466,117.778259277,146.827850342,259.374511719,108.830886841,272.463409424,99.3115615845,37.0892066956,51.5278930664,211.006790161,108.658950806,279.347137451
2020-06-25,88.2359542847,190.064071655,9.43568229675,137.729003906,71.3758010864,233.444091797,83.2400283813,21.2801799774,34.6555709839,68.1713027954,117.651885986,152.279083252,265.688842773,111.193664551,274.758117676,100.565536499,37.3217964172,50.9927139282,210.363861084,107.970550537,282.341827393
2020-06-26,85.5248336792,186.259750366,9.10260105133,134.643493652,67.4848327637,214.030075073,78.676940918,19.9286499023,33.4663696289,66.0698623657,116.085105896,152.251037598,257.311676025,109.12512207,271.128540039,98.2964401245,36.1920890808,50.3658638,206.617446899,105.779350281,275.635925293
2020-06-29,87.4959182739,188.261535645,9.14734268188,134.018997192,69.200012207,218.546829224,79.0253601074,20.1352539062,34.0034370422,66.9944992065,117.121208191,152.148208618,259.89465332,111.675140381,275.727203369,100.369361877,36.8483085632,50.7965660095,210.998245239,108.125679016,279.686950684
2020-06-30,88.2262954712,193.071472168,9.44338989258,137.940994263,70.2341537476,224.915847778,79.9260482788,20.4451599121,34.3103294373,68.1865921021,118.46056366,153.513290405,264.549804688,112.789680481,277.208343506,101.998664856,37.1141357422,51.2080726624,214.761795044,108.115989685,283.26965332
2020-07-01,88.0593948364,194.200454712,9.47545433044,143.934997559,71.4203872681,235.296386719,79.2462768555,20.0233421326,33.5354232788,66.9562835693,118.25,152.690490723,267.043334961,112.397369385,278.616271973,102.348419189,37.2304229736,52.5065574646,212.738586426,109.570343018,285.253936768
2020-07-02,88.0593948364,195.680374146,9.55723571777,144.51499939,72.8037261963,231.205551147,79.5037002563,20.0491695404,33.8193054199,67.4835510254,118.74697876,153.223449707,267.518615723,113.877441406,279.52142334,103.116172791,37.2802658081,52.5364074707,213.038635254,108.765594482,286.824798584
2020-07-06,90.4150314331,199.892669678,9.78293418884,152.852005005,74.2757034302,238.000518799,81.5114364624,20.3676834106,34.0571479797,67.6822280884,120.440071106,156.047241211,271.599700928,115.402114868,284.778198242,103.755950928,37.5709953308,52.6558036804,213.938812256,110.947113037,291.252563477
2020-07-07,90.1344985962,197.568389893,9.81524848938,150.005996704,73.793800354,238.574981689,79.2119445801,19.8081321716,33.1748275757,65.9552459717,120.330566406,155.916351318,266.074615479,113.41381073,289.111755371,104.259239197,37.5543823242,52.6046333313,212.052764893,110.171463013,288.248657227
2020-07-08,92.2337417603,201.913421631,10.1575260162,154.055496216,74.4713592529,241.269195557,80.0528030396,19.8856086731,33.098110199,65.9858169556,120.684387207,158.141738892,267.608306885,114.243026733,289.194122314,104.830764771,37.4380912781,54.0012016296,213.613037109,113.109237671,290.453369141
2020-07-09,92.6303482056,203.327026367,10.4488534927,159.131500244,75.2172546387,242.180480957,78.3196182251,19.6015300751,31.7324447632,63.2271499634,120.027351379,155.63583374,261.150360107,112.103118896,297.623443604,104.481025696,36.4745101929,53.7282791138,212.575668335,113.254676819,288.799865723
2020-07-10,92.792388916,202.710357666,10.4192667007,160,76.2251586914,242.74508667,82.6011276245,20.6775894165,32.7221717834,65.1299438477,119.926254272,152.746582031,261.213348389,114.136009216,298.254333496,105.683830261,37.5045433044,55.3508644104,214.41885376,115.70766449,291.748626709
2020-07-13,92.3643341064,196.448867798,9.99471378326,155.199996948,74.8987808228,236.732635498,83.7851791382,20.8239307404,32.7298469543,65.2598342896,122.318565369,151.54977417,268.81918335,116.418563843,295.228118896,105.820320129,37.5876083374,54.6344451904,213.998794556,112.682632446,289.222351074
2020-07-14,93.8927993774,197.663253784,10.3176059723,154.199996948,75.3262252808,237.455718994,84.2656707764,20.7808895111,33.811630249,67.5141220093,124.601364136,153.232772827,276.721191406,122.044670105,299.872558594,106.707481384,38.1026191711,55.979839325,221.002960205,115.048370361,292.970397949
2020-07-15,94.5385360718,197.369110107,10.168712616,150.443496704,75.1290893555,238.000518799,85.5698547363,21.1768798828,34.2412796021,67.9267883301,124.887763977,154.700820923,272.729858398,123.364295959,298.683990479,106.204177856,38.5428733826,55.2229194641,221.011505127,117.220191956,295.662017822
2020-07-16,93.3752441406,193.460418701,10.0767440796,149.994995117,75.0320358276,238.644363403,85.8100891113,20.6001148224,33.9727401733,67.5217437744,125.721694946,154.280029297,275.492340088,123.54258728,298.290802002,106.425971985,38.3352050781,57.2229003906,221.251556396,115.794929504,294.688262939
2020-07-17,93.1865844727,192.473800659,10.1431102753,148.098495483,75.1275939941,239.733901978,84.2227706909,19.988910675,33.3896446228,66.6277160645,125.805938721,155.17767334,274.936157227,122.976646423,296.937805176,107.168121338,38.891746521,58.7153930664,223.223342896,115.038665771,295.542633057
2020-07-20,95.1504058838,200.746536255,10.4505901337,159.841995239,77.4549713135,243.091751099,83.48487854,20.298822403,32.6070861816,65.1604995728,126.016487122,156.187545776,272.182678223,120.937522888,298.510284424,106.835441589,38.3102836609,58.491519928,223.043304443,114.204849243,297.931060791
2020-07-21,93.8371887207,198.042755127,10.2693815231,156.914505005,77.0626907349,239.456588745,85.2952880859,21.0219306946,34.2566261292,69.8371810913,126.134437561,154.560516357,273.662597656,122.05140686,299.634765625,106.690422058,39.2074127197,58.9179458618,224.972259521,115.009597778,298.564910889
2020-07-22,94.1007919312,200.888824463,10.3790035248,154.995498657,77.5049743652,237.594406128,84.6775360107,20.927236557,33.4587020874,69.5697402954,126.361877441,154.130447388,275.09765625,123.048500061,300.146759033,107.603172302,40.2706680298,59.7900085449,227.329818726,115.407104492,300.264373779
2020-07-23,89.8176651001,192.1512146,10.071770668,149.32749939,75.1226577759,230.3934021,84.9263381958,21.1252326965,33.5277519226,69.5468139648,126.024971008,151.026168823,271.743103027,122.70715332,298.14453125,108.299385071,40.1045188904,59.9072875977,226.163879395,114.524810791,296.681671143
2020-07-24,89.5951538086,190.974838257,10.1361503601,150.445495605,74.6996917725,228.521331787,84.3257446289,20.9616699219,33.3205947876,68.8743362427,124.769821167,149.174758911,269.78793335,123.587486267,297.842834473,108.127677917,40.2789649963,59.7537651062,227.44984436,114.030326843,294.770874023
2020-07-27,91.7185974121,193.394012451,10.3618507385,152.760498047,75.7506790161,231.284805298,83.1416854858,20.7808895111,33.811630249,69.5697402954,123.977973938,150.072402954,267.823577881,125.66254425,299.50680542,108.436714172,40.2706680298,59.1951255798,229.258712769,112.769889832,296.920562744
2020-07-28,90.2118759155,191.65788269,10.1570301056,150.016494751,74.4738311768,227.936904907,83.5020217896,20.9702758789,33.4126586914,68.0948944092,123.683181763,152.082687378,269.016479492,123.991752625,299.479278564,109.775856018,40.0214538574,59.7089958191,227.424118042,112.643844604,295.03729248
2020-07-29,91.9410858154,193.593276978,10.4055995941,151.676498413,75.4574813843,231.076812744,85.5269622803,21.7536468506,33.7809371948,68.8284912109,123.438873291,151.241195679,275.070800781,126.237472534,298.17199707,110.144989014,39.88854599,60.007484436,226.892593384,112.091201782,298.66595459
2020-07-30,93.0535964966,193.441482544,10.5532512665,152.593994141,76.1934661865,232.27532959,83.2446365356,21.3834877014,32.1237297058,65.9246749878,123.691589355,143.059692383,273.770233154,122.823959351,297.603881836,112.814689636,39.6144256592,60.1993789673,228.307128906,112.139686584,297.600311279
2020-07-31,102.795227051,194.494522095,10.5539970398,158.23399353,73.6962280273,251.263473511,82.9185791016,21.4179229736,32.2848472595,64.1441650391,122.781860352,140.525756836,271.572692871,119.365501404,298.254486084,112.557151794,39.2406311035,59.8497238159,227.604110718,113.380722046,299.952056885
2020-08-03,105.385437012,205.433151245,10.9472312927,155.594497681,73.4391784668,249.56968689,82.4552536011,21.5126113892,32.4152755737,64.8089675903,124.121185303,142.910064697,272.317138672,118.377365112,301.726867676,112.703109741,38.4598045349,59.1866188049,228.195632935,112.808677673,302.037384033
2020-08-04,106.08921814,202.349822998,11.1634893417,156.941497803,72.9706497192,247.459899902,81.9833602905,21.5298290253,33.3512916565,66.0927810669,124.011703491,144.789520264,273.115447998,118.143844604,311.319580078,114.84916687,38.7837562561,60.7771949768,229.644470215,113.720062256,303.20401001
2020-08-05,106.473754883,202.017837524,11.2221479416,160.251495361,73.2574081421,246.756668091,83.407661438,21.8569526672,33.6428375244,66.6353302002,125.005691528,144.312606812,280.263977051,121.242958069,311.484527588,114.548721313,39.2240257263,60.5064239502,229.310165405,123.725952148,305.087219238
2020-08-06,110.188537598,205.252868652,11.2706193924,161.25,74.5382232666,262.763336182,83.4333877563,21.925819397,33.4817085266,66.8416671753,124.289672852,142.947494507,281.690185547,120.721954346,314.544555664,113.922073364,39.4399871826,60.2995910645,230.930465698,126.838264465,307.126495361
2020-08-07,107.683303833,201.581375122,11.1353998184,158.373001099,74.2123184204,265.893341064,85.2695541382,22.4767589569,33.3282775879,66.3296585083,125.174125671,142.994232178,284.354034424,121.198043823,312.345794678,114.6431427,39.7057952881,61.3592758179,232.876541138,125.975326538,307.347045898
2020-08-10,109.24848175,197.568389893,11.1010961533,157.408004761,74.1355514526,260.504974365,86.3506393433,22.8641471863,34.1492195129,68.5686798096,124.693992615,143.059692383,286.210662842,127.575889587,311.512023926,115.11530304,39.6393508911,60.4765701294,235.525588989,124.870025635,308.265686035
2020-08-11,105.999443054,192.948104858,10.7878980637,154.033493042,73.3292236328,253.700149536,89.0791168213,23.1740531921,34.5021362305,68.4846191406,123.801109314,140.843643188,283.026519775,128.034088135,304.576263428,114.368461609,39.8137931824,59.2292442322,235.688476562,126.518318176,305.721008301
2020-08-12,109.522270203,198.460128784,11.3747701645,158.111999512,74.6516265869,257.424468994,88.3240814209,23.0104904175,34.4943008423,69.3252029419,126.06703186,142.638916016,289.053924561,128.070022583,308.543518066,116.28276825,40.2291107178,60.6791305542,241.398040771,127.778717041,309.983551025
2020-08-13,111.460548401,197.995285034,11.3775043488,158.050994873,75.1177062988,258.821014404,87.8350372314,22.6833724976,33.6493492126,68.6374588013,124.668739319,141.370498657,288.381195068,126.36328125,307.57232666,116.557449341,40.1875915527,60.6386032104,241.466629028,126.973999023,309.423126221
2020-08-14,111.361198425,198.1849823,11.4978122711,157.401000977,74.5223617554,258.761657715,87.8693237305,22.7866687775,33.7980079651,69.0424728394,124.870925903,141.022796631,290.336517334,125.725456238,308.103668213,115.973731995,40.2457313538,59.8070602417,240.515045166,126.55708313,309.432281494
2020-08-17,111.0704422,199.494216919,12.2663879395,159.120498657,75.0973968506,258.6824646,85.5527038574,22.2959804535,33.3598823547,69.3633956909,125.5026474,142.375823975,287.47543335,124.611534119,311.475341797,116.317062378,40.0463790894,60.3379859924,247.107635498,125.432388306,310.41519165
2020-08-18,111.995986938,200.642196655,12.1905736923,165.62449646,77.055770874,259.851226807,84.3600540161,21.9774684906,33.1955833435,67.9293289185,126.429229736,143.860366821,284.156677246,124.297149658,312.199188232,117.18409729,40.2208099365,60.3507575989,244.329971313,124.996086121,311.085845947
2020-08-19,112.136497498,199.424865723,12.0690231323,163.024002075,76.5025253296,260.098815918,84.5573959351,21.9516429901,32.82787323,66.9680938721,126.681968689,143.089935303,282.891967773,123.982757568,312.336547852,116.548866272,39.3486213684,60.1993789673,242.495391846,123.881080627,309.790679932
2020-08-20,114.624778748,204.06578064,12.0715112686,164.868499756,78.0696258545,266.457977295,83.5449447632,21.6073055267,32.3271636963,65.7433013916,127.549591064,142.197296143,281.035430908,123.497650146,312.309112549,117.475975037,39.3320045471,60.1503448486,240.626495361,124.220428467,310.755187988
2020-08-21,120.531669617,202.582214355,12.6109037399,164.235992432,78.035949707,264.476928711,83.5020217896,21.5040035248,32.0846443176,65.9526062012,128.678359985,140.242965698,281.761871338,124.351036072,315.735748291,117.982421875,39.273853302,60.2143249512,242.812637329,123.561134338,311.85748291
2020-08-24,121.973258972,203.219390869,12.6474456787,165.373001099,78.5104217529,268.815368652,85.8529891968,22.1152038574,33.0312957764,67.595993042,129.01751709,140.487243652,277.008056641,127.270492554,315.295928955,118.900970459,39.8470153809,60.2611961365,245.830291748,126.71219635,315.017669678
2020-08-25,120.972610474,205.863174438,12.677022934,167.324493408,79.53565979,278.156005859,86.2305297852,22.3820724487,31.9829235077,66.7665405273,128.941238403,140.637588501,280.039794922,126.794403076,315.827301025,119.373100281,39.7971839905,59.9797706604,245.298782349,125.83959198,316.119934082
2020-08-26,122.617744446,210.313812256,12.6998901367,172.092498779,81.4316253662,301.026885986,85.0207443237,22.0032958984,31.302274704,65.7200622559,129.144699097,140.242965698,276.990264893,127.405281067,315.424224854,118.797935486,40.0048484802,59.4872550964,250.271087646,128.156860352,319.289306641
2020-08-27,121.151916504,215.477798462,12.555970192,170,80.6584777832,290.438262939,87.8178405762,22.4251098633,31.0910434723,65.8208236694,129.721374512,139.970458984,279.546539307,128.788604736,317.339111328,118.643424988,40.0629882812,59.7615318298,247.442077637,129.659667969,319.98739624
2020-08-28,120.955680847,217.693634033,13.0724992752,170.089996338,81.1988143921,290.874084473,88.178237915,22.6403236389,31.8342781067,66.3789672852,130.281021118,138.438949585,281.968139648,129.022171021,319.180725098,119.124160767,41.3920555115,59.9051094055,245.435974121,131.414596558,322.054321289
2020-08-31,125.057518005,214.479248047,13.297949791,172.54800415,80.7085189819,290.418487549,85.964553833,22.1582508087,31.2475013733,65.0611343384,130.0859375,139.425537109,280.335693359,127.836448669,318.53012085,118.746429443,41.1428451538,59.8236846924,244.364318848,127.856285095,320.887695312
2020-09-01,130.038894653,216.133987427,13.7460069656,174.955993652,81.9739608765,292.637176514,85.9216156006,22.1324214935,30.8485031128,64.4022369385,128.483306885,138.40133667,280.586853027,131.196044922,321.938446045,118.617660522,40.802280426,59.3865280151,245.135864258,129.485168457,323.909973145
2020-09-02,127.344688416,220.299362183,14.268655777,176.572494507,85.0600967407,299.630249023,87.2172393799,22.3992900848,30.6607398987,64.4874954224,130.442108154,140.515472412,287.23324585,134.088562012,328.791687012,120.617805481,42.5217628479,61.7715988159,247.51449585,131.26914978,328.595092773
2020-09-03,117.149368286,206.652511597,12.9448757172,168.399993896,80.7075195312,288.358184814,86.9426651001,22.2432518005,30.5981521606,63.7820930481,126.812850952,140.017486572,283.636474609,131.833816528,319.116516113,118.686347961,41.9319877625,60.1279602051,236.681427002,129.18460083,317.286621094
2020-09-04,117.226898193,203.751968384,12.5540094376,164.731002808,78.3152770996,280.04776001,88.8217315674,23.0060825348,30.574678421,63.5107765198,125.998771667,141.793273926,279.842468262,133.109436035,317.531433105,118.428817749,42.3971633911,59.4272422791,232.398178101,127.972648621,314.696105957
2020-09-08,109.338119507,192.729904175,11.8483572006,157.492004395,75.4619216919,268.587554932,85.7328796387,22.0872192383,29.8705444336,61.2162475586,124.871009827,140.289962769,275.582061768,133.414840698,310.467468262,116.694801331,41.375453949,59.5536727905,232.053512573,130.115371704,306.09765625
2020-09-09,113.699249268,200.936935425,12.6460065842,163.430496216,76.6323013306,271.123260498,86.5480041504,22.1132278442,29.6906089783,62.0379104614,126.940032959,142.789245605,279.860412598,137.160766602,317.403198242,118.591911316,41.6910896301,60.5094146729,238.758377075,129.300949097,312.142303467
2020-09-10,109.987426758,195.307022095,12.2449445724,158.755493164,75.5832748413,265.546661377,85.655670166,21.7924938202,28.9473686218,60.5805702209,124.574226379,137.386627197,273.205230713,134.61857605,311.081451416,117.347213745,41.5332679749,59.3393821716,235.018157959,129.165206909,306.722381592
2020-09-11,108.543426514,194.032745361,12.0984926224,155.811004639,75.0736312866,264.080718994,86.7196121216,22.1045589447,28.8691253662,60.2240028381,125.311943054,139.143661499,271.521026611,138.184799194,310.714935303,118.583343506,42.4137763977,59.6050949097,238.146484375,127.739944458,306.878509521
2020-09-14,111.799736023,195.345108032,12.8024015427,155.148498535,74.7303695679,263.62512207,87.9208221436,22.3212718964,28.6813621521,59.9139099121,125.795303345,139.998657227,277.906402588,137.897369385,314.187316895,119.003974915,42.4640235901,60.4129829407,241.869613647,127.255172729,310.920562744
2020-09-15,111.974197388,198.549957275,12.9205083847,157.806503296,76.0325012207,269.835632324,85.1837387085,21.9138526917,28.376241684,59.1852455139,126.253211975,141.013412476,276.699554443,133.486740112,315.094268799,119.003974915,42.7487182617,63.3659095764,246.118331909,127.245475769,312.491394043
2020-09-16,108.669403076,195.002731323,12.446595192,153.904998779,74.8918533325,261.019989014,85.5440979004,22.1912441254,29.5810813904,60.8983917236,125.83770752,141.840270996,276.060058594,135.741424561,314.92956543,118.205657959,42.5310173035,60.0765419006,242.71421814,128.069595337,311.251251221
2020-09-17,106.934669495,192.96762085,12.3958740234,150.43649292,73.6511535645,252.402572632,84.5659713745,21.9745330811,29.5732536316,61.0767097473,124.794692993,143.259033203,274.673248291,138.220718384,310.485900879,118.051094055,42.330039978,59.8986740112,241.274963379,126.256523132,308.513702393
2020-09-18,103.542686462,190.571044922,12.1231098175,147.745498657,71.8705978394,250.134277344,84.3858032227,21.8531742096,29.0960063934,60.6270866394,126.499069214,144.856338501,277.411132812,136.891265869,307.810455322,117.922363281,42.2462882996,59.3415336609,237.164031982,124.714912415,304.961883545
2020-09-21,106.682701111,192.615707397,12.4493312836,148.023498535,70.8329849243,245.795837402,81.7774353027,21.2117061615,28.5014152527,59.1465034485,123.039413452,142.046981812,269.458526611,130.54927063,311.118041992,117.355796814,41.1074562073,59.1872406006,234.716537476,121.592926025,301.567810059
2020-09-22,108.359283447,197.256591797,12.5691728592,156.449493408,72.3030014038,252.333221436,80.8851013184,20.7522773743,27.7972984314,58.5496101379,122.284736633,140.806716919,265.01852417,132.184204102,315.589233398,118.428817749,41.5847625732,59.5858230591,235.543838501,123.338142395,304.639099121
2020-09-23,103.814048767,190.761260986,12.057967186,149.992996216,69.8052444458,246.657592773,79.5723266602,20.1628227234,26.9053993225,55.7744522095,122.479774475,140.759765625,263.109069824,129.695907593,315.75402832,117.012435913,40.3705406189,58.5679359436,229.717941284,119.527755737,297.574249268
2020-09-24,104.880111694,193.233901978,12.28099823,150.989501953,70.4723968506,247.162734985,79.5037002563,20.2321720123,26.8506336212,55.6581687927,122.674758911,139.820114136,263.577484131,130.378616333,317.925537109,117.536064148,40.7808647156,59.4743919373,228.985397339,118.761795044,298.367401123
2020-09-25,108.814796448,197.637008667,12.8038930893,154.756500244,71.274772644,252.402572632,80.198677063,20.3621959686,27.1009883881,55.6814231873,123.514266968,141.182556152,272.439575195,131.070297241,313.875793457,118.136947632,40.7976074219,60.3915596008,231.441589355,120.225837708,303.191040039
2020-09-28,111.412078857,199.177627563,12.9642705917,158.70249939,72.2455368042,254.383605957,82.5067367554,20.8823070526,27.6251792908,57.3093223572,124.743789673,139.153060913,273.097106934,132.660308838,320.325897217,118.471740723,41.2665405273,60.8887138367,234.699279785,122.155273438,308.226867676
2020-09-29,110.56892395,197.104492188,13.1539850235,157.244003296,72.6100540161,259.306396484,81.8117446899,20.6049213409,26.8193454742,55.7357025146,124.701408386,137.424224854,273.92565918,132.417770386,322.634796143,117.827919006,40.9650802612,60.670135498,234.509613037,121.583221436,306.548309326
2020-09-30,112.235855103,200.024017334,13.4570817947,157.43649292,72.5892562866,259.415405273,82.6011276245,20.8823070526,26.8584651947,55.8132133484,126.244667053,139.077941895,280.788482666,133.980773926,325.255157471,119.31300354,41.3419075012,59.4786682129,239.335800171,120.303405762,308.872558594
2020-10-01,113.185600281,202.049697876,13.5406255722,161.06300354,73.6937484741,264.100524902,83.2017440796,20.8909778595,25.919626236,54.5884246826,124.921882629,135.573196411,281.959259033,131.788925171,328.425262451,119.527603149,41.1828041077,60.5929870605,239.258270264,119.55683136,310.855438232
2020-10-02,109.531959534,196.086868286,12.9913740158,156.25,72.0939788818,257.473999023,83.9911193848,20.9863300323,25.8022727966,55.1853065491,124.006111145,136.437637329,280.977630615,134.690429688,325.264312744,118.566184998,41.3335418701,60.2522697449,240.714782715,118.819969177,307.904083252
2020-10-05,112.904571533,200.071563721,13.5684738159,159.960006714,73.4426422119,262.139282227,85.7663650513,21.3417320251,26.3968696594,56.3558387756,125.693534851,137.771835327,286.534423828,137.87940979,328.535217285,119.6563797,41.3502922058,61.6965904236,243.119262695,119.615013123,313.364135742
2020-10-06,109.667625427,195.820632935,13.6619653702,154.998001099,71.8671264648,256.20614624,84.88306427,21.1250209808,26.1230449677,56.0457611084,124.023033142,135.42288208,283.202087402,136.11869812,328.324493408,119.845230103,40.981842041,62.2044563293,238.267150879,117.249282837,308.909332275
2020-10-07,111.528381348,199.548522949,13.8882312775,159.784500122,72.269317627,255.671264648,86.3638916016,21.567117691,26.2091026306,57.1930389404,125.396751404,139.961105347,291.055603027,139.029220581,332.603240967,120.780921936,41.5010185242,63.6702232361,243.713912964,119.169021606,314.286499023
2020-10-08,111.421783447,200.261795044,13.7636594772,159.527496338,73.4723510742,261.257751465,88.1391372681,21.8791751862,27.5860557556,58.3093032837,126.253211975,144.226806641,290.371154785,140.726989746,334.499755859,121.596427917,42.2546730042,64.5102386475,245.204818726,119.343521118,317.071899414
2020-10-09,113.360061646,205.235488892,13.6880702972,164.332504272,74.8106384277,261.941192627,87.6368789673,21.9832019806,27.1792297363,57.3635673523,128.016921997,147.402648926,295.261535645,142.775100708,338.503540039,122.686637878,42.5477523804,64.9109573364,246.411346436,121.176010132,319.90335083
2020-10-12,120.560752869,210.551605225,14.148809433,172.146499634,77.4920959473,273.133972168,88.71068573,22.2605934143,27.0931739807,57.7589149475,128.754699707,145.156997681,297.17980957,146.071838379,344.93536377,124.034362793,42.7822265625,65.5023956299,247.264602661,121.166320801,325.04977417
2020-10-13,117.362571716,211.940063477,14.1709384918,172.181503296,77.6149520874,273.520294189,87.2731704712,21.6277942657,26.7723960876,56.8984603882,125.803764343,141.013412476,298.485839844,145.631668091,348.783447266,123.793991089,42.0536994934,64.6023788452,250.237869263,125.034873962,322.928436279
2020-10-14,117.449821472,210.038085938,14.0187673569,168.185501099,77.4351501465,269.24130249,86.7882232666,20.4748954773,26.7176322937,56.5496368408,125.583282471,139.49130249,289.866821289,146.970153809,346.63961792,123.648094177,41.9699516296,64.4245223999,247.419799805,122.736999512,320.899383545
2020-10-15,116.98462677,208.896865845,13.8941965103,166.932495117,77.0404052734,264.189727783,88.0871734619,20.9343204498,26.9523448944,56.9837341309,124.811660767,137.912780762,292.316467285,148.254669189,345.027008057,123.467765808,41.8610992432,63.9573669434,247.807495117,123.483573914,320.502807617
2020-10-16,115.34677124,208.896865845,13.7365570068,163.635498047,77.6461486816,263.407165527,87.9053268433,21.0123348236,26.6785144806,56.5031166077,125.583282471,137.292633057,297.116882324,151.587341309,349.571411133,123.948524475,41.8945884705,65.4873962402,247.910919189,122.950302124,320.309173584
2020-10-19,112.400604248,203.723434448,13.4245100021,160.36050415,75.7764358521,258.920135498,86.4244995117,20.5615711212,26.1465110779,55.2550888062,122.378013611,134.173248291,292.001342773,150.491439819,344.092437744,121.819625854,41.5512695312,64.1909179688,244.524047852,120.44883728,315.439300537
2020-10-20,113.883392334,204.132324219,13.5714569092,160.850494385,76.8229827881,265.02166748,86.9181213379,20.9256439209,26.3655776978,55.5651550293,122.573020935,134.915496826,291.271728516,151.802978516,346.612060547,122.308914185,42.0788154602,64.4995117188,246.514785767,121.146911621,316.702819824
2020-10-21,113.263114929,204.274978638,13.4513626099,159.246994019,78.5520248413,276.085754395,86.0521316528,20.8476295471,25.9430980682,54.93724823,122.047317505,132.773239136,290.713439941,150.374679565,346.163146973,122.969932556,41.8610992432,63.7902183533,245.196182251,122.775787354,316.103424072
2020-10-22,112.177696228,204.360610962,13.2885007858,158.820007324,79.5757827759,275.481536865,89.0916976929,21.5584373474,27.2731132507,56.8984603882,123.022445679,133.092697144,293.361206055,152.404830933,344.266540527,122.098930359,42.4388999939,64.7737960815,242.309143066,123.677474976,317.837310791
2020-10-23,111.489616394,205.634933472,13.5165090561,160.220001221,80.8793869019,282.088256836,89.8970718384,21.5844497681,26.7254600525,56.2550621033,123.158149719,133.778625488,297.747253418,152.368667603,343.212982178,122.90171814,42.3049087524,64.9452438354,243.894866943,124.44342804,318.916473389
2020-10-26,111.499298096,199.7862854,13.069943428,160.352005005,78.4678192139,274.481079102,87.6715240479,21.2723865509,26.0917453766,54.9915084839,122.081192017,133.139663696,290.956451416,147.497283936,339.648773193,121.969459534,41.7019958496,64.8552398682,237.896636963,120.284004211,313.022857666
2020-10-27,113.001480103,202.800933838,13.3240585327,164.316497803,79.1904525757,280.602478027,86.0175018311,20.6742706299,25.6770973206,53.8829956055,121.385864258,123.931678772,288.660003662,142.716247559,341.490447998,122.88445282,41.785736084,64.955947876,238.586044312,119.55683136,311.943756104
2020-10-28,107.7681427,192.748855591,12.5584840775,158.139007568,74.8279647827,265.13067627,83.6014099121,20.344865799,24.6991443634,51.8442611694,117.324134827,123.377334595,277.393035889,136.615737915,334.380645752,118.827453613,40.161190033,63.8244819641,232.449920654,114.864151001,301.281829834
2020-10-29,111.760986328,194.688873291,12.9533319473,160.550506592,77.1102371216,278.165802002,84.1469802856,20.4055423737,25.7944488525,53.3326377869,116.33203125,124.542472839,273.502380371,139.788024902,334.931335449,118.749763489,40.2114448547,63.438785553,232.372329712,117.840705872,304.343933105
2020-10-30,105.500343323,192.54914856,12.4659910202,151.807495117,80.0438079834,260.613922119,84.9003829956,20.5442428589,25.5206184387,53.8752479553,116.264190674,122.578720093,274.817321777,141.93901062,328.285308838,118.344032288,40.2449455261,62.7530403137,229.855865479,117.559532166,301.171203613
2020-11-02,105.413124084,192.416000366,12.5124855042,150.223999023,80.4504699707,258.880523682,86.8141937256,20.8736419678,26.592458725,55.929485321,117.603965759,123.678009033,281.085693359,147.560577393,334.499938965,119.552528381,40.7138748169,64.3987960815,233.32901001,116.473625183,304.546783447
2020-11-03,107.031585693,196.315063477,12.9488544464,152.420501709,81.5074081421,262.783111572,89.5506820679,21.4024162292,26.1386909485,55.6116600037,117.442848206,123.067298889,289.416442871,151.555267334,341.449035645,121.900413513,41.3251571655,65.1616821289,239.042816162,120.245231628,309.923950195
2020-11-04,111.402389526,205.787094116,13.7193984985,162.057998657,86.4696884155,284.653656006,86.8141937256,20.5268974304,25.9978637695,55.6349182129,118.20602417,139.613464355,319.326293945,140.294113159,345.313690186,121.399765015,41.1744346619,62.847328186,243.653533936,121.263267517,316.850524902
2020-11-05,115.356452942,212.348999023,14.0831661224,166.100006104,87.2943267822,291.884368896,90.3646850586,21.3330669403,25.9509181976,55.9217338562,118.511291504,136.728942871,319.182189941,147.397842407,353.630584717,122.90171814,41.4005279541,64.0730667114,246.351104736,123.095733643,323.029937744
2020-11-06,115.225410461,212.757904053,14.4829845428,165.568496704,87.1571350098,290.626464844,89.160987854,21.073015213,25.6457996368,55.1543121338,120.622718811,134.116851807,312.931854248,145.771057129,354.025299072,123.635452271,41.408908844,64.9045333862,244.963531494,123.58052063,322.95614624
2020-11-09,112.924606323,207.689102173,13.5567884445,157.18699646,87.2408447266,276.125396729,101.232727051,24.0636310577,28.8925914764,61.5495605469,123.870407104,133.7315979,315.219360352,154.384140015,335.059906006,119.112304688,44.0215568542,64.7245178223,232.665390015,138.25,327.014343262
2020-11-10,112.584823608,200.670700073,12.7007083893,151.75100708,86.0670089722,269.845489502,100.903625488,23.9769420624,29.5335922241,64.3945007324,125.735923767,137.706100464,318.542694092,155.721725464,336.547088623,121.071769714,45.2022819519,65.1359710693,237.49156189,137.784637451,326.534729004
2020-11-11,116.002075195,205.939239502,13.3451919556,156.869506836,86.5380325317,273.857055664,99.3968429565,23.6995544434,29.2291202545,63.9216194153,125.328918457,136.014831543,316.750488281,153.154937744,342.330352783,122.634124756,44.8673324585,66.4645690918,239.370285034,133.625198364,328.960479736
2020-11-12,115.730232239,204.883621216,13.383731842,155.514007568,86.3196182251,272.470336914,98.175819397,23.1361045837,28.2275772095,62.5340538025,125.752891541,133.19102478,319.191223145,152.856765747,344.891418457,122.703163147,44.390007019,65.7188186646,238.068954468,131.395202637,325.769134521
2020-11-13,115.778770447,205.901199341,13.2248477936,156.440505981,87.7777252197,274.322662354,98.7906646729,23.4048271179,28.9086303711,64.3634643555,127.10962677,134.466003418,320.325958252,155.188491821,347.76473999,124.541786194,44.7584571838,66.1645431519,238.870437622,134.148757935,330.279327393
2020-11-16,116.788414001,206.5859375,13.4419155121,156.552993774,87.8653945923,276.31362915,101.579109192,23.9075927734,30.5752048492,68.960319519,127.91519165,132.775482178,321.361694336,156.526077271,348.636779785,122.944862366,45.0934181213,66.6445846558,240.938842773,140.266708374,334.402069092
2020-11-17,115.904975891,203.951644897,13.3494195938,156.783004761,87.2527236938,272.391113281,100.548591614,23.8815937042,30.9838237762,68.4647750854,126.643226624,133.351608276,317.110809326,155.369247437,350.592041016,122.470123291,44.9510650635,65.6673965454,234.819900513,140.101882935,332.603515625
2020-11-18,114.584686279,201.262817383,13.3558826447,155.272994995,86.2116317749,269.389892578,99.803855896,23.3874874115,29.8140201569,66.2937850952,124.964271545,132.378814697,310.274932861,156.119384766,350.876556396,120.588371277,44.0550498962,64.964515686,232.544677734,139.52015686,328.600646973
2020-11-19,115.176872253,202.540496826,13.3673219681,155.850997925,87.0996856689,270.350646973,100.072319031,23.3874874115,29.9662513733,67.4343338013,124.769248962,135.438690186,303.511230469,156.263961792,352.079193115,120.441589355,44.4904975891,64.3987960815,233.492706299,137.406509399,329.984191895
2020-11-20,113.914810181,200.604904175,13.0167331696,154.970001221,86.0006408691,267.141418457,99.2149734497,23.2401371002,29.5976924896,67.4815139771,124.10786438,137.403106689,301.439819336,155.658447266,349.85760498,120.243095398,44.1052970886,64.7588195801,232.527435303,136.776275635,327.724487305
2020-11-23,110.526687622,200.337921143,13.0687007904,154.919494629,85.5637893677,265.883483887,102.072723389,23.742893219,31.5366821289,71.6032714844,122.844146729,135.410400391,301.764068604,157.963104248,350.399261475,119.776939392,44.1136817932,63.9187698364,233.897781372,141.536834717,329.689025879
2020-11-24,111.808151245,203.913497925,12.8874397278,155.902999878,87.3636703491,274.29296875,106.792289734,25.1211795807,33.635925293,75.213722229,122.844146729,136.845932007,302.619720459,159.879104614,352.703338623,119.388504028,44.5658569336,64.2702255249,235.543838501,146.879119873,335.001525879
2020-11-25,112.643066406,203.923034668,13.1629362106,159.253494263,87.3750686646,272.975494385,105.675163269,25.1645240784,32.698474884,72.4763793945,122.681892395,136.704238892,300.079925537,157.827529907,355.943847656,119.70791626,44.3230171204,65.4242172241,236.103988647,144.5521698,334.485015869
2020-11-27,113.186721802,205.219802856,13.1892900467,159.766998291,88.5087814331,275.174438477,104.973747253,25.1298522949,32.2017059326,71.8235092163,122.955101013,139.2447052,304.357879639,158.234222412,356.53125,119.647491455,44.1304168701,64.7008209229,237.853530884,142.65184021,335.416625977
2020-11-30,115.574913025,204.113739014,13.3287820816,158.401992798,86.8931350708,274.342407227,102.081367493,24.410369873,30.5511627197,68.5749053955,123.535751343,137.554229736,302.9168396,156.887588501,359.634002686,119.871902466,43.5480995178,63.3745880127,239.077301025,143.505050659,333.931610107
2020-12-01,119.137763977,206.15423584,13.3173437119,161.003997803,88.9218521118,283.831542969,103.692070007,24.8698005676,30.8476142883,68.7872543335,125.900947571,137.469192505,307.284881592,156.58934021,365.088317871,120.303512573,43.9194374084,63.8568534851,238.379272461,144.89151001,337.583984375
2020-12-02,119.48727417,205.353271484,13.4710054398,160.176498413,90.388381958,284.792358398,105.683822632,25.190530777,32.0013999939,70.6908111572,126.490074158,137.091461182,313.021881104,157.140640259,361.263824463,119.431694031,43.9785118103,63.9946670532,234.913192749,148.934570312,338.294158936
2020-12-03,119.351356506,204.27583313,13.3272485733,159.336502075,90.2333679199,279.176177979,104.991043091,25.2166957855,32.2177314758,70.6357421875,127.224411011,136.099807739,314.030639648,157.827529907,352.361663818,118.551223755,44.5439529419,63.1679039001,232.348251343,148.575881958,338.202026367
2020-12-04,118.681503296,204.39024353,13.4886665344,158.128997803,90.3284606934,277.046539307,105.943634033,25.5481548309,33.3955421448,73.3730926514,128.308807373,140.198577881,316.254119873,164.678161621,351.777587891,118.66343689,45.4469909668,62.4531211853,228.752197266,149.448471069,341.116516113
2020-12-07,120.137718201,204.323501587,13.5369148254,157.899993896,89.9951324463,282.870727539,105.545265198,25.3737010956,32.7705955505,71.39087677,127.198768616,139.225830078,314.419189453,161.514953613,351.683410645,118.844688416,44.7211990356,63.0990104675,227.582427979,149.002456665,340.415466309
2020-12-08,120.749313354,205.963485718,13.2814846039,158.864501953,89.7128219604,280.711456299,105.649200439,25.2341403961,33.8442382812,72.0044250488,129.401733398,141.001327515,314.419189453,161.632446289,355.705810547,119.164085388,44.8815422058,63.4520835876,226.785186768,149.041244507,341.411590576
2020-12-09,118.225234985,201.94934082,12.8643846512,155.210006714,88.0550994873,275.283416748,104.826522827,25.1207466125,34.2929420471,71.139175415,130.725204468,149.217773438,311.300964355,162.744094849,352.587799072,117.748466492,45.0081367493,63.4435005188,230.129959106,149.729614258,338.349456787
2020-12-10,119.642601013,200.728866577,12.905673027,155.074493408,87.549407959,274.491027832,104.151054382,25.3911457062,35.2624320984,73.4281539917,129.999420166,152.051010132,306.998443604,161.641494751,351.174743652,116.971565247,44.7718391418,63.1076126099,229.462738037,149.981735229,338.238861084
2020-12-11,118.836830139,203.341415405,12.9464626312,155.820999146,87.9035339355,270.954864502,103.536216736,24.9201316833,35.0941696167,72.7202148438,130.597167969,151.144363403,304.666534424,162.039138794,353.350769043,117.834754944,45.02501297,63.5554389954,229.237457275,170.371643066,337.842193604
2020-12-14,118.225234985,204.237670898,13.240445137,157.848495483,86.7871398926,271.588806152,102.445083618,24.6148452759,33.8282165527,70.3525772095,127.284187317,149.132766724,303.816894531,160.918487549,352.672546387,117.265075684,44.9575080872,63.3401603699,230.129959106,164.14704895,336.329620361
2020-12-15,124.147163391,204.170928955,13.2919273376,158.255996704,87.2239990234,272.935852051,104.194366455,24.9811859131,34.4852256775,70.2975234985,128.564956665,158.123580933,307.01663208,164.253417969,350.317565918,117.955604553,45.4385566711,64.5113525391,232.209640503,168.645828247,340.876556396
2020-12-16,124.079200745,209.081436157,13.174536705,162.04800415,87.0313262939,273.05480957,104.497451782,25.0509662628,35.0140533447,69.7626342773,127.796455383,162.486816406,306.718292236,162.228942871,348.018981934,118.490821838,44.7802734375,64.106590271,233.604690552,167.850799561,341.411590576
2020-12-17,124.943229675,209.214904785,13.2727794647,161.804000854,86.2051849365,271.876037598,103.631469727,25.1469135284,34.8377685547,69.542388916,131.169219971,163.034576416,308.824371338,161.93069458,348.819702148,119.336738586,44.9575080872,64.6405181885,237.400054932,168.267700195,343.320709229
2020-12-18,122.962783813,208.423522949,13.2038869858,160.082504272,85.497428894,273.777862549,103.120559692,25.0073566437,34.2368507385,68.5827789307,131.929122925,161.872909546,305.850616455,163.548461914,345.720489502,120.018638611,45.3541603088,64.1668930054,234.349960327,167.627792358,341.949890137
2020-12-21,124.486953735,212.237457275,13.2638254166,160.309005737,85.9104919434,270.202087402,106.991455078,25.9406604767,33.6118812561,67.7174987793,130.65687561,159.398574829,303.771697998,162.825393677,343.808135986,118.706588745,44.569278717,64.0721511841,234.817825317,165.494735718,340.727233887
2020-12-22,128.030410767,213.524703979,13.210103035,160.326004028,85.2002639771,264.556121826,105.363418579,25.4783706665,33.0430107117,66.3567047119,130.400741577,157.453094482,302.804534912,159.589889526,341.038635254,117.869300842,44.5270805359,64.3391342163,233.994659424,165.262023926,340.152954102
2020-12-23,127.137268066,210.740493774,12.942481041,159.263504028,85.5969848633,265.566467285,108.30771637,26.2110614777,33.4676589966,67.4028625488,129.734741211,156.281997681,305.136505127,161.252822876,340.906799316,117.688018799,44.7971420288,64.0118713379,233.795288086,168.267700195,340.458648682
2020-12-24,128.117782593,212.390090942,12.9270629883,158.634506226,85.8906784058,264.863250732,107.831443787,26.1325550079,33.3314476013,67.1197052002,130.187301636,157.396408081,308.028991699,162.283111572,343.440765381,118.879219055,45.1009712219,64.5716400146,234.75718689,168.442214966,341.78326416
2020-12-28,132.699996948,214.497299194,12.8337907791,164.197998047,87.8619384766,274.372161865,108.541572571,26.2808361053,33.4436225891,66.7814712524,130.802032471,157.245300293,312.692810059,161.207626343,349.545043945,119.70791626,45.7086181641,65.0108261108,233.310119629,173.416061401,344.719360352
2020-12-29,130.933105469,213.724914551,12.8768215179,166.100006104,87.0595703125,274.15423584,108.25579834,26.1761722565,33.0670509338,66.5533752441,131.613235474,157.320831299,313.958312988,159.653121948,351.108795166,119.483474731,45.6833076477,64.8730545044,230.658554077,171.903549194,344.061798096
2020-12-30,129.816665649,211.369796753,13.0782814026,164.292495728,85.9941940308,269.290802002,108.558891296,26.1499996185,33.3314476013,67.1197052002,133.24407959,157.726959229,311.82510376,162.716995239,352.738555908,118.922409058,45.9449234009,65.3725357056,229.852661133,175.655761719,344.552581787
2020-12-31,128.816726685,212.075393677,12.9879970551,162.846496582,86.8059921265,270.56854248,110.03968811,26.4378433228,33.0269775391,66.4275054932,134.379730225,159.45526123,316.968170166,164.506454468,354.933380127,120.104995728,46.2825126648,66.4404067993,230.164627075,175.66545105,346.303222656
2021-01-04,125.632522583,207.565368652,13.0461978912,159.331497192,85.492980957,266.38861084,109.000534058,26.1936168671,33.2513313293,66.6320343018,133.628356934,156.300888062,315.901489258,164.623931885,358.108001709,118.965568542,44.5270805359,63.9171409607,228.691604614,172.271972656,341.5887146
2021-01-05,127.185806274,207.765625,13.3359518051,160.925506592,86.1824188232,268.399353027,109.593635559,26.3942298889,34.8537940979,68.4333190918,135.199401855,157.075302124,311.65335083,165.970611572,353.953674316,119.72518158,44.0375823975,64.3907852173,230.537231445,173.008865356,343.941314697
2021-01-06,122.904510498,202.378387451,12.5497608185,156.919006348,85.3320083618,260.812042236,114.739707947,28.0427818298,35.7431755066,70.6357421875,136.471664429,155.186447144,324.732391357,175.207260132,348.565307617,120.985435486,42.6366157532,67.5427322388,231.854370117,173.668151855,345.997650146
2021-01-07,127.098381042,208.137451172,13.2755146027,158.108001709,87.8807449341,266.190490723,118.507652283,28.6620788574,36.0236091614,70.9661178589,136.932723999,156.612533569,329.938598633,175.541656494,346.587219238,119.854644775,42.1640014648,68.2833633423,230.719223022,173.144577026,351.138275146
2021-01-08,128.195404053,209.405593872,13.2086086273,159.134994507,89.0441818237,265.031585693,118.638496399,28.3742313385,36.4242210388,71.6425933838,136.650939941,157.160308838,328.456359863,175.568756104,348.489990234,119.802833557,43.1092453003,69.8679351807,233.171478271,173.251251221,353.138916016
2021-01-11,125.215042114,207.374694824,13.5515909195,155.710494995,86.9867553711,254.403366089,120.409088135,28.8452472687,37.5299377441,72.0516204834,136.078872681,175.604736328,326.070098877,175.207260132,342.903869629,118.991447449,42.3665542603,68.627822876,235.025848389,173.639068604,350.758575439
2021-01-12,125.040313721,204.933746338,13.4155426025,156.041503906,86.0526504517,248.707977295,122.301795959,29.3598766327,38.3632240295,73.4202804565,135.020065308,168.86164856,323.015075684,178.533157349,343.082824707,118.300888062,42.2906036377,68.679473877,239.445022583,170.63343811,350.832672119
2021-01-13,127.069290161,206.278182983,13.4622974396,158.294494629,86.5390319824,249.252716064,122.415161133,29.1854248047,38.795879364,73.3494796753,134.815185547,175.189193726,320.909088135,177.041931152,345.673339844,118.482139587,42.3327903748,70.4793701172,237.469451904,170.759460449,351.777404785
2021-01-14,125.147102356,203.112579346,13.1325035095,156.373504639,85.7302093506,243.309646606,123.130386353,29.6477165222,40.3102302551,75.1114578247,137.171829224,176.313049316,316.832550049,178.406616211,341.340087891,117.221870422,41.5479240417,71.0735931396,232.521530151,168.151321411,350.545379639
2021-01-15,123.428741455,202.759765625,12.7935028076,155.212493896,85.5667648315,248.975402832,120.923683167,28.7929115295,38.3712272644,72.4370498657,136.872955322,180.166290283,317.528533936,175.894119263,341.16104126,116.341438293,41.1006240845,70.6515960693,238.803741455,166.221908569,347.989044189
2021-01-19,124.098617554,206.373519897,12.9584007263,156.037994385,88.3824691772,258.622955322,120.400352478,28.5835781097,39.1324119568,74.3406143188,138.990509033,187.44770813,318.333007812,176.321136475,333.91696167,115.322845459,40.9402732849,71.3147125244,236.724227905,167.016937256,350.721405029
2021-01-20,128.176010132,213.906051636,13.2971563339,163.169006348,93.1174240112,264.942474365,118.594871521,28.2085113525,39.685256958,75.0249176025,138.648986816,190.07321167,317.112792969,174.758377075,340.350982666,113.881324768,41.0837402344,72.3825912476,237.685958862,168.354949951,355.574951172
2021-01-21,132.874771118,214.506759644,13.7963266373,165.349502563,93.3194961548,270.281341553,117.600563049,27.7113304138,38.5475120544,72.374130249,138.093978882,191.102645874,320.87286377,174.622085571,341.763946533,113.769309998,41.3116073608,72.0897750854,241.801971436,166.066772461,355.899108887
2021-01-22,135.010498047,215.441223145,13.6421232224,164.611495972,93.736038208,271.895874023,116.693443298,27.5194358826,38.0026550293,72.1538696289,139.648025513,194.681976318,314.138977051,174.394989014,341.292999268,112.892227173,40.9233856201,72.5203857422,246.091247559,167.521102905,354.639434814
2021-01-25,138.74810791,218.854736328,13.5831775665,164.699996948,93.8212203979,275.372589111,115.236862183,27.1792564392,37.5780029297,71.5009994507,141.722824097,200.54675293,314.374053955,170.215438843,340.897247314,114.837432861,41.1681365967,74.8111190796,247.027053833,166.658233643,356.03805542
2021-01-26,138.981155396,221.524490356,13.3662996292,166.306503296,94.4982681274,279.374206543,114.765853882,26.987361908,36.7527313232,70.2896575928,145.565216064,200.896209717,310.125793457,170.097290039,343.817596436,115.575592041,41.5985565186,73.3987960815,244.878097534,164.399124146,355.48236084
2021-01-27,137.913269043,222.067993164,12.8514537811,161.628997803,90.0897445679,269.558288574,111.521217346,26.0191631317,36.3360862732,69.377204895,143.345214844,196.032455444,300.978759766,164.118789673,335.725616455,111.485420227,40.9571418762,69.0584259033,237.469451904,158.067886353,346.794158936
2021-01-28,133.088272095,227.817550659,12.9840154648,161.880996704,91.7865905762,262.485992432,113.483695984,26.4465637207,36.9049682617,70.0222320557,144.438095093,198.440704346,305.642700195,167.489654541,336.356811523,113.204864502,41.4803962708,71.0133132935,240.935440063,166.648529053,349.776611328
2021-01-29,128.108062744,221.171737671,12.9230833054,160.309997559,90.5067596436,255.87928772,112.227714539,25.862165451,35.9274559021,67.0174484253,139.289367676,196.410232544,301.512023926,166.126754761,331.995269775,111.337791443,40.6364555359,69.64402771,234.670547485,163.051422119,342.774291992
2021-02-01,130.224441528,228.504013062,13.1690645218,167.143997192,93.7613067627,259.524353027,113.056312561,26.1325550079,35.991558075,67.9692153931,138.930786133,191.848724365,301.891662598,167.834884644,330.196044922,111.997764587,40.9149475098,70.3588104248,234.020614624,165.766204834,348.479888916
2021-02-02,131.049621582,228.370544434,13.4871721268,169,95.0515213013,264.546234131,116.536460876,27.0658607483,36.5604362488,68.4804992676,137.684127808,186.578857422,306.157897949,174.903778076,334.962615967,111.841438293,41.3200416565,71.4180603027,235.831604004,171.573913574,353.407592773
2021-02-03,130.030258179,231.698257446,13.4610595703,165.626495361,101.973655701,264.120330811,117.870925903,27.5456008911,37.9946556091,69.9750366211,137.043762207,186.012207031,305.407714844,173.949737549,334.614044189,111.980384827,41.1596870422,71.5213928223,237.573348999,171.060028076,353.68536377
2021-02-04,133.379592896,230.75428772,13.5941209793,166.550003052,101.713630676,263.961853027,120.583511353,28.3480682373,38.7237815857,70.0064926147,138.315979004,190.413162231,297.661560059,174.131484985,335.878845215,112.049880981,41.362247467,71.4783401489,241.602645874,174.744369507,357.705291748
2021-02-05,132.966339111,230.935440063,13.5212459564,167.607498169,103.45703125,265.55657959,120.348014832,28.2346725464,40.0217781067,70.2110061646,140.41645813,190.554885864,293.313995361,175.358032227,335.237030029,112.518821716,41.9023780823,71.9950408936,241.637298584,175.646087646,359.113189697
2021-02-08,133.112213135,231.192871094,14.3646469116,166.147003174,103.24356842,264.051025391,122.231987,28.8626880646,41.7444343567,71.9572219849,140.817733765,194.332519531,293.160308838,179.401321411,339.635375977,112.171463013,42.1302375793,71.8228225708,242.651123047,184.216995239,361.706604004
2021-02-09,132.237167358,232.432403564,14.1900482178,165.25,102.791366577,266.893798828,121.74357605,28.7405853271,41.255531311,71.5482025146,141.970474243,190.498168945,297.941711426,179.246856689,339.380645752,111.737266541,41.9445762634,72.1931304932,239.826309204,182.48147583,361.465820312
2021-02-10,131.634338379,231.526580811,14.6884727478,164.328994751,103.340637207,269.290802002,121.813346863,28.7667446136,41.6548118591,72.7752990723,142.431564331,193.029220581,301.349334717,179.646621704,336.133789062,111.346466064,41.8601799011,72.2620315552,241.49005127,183.858276367,361.308380127
2021-02-11,131.381561279,233.11895752,15.1724805832,163.106506348,103.453071594,267.824890137,121.473152161,28.679517746,40.6118087769,72.381980896,141.791168213,192.11882019,301.051055908,180.219009399,332.433746338,111.441986084,42.4509468079,72.2964630127,240.077590942,185.099319458,361.891906738
2021-02-12,131.61491394,233.595687866,14.8844661713,163.885498047,103.76411438,267.933776855,123.200119019,29.1069164276,41.1658973694,72.7988967896,142.235198975,196.585586548,296.685333252,179.891921997,332.952880859,110.825454712,42.7800941467,71.5902938843,240.467575073,181.95791626,363.67956543
2021-02-16,129.495422363,232.36567688,15.2515707016,163.447494507,104.540229797,271.37097168,126.16569519,29.8919525146,42.4044685364,74.2906036377,140.945846558,195.134552002,293.413330078,183.880599976,334.132659912,111.085945129,42.4256286621,69.9196014404,238.630508423,180.678100586,363.364654541
2021-02-17,127.21056366,233.378692627,14.8294973373,165.432006836,104.932502747,270.974731445,126.558204651,30.0140666962,43.0644836426,76.516204834,141.449676514,195.798446655,295.438049316,183.80796814,337.945953369,111.554878235,42.3074760437,69.4804000854,243.42237854,180.765380859,363.447967529
2021-02-18,126.111946106,232.986846924,14.7528934479,166.411499023,104.298027039,266.834381104,126.985580444,29.8221588135,42.3881721497,75.7823181152,141.517944336,190.734191895,296.839019775,181.645523071,336.888793945,112.484077454,42.8476142883,69.5234527588,245.268081665,177.430053711,361.901184082
2021-02-19,126.267456055,230.291824341,14.8498907089,162.494995117,103.456039429,259.078643799,129.105056763,30.127450943,42.6733665466,76.4204940796,139.161300659,190.544540405,293.377227783,190.722335815,334.859466553,110.391235352,42.2906036377,67.2585372925,242.313201904,178.060272217,361.262084961
2021-02-22,122.504821777,224.118103027,14.2820711136,159.037002563,101.744827271,257.860290527,130.317443848,30.6595287323,44.246006012,78.486541748,139.075408936,190.31690979,296.143066406,198.127319336,330.555419922,109.922279358,42.7294540405,64.674987793,239.029083252,185.923431396,358.48336792
2021-02-23,122.36869812,222.933013916,14.0694198608,159.725006104,102.035057068,263.33782959,131.364089966,30.9822597504,44.8571357727,79.4756851196,137.846786499,192.023925781,297.833343506,200.05355835,322.947784424,110.738578796,42.6534919739,64.3391342163,231.568435669,191.091201782,358.918701172
2021-02-24,121.87285614,224.156280518,14.4245843887,157.976501465,103.208404541,261.802520752,133.675430298,31.7323932648,46.2016296387,82.4112625122,139.693984985,193.958587646,300.273742676,202.134246826,321.579101562,110.860160828,42.7969779968,63.5209999084,225.268829346,191.498397827,362.873718262
2021-02-25,117.633781433,218.842712402,13.2392015457,152.858001709,99.8473815918,252.273788452,131.861236572,31.3398780823,45.4356842041,81.6454544067,139.840042114,193.294815063,297.254760742,201.543640137,315.160705566,109.922279358,42.3412361145,64.1139984131,221.178848267,185.167144775,354.129943848
2021-02-26,117.896308899,222.082489014,13.6441144943,154.646499634,100.142578125,255.175964355,128.36366272,30.2757320404,44.3030471802,79.770866394,136.145599365,194.309509277,300.282745361,196.146621704,312.423431396,107.273658752,41.3453598022,63.6118965149,223.856338501,183.286209106,352.305358887
2021-03-01,124.245178223,226.440414429,13.7707090378,157.307006836,102.507568359,262.396820068,131.268127441,31.2177734375,45.9571838379,81.4061508179,136.884490967,195.807891846,302.479187012,199.671951294,313.150299072,107.933647156,42.1133728027,65.7155456543,226.698547363,189.045425415,360.845275879
2021-03-02,121.649238586,223.506439209,13.3374452591,154.726501465,102.25100708,256.542877197,130.840759277,30.990978241,45.6882820129,81.7172622681,136.626739502,193.598266602,302.470153809,196.092071533,310.026092529,107.594970703,42.2821617126,65.3952484131,225.546112061,188.037078857,358.02947998
2021-03-03,118.674118042,217.47605896,12.7390356064,150.25,99.6225280762,252.986968994,133.370178223,31.7672729492,46.0549545288,82.6346206665,134.22102356,191.568756104,300.870239258,195.265335083,305.740844727,106.95236969,42.1808853149,62.7808074951,223.007171631,186.408203125,353.28717041
2021-03-04,116.797645569,216.682830811,12.306760788,148.878494263,100.73790741,255.195831299,131.320480347,31.9951896667,47.839466095,83.3605499268,131.51461792,190.184158325,301.719909668,193.320892334,301.134796143,106.075271606,42.1471252441,61.7160072327,217.435455322,182.30696106,348.915283203
2021-03-05,118.051872253,221.337051392,12.3975458145,150.022994995,103.865142822,261.772796631,131.625732422,32.3721237183,49.6484184265,86.9502334595,134.117935181,196.234680176,313.73236084,200.035385132,299.511260986,109.401245117,42.8644981384,61.2052345276,219.679748535,184.207290649,355.334136963
2021-03-08,113.132240295,217.313613892,11.5337505341,147.597503662,99.4288711548,252.887893677,133.370178223,32.5474395752,49.5995330811,87.5485153198,135.23487854,196.338989258,316.507202148,201.325576782,293.942382812,110.556213379,43.5818481445,61.3437576294,224.454284668,195.764511108,353.565002441
2021-03-09,117.731040955,223.42048645,12.4602890015,153.142501831,101.056373596,263.218963623,132.428192139,31.8374099731,48.8335838318,87.3490753174,135.492614746,195.466491699,318.143218994,196.982513428,300.889221191,109.574935913,42.9235725403,64.0793533325,229.59274292,188.589736938,358.613067627
2021-03-10,116.651802063,222.120697021,12.4085416794,152.882003784,100.849845886,262.386932373,135.306488037,32.7578163147,50.3328857422,88.8407897949,136.73840332,194.840591431,315.992004395,200.853134155,305.655853271,110.582267761,43.4130592346,64.4602890015,232.147506714,189.123016357,360.845275879
2021-03-11,118.576896667,226.621994019,12.9312744141,155.679504395,104.037010193,271.281768799,134.600021362,32.643863678,49.9580688477,88.6972198486,136.729812622,194.613021851,319.155548096,199.671951294,310.205352783,110.208877563,42.9404449463,64.8065719604,234.423309326,190.761566162,364.50390625
2021-03-12,117.672660828,225.303131104,12.7944355011,154.474502563,101.533851624,265.853729248,136.196136475,33.2574653625,50.4958572388,88.9923629761,137.125015259,197.334793091,322.938079834,208.06729126,312.555633545,111.276985168,42.855342865,65.5077896118,238.129150391,191.159088135,364.994903564
2021-03-15,120.550559998,224.404785156,13.1280765533,154.083999634,101.753730774,271.152923584,135.515792847,33.0909233093,49.2084083557,87.9473571777,137.829544067,179.391845703,320.996948242,209.64831543,311.960906982,111.641723633,43.4255027771,65.3779220581,242.872467041,190.771240234,367.171600342
2021-03-16,122.086753845,227.176300049,13.2275981903,154.593002319,103.212356567,276.630493164,133.893493652,32.9944839478,48.1654090881,85.8653411865,138.645797729,181.041915894,321.649993896,205.759506226,308.883972168,111.971725464,43.5871963501,65.2567214966,245.959213257,188.327941895,366.708404541
2021-03-17,121.299209595,226.535964966,13.2773618698,156.786499023,103.129638672,281.315673828,135.271606445,33.2662315369,48.3772583008,86.1764450073,138.1302948,177.087310791,319.454803467,212.274078369,310.715118408,111.52016449,43.604221344,63.1617355347,244.171722412,189.297515869,367.958740234
2021-03-18,117.186546326,220.496032715,12.6615743637,151.399505615,100.114334106,275.976806641,137.50440979,34.1340560913,46.2912635803,83.0574111938,137.872543335,174.431930542,328.407684326,209.59375,304.853607178,111.763305664,43.0340461731,61.5774803162,246.900909424,186.427612305,362.605194092
2021-03-19,116.6615448,220.142440796,12.7842321396,153.748001099,100.392692566,287.357757568,135.315185547,33.774646759,46.0305175781,82.467124939,137.503067017,174.77331543,331.609741211,204.69644165,310.450836182,111.164108276,43.2382850647,61.3264350891,252.080215454,185.322311401,361.934204102
2021-03-22,119.967208862,225.532501221,13.1231050491,155.543502808,100.577438354,290.755279541,131.678085327,33.0120239258,45.5579032898,81.7970428467,137.898300171,176.243225098,332.770721436,205.359680176,315.717681885,113.048538208,43.399974823,62.0622940063,251.940795898,186.989959717,364.82421875
2021-03-23,119.140785217,227.052047729,13.0081548691,156.875,101.104408264,287.87286377,130.361038208,32.3458251953,44.9956703186,81.342338562,137.769454956,174.194793701,334.258361816,198.299972534,321.239257812,115.15007782,43.7318572998,64.0793533325,252.847625732,182.985641479,361.952758789
2021-03-24,116.758766174,225.026016235,12.5824537277,154.353500366,100.668579102,279.463439941,131.372787476,32.3458251953,45.9082870483,83.5200576782,139.10975647,170.86605835,336.163238525,201.007568359,319.068328857,115.115333557,43.8424835205,63.0491905212,255.262832642,179.097702026,360.112731934
2021-03-25,117.244880676,222.044250488,12.4752216339,152.31300354,100.665115356,276.095611572,133.056167603,33.0120239258,45.7779159546,83.8152389526,139.161300659,173.635284424,336.607696533,203.751525879,326.902618408,115.914268494,44.2679748535,63.5859107971,259.125518799,181.221054077,362.138641357
2021-03-26,117.847686768,226.000762939,12.7777633667,152.601501465,100.28225708,280.334991455,135.271606445,33.9061393738,47.0246238708,85.7377166748,141.704452515,175.740646362,341.496856689,208.521636963,332.26373291,117.625,45.135974884,64.1139984131,264.906616211,180.261184692,367.974456787
2021-03-29,118.022697449,224.81578064,12.8862419128,153.786499023,101.325309753,288.061096191,133.169586182,33.5818023682,46.7720298767,85.290977478,142.65814209,176.717437744,343.837097168,209.175796509,336.162017822,119.466026306,45.8252639771,64.7546386719,263.502838135,179.223770142,367.788635254
2021-03-30,116.574035645,221.575958252,12.8101100922,152.76449585,101.35899353,285.26776123,134.739562988,34.1778755188,46.1934814453,84.5012664795,141.773178101,175.920806885,338.848175049,211.774383545,330.121185303,117.625,45.2295875549,64.2525100708,265.787353516,179.883056641,366.812896729
2021-03-31,118.761650085,225.322265625,13.2843265533,154.703994751,102.153938293,291.735839844,132.777069092,33.9149017334,45.4927215576,83.5918807983,141.206176758,177.172622681,337.496582031,210.674987793,332.697967529,117.607673645,44.855140686,65.4558486938,266.162200928,178.903793335,368.299713135
2021-04-01,119.588043213,231.610656738,13.7456083298,158.050003052,105.485221863,295.826660156,134.067947388,34.6161689758,46.7638702393,84.357673645,139.900192261,175.674255371,332.961212158,211.465515137,335.019897461,116.60899353,44.6849441528,65.5943374634,268.342102051,183.218353271,372.277008057
2021-04-05,122.407592773,238.03288269,13.9205150604,161.336502075,109.902191162,305.979400635,134.778564453,34.8879089355,46.0386619568,83.368522644,140.415679932,175.342285156,335.782287598,212.346801758,340.569946289,118.493431091,44.940246582,66.4687271118,275.012542725,182.762664795,377.620300293
2021-04-06,122.708984375,236.876525879,13.7951183319,161.190994263,109.421775818,303.354553223,133.831054688,34.7914810181,45.9082870483,82.626663208,140.381317139,173.360244751,330.512115479,209.557418823,339.909179688,118.536827087,45.2636146545,67.1439666748,273.600006104,183.955215454,377.397338867
2021-04-07,124.352111816,238.826095581,14.0757684708,163.969497681,110.896240234,310.119812012,135.92791748,35.1070480347,46.1119918823,83.1132583618,140.570373535,172.905044556,331.6640625,209.348449707,338.672729492,118.745277405,45.3402061462,67.0141143799,272.457733154,181.851272583,377.83404541
2021-04-08,126.743896484,242.027664185,14.2484407425,164.964996338,111.460876465,310.050384521,136.09463501,34.8002548218,45.6312446594,82.1799163818,140.020507812,173.180023193,330.983886719,209.41204834,340.947509766,119.196800232,45.2040481567,67.3171081543,274.166717529,181.61857605,379.627563477
2021-04-09,129.310684204,244.512435913,14.3310394287,168.61000061,112.46333313,309.495758057,137.112350464,35.0544586182,45.5253143311,82.1001434326,138.542678833,174.962982178,341.333557129,209.65737915,342.825744629,118.423934937,45.2551078796,67.472946167,278.351989746,182.171203613,382.387573242
2021-04-12,127.599456787,244.569763184,15.1361656189,168.969497681,111.173110962,308.584442139,136.8228302,35.1158180237,45.2238197327,81.1907806396,138.877792358,172.430831909,341.315368652,209.820922852,344.335998535,118.901580811,45.3997764587,67.2132263184,279.712341309,180.813842773,382.526947021
2021-04-13,130.700958252,247.035461426,15.6044120789,170,111.658988953,306.821380615,135.190963745,34.4671554565,45.3949356079,81.557723999,137.02192688,173.104156494,339.700866699,208.385375977,344.713592529,117.32975769,45.1785202026,68.4252090454,279.3722229,179.844299316,383.660644531
2021-04-14,128.367538452,244.263946533,15.2038431168,166.649993896,111.038879395,299.947174072,132.664199829,34.9580345154,46.7068367004,83.1770706177,137.399993896,173.549942017,340.725891113,211.320083618,342.78805542,117.75528717,45.170009613,68.503112793,279.040924072,181.754318237,382.350341797
2021-04-15,130.76902771,248.000717163,16.0599727631,168.954498291,113.185462952,304.899810791,133.506454468,33.9587402344,46.4297866821,82.4990081787,137.803787231,176.319152832,353.76965332,211.265548706,348.101989746,119.179481506,45.3827590942,69.4121017456,281.412689209,180.270874023,386.457733154
2021-04-16,130.438461304,249.185745239,15.8362989426,169.972000122,113.061645508,303.275299072,134.497833252,34.3181304932,46.1690330505,82.1320648193,139.393280029,179.477142334,354.676727295,212.028793335,349.914276123,119.188117981,45.6805992126,70.0700378418,286.068756104,181.560394287,387.749481201
2021-04-19,131.099594116,247.274383545,15.2881832123,168.600494385,113.408843994,299.372711182,133.927566528,34.3356590271,46.0223731995,82.371383667,139.779922485,179.847015381,353.61541748,211.147445679,348.810089111,118.632362366,45.952911377,69.0745010376,284.996398926,181.725219727,385.844421387
2021-04-20,129.417602539,246.815612793,15.0985946655,166.73449707,112.876403809,299.778747559,130.962127686,33.3801994324,45.0527114868,80.8317947388,143.036209106,180.766967773,359.683746338,206.822555542,350.867645264,119.622344971,46.097568512,69.7151107788,282.47644043,177.22644043,383.019500732
2021-04-21,129.79675293,249.032821655,15.2869405746,168.100997925,112.843719482,298.610015869,132.076324463,33.9412002563,45.6312446594,81.9486083984,143.130706787,181.089385986,361.751922607,211.211044312,353.095214844,118.840797424,46.4720153809,67.4989089966,284.211608887,177.536712646,386.643554688
2021-04-22,128.280029297,245.773971558,14.7791347504,165.45199585,111.564376831,293.70703125,129.295135498,33.6256332397,45.036403656,80.5286712646,141.919311523,177.390792847,359.692871094,207.967407227,350.424072266,117.660926819,46.3273391724,67.8018951416,280.296508789,177.197357178,383.112335205
2021-04-23,130.594070435,249.577545166,15.1921472549,167.044006348,113.91254425,298.273193359,131.769271851,34.3444213867,45.2808532715,81.0072860718,142.211395264,178.974533081,363.112609863,210.020965576,352.330566406,117.057922363,46.3528709412,67.7326583862,282.415344238,177.449447632,387.266265869
2021-04-26,130.982955933,249.959838867,15.4038763046,170.449996948,114.407821655,300.165130615,132.093917847,34.5460472107,45.3704986572,80.9833602905,141.008499146,177.551971436,359.076019287,210.431671143,347.837738037,114.715675354,45.6635818481,67.464263916,279.014678955,178.661407471,388.074615479
2021-04-27,130.662109375,250.361236572,15.3080883026,170.871505737,113.469276428,300.690093994,132.699279785,34.9580345154,45.9653320312,81.924659729,140.200897217,172.800720215,357.842498779,210.230880737,349.432922363,114.645759583,45.5955085754,66.9015731812,279.53793335,179.02015686,387.991027832
2021-04-28,129.874542236,243.279586792,15.2035923004,172.925003052,116.840179443,304.18661499,133.559082031,35.0895271301,47.350566864,83.9348907471,139.169906616,171.22644043,357.924041748,212.019760132,348.847717285,114.838043213,45.6040077209,66.7370834351,278.770629883,177.808197021,387.879608154
2021-04-29,129.777297974,241.32043457,15.2513618469,173.565505981,118.510299683,326.383972168,136.156066895,36.0362319946,48.0268859863,85.2750549316,141.077301025,172.791244507,364.237243652,207.611419678,353.331268311,115.808135986,46.1741676331,66.849647522,283.6796875,179.68913269,390.351409912
2021-04-30,127.81337738,241.005065918,14.937620163,173.371002197,116.565795898,321.996002197,134.945297241,35.5278129578,46.6416549683,82.2198028564,139.814239502,173.331802368,361.742797852,208.195556641,351.959747314,116.603424072,45.9358978271,67.1006622314,282.223602295,180.358154297,387.786621094
2021-05-03,128.86340332,240.69921875,14.7656946182,169.324493408,116.049705505,319.519744873,134.550491333,35.5541114807,47.9291000366,84.1821899414,141.945053101,176.319152832,368.183074951,208.250335693,358.798583984,117.984313965,46.3613777161,66.3994598389,287.97833252,179.86366272,388.623046875
2021-05-04,124.303504944,236.809616089,14.2825231552,165.593505859,114.25428772,315.339752197,136.410461426,35.9398078918,48.2305870056,84.644859314,144.144561768,178.481414795,373.117553711,213.032867432,354.986602783,117.582275391,46.0720481873,65.5250854492,290.15826416,178.642028809,386.225494385
2021-05-05,124.546585083,235.548110962,14.3892593384,163.526992798,114.64755249,312.031494141,138.200271606,36.2816696167,49.6810150146,86.9183273315,143.54309082,182.853363037,374.169830322,217.112609863,352.34753418,116.638427734,45.952911377,63.8716125488,289.530456543,175.985427856,386.346252441
2021-05-06,126.141090393,238.663604736,14.4534511566,165.318496704,115.765914917,316.984039307,140.98147583,36.8251419067,50.1536178589,86.966178894,144.118774414,183.8775177,376.410247803,216.373336792,362.052398682,118.106643677,46.4124450684,64.0707244873,294.352294922,176.256896973,389.431488037
2021-05-07,126.813095093,241.272644043,14.7413158417,164.580505371,116.488037109,316.052947998,141.463989258,36.9741783142,50.8706932068,87.7638778687,144.771743774,185.328521729,378.841247559,219.95111084,363.528137207,118.115386963,46.3869132996,64.520904541,295.808502197,179.214035034,392.26574707
2021-05-10,123.540718079,236.226593018,14.197432518,159.524505615,113.507392883,303.06729126,141.446472168,36.8602142334,50.9929199219,87.4049224854,146.292480469,184.702606201,381.78024292,221.4296875,360.841705322,120.317749023,46.7273101807,64.7546386719,297.439086914,178.690490723,388.381408691
2021-05-11,122.62525177,235.318740845,14.2377376556,161.195495605,112.433120728,303.622039795,139.09513855,36.4394569397,49.3713760376,85.1155090332,145.098236084,184.693161011,373.444152832,218.408660889,357.720275879,119.723472595,46.2252311707,64.1226577759,288.318481445,176.140518188,384.915100098
2021-05-12,119.56716156,228.409164429,13.692609787,157.597000122,108.975524902,299.679748535,138.138839722,36.0975875854,49.6359291077,85.6499786377,144.51399231,183.223190308,367.702331543,216.601516724,352.063751221,118.456230164,45.98695755,61.9324264526,276.407623291,172.436813354,376.737518311
2021-05-13,121.709793091,232.260574341,13.5998096466,158.073501587,110.401451111,302.364074707,141.692138672,36.6761360168,49.0241584778,85.0995483398,146.026153564,185.690307617,370.595916748,219.111404419,358.997283936,120.361457825,46.3869132996,62.8760414124,283.749450684,172.911880493,381.263092041
2021-05-14,124.125083923,237.153640747,14.1747913361,161.145004272,112.845199585,312.942749023,143.894256592,37.1319541931,50.2394294739,87.3251571655,146.249557495,186.900024414,371.720672607,221.082870483,363.622619629,120.614898682,46.574131012,63.3002510071,282.18862915,168.413131714,387.117492676
2021-05-17,122.975860596,234.315261841,14.0976610184,163.519500732,113.367233276,312.467285156,144.473327637,37.4650611877,51.4133529663,88.3940734863,146.395584106,186.252288818,370.659484863,223.4193573,363.18762207,120.370223999,46.497543335,62.2440872192,279.032226562,164.903320312,386.132446289
2021-05-18,121.592903137,232.308349609,13.9486312866,161.613998413,112.057197571,307.019439697,142.43788147,36.9566345215,49.9583358765,85.7375030518,146.447174072,185.395019531,372.246704102,218.563796997,362.099853516,119.137924194,46.2422409058,62.5817146301,276.189666748,164.515472412,382.805755615
2021-05-19,121.437072754,232.883041382,13.9983911514,161.589996338,112.504447937,310.614990234,141.349960327,36.7900886536,48.759601593,83.3312225342,146.129257202,187.185791016,371.448516846,216.19078064,359.12020874,119.382637024,46.097568512,62.9020080566,274.184143066,164.117950439,381.802154541
2021-05-20,123.988746643,236.101577759,14.5425214767,162.384002686,114.260238647,315.587371826,141.104324341,36.7024383545,48.6438674927,83.6219177246,146.979858398,190.0625,370.668579102,214.474960327,362.828155518,120.606170654,46.5060501099,64.3131027222,275.448455811,166.144348145,385.909454346
2021-05-21,122.157775879,234.846755981,14.9199533463,160.154006958,113.625267029,313.229980469,142.709838867,37.167011261,48.7099952698,84.0740966797,146.885345459,190.395904541,373.38067627,216.5284729,360.122833252,120.606170654,46.4805145264,64.4429626465,275.335144043,167.152679443,385.593536377
2021-05-24,123.784202576,240.220535278,15.5372371674,162.24949646,116.939239502,321.550354004,143.481933594,37.3686294556,49.2804412842,85.2691574097,147.447280884,191.481811523,372.763885498,218.180450439,362.705230713,120.571205139,46.6336936951,64.0880355835,274.52432251,169.004547119,389.524414062
2021-05-25,123.589424133,241.120956421,15.5728149414,162.95249939,117.029876709,324.680297852,141.999206543,36.8251419067,48.1643562317,83.8722381592,147.04095459,189.767227173,374.668701172,216.464614868,364.530731201,120.981971741,46.6251831055,63.5166702271,276.189666748,170.807952881,388.660095215
2021-05-26,123.540718079,240.900634766,15.6248140335,163.257995605,117.893661499,324.551513672,141.981674194,36.8514442444,48.7265396118,84.0740966797,146.167755127,191.45324707,374.813873291,216.957489014,364.757720947,120.711051941,46.8294258118,63.6032676697,276.6953125,171.098800659,389.431488037
2021-05-27,122.011680603,238.812438965,15.4138298035,161.505493164,117.020469666,329.593261719,144.192565918,37.2985038757,48.4123878479,83.1778106689,145.942977905,189.748153687,374.351165771,220.215774536,366.536010742,117.966812134,47.2208747864,63.1963615417,277.95098877,173.590591431,389.635925293
2021-05-28,121.359161377,239.166854858,16.1667060852,161.153503418,116.731712341,325.611419678,144.09602356,37.1582489014,48.255317688,83.8076248169,146.323348999,190.262527466,373.643737793,220.033248901,357.805450439,117.853218079,47.0506820679,63.386806488,278.0730896,173.21244812,390.332855225
2021-06-01,121.037780762,236.98286438,16.1866111755,160.932495117,117.93674469,326.007568359,145.684036255,37.622833252,49.9831428528,86.1170043945,143.107269287,189.005187988,368.926849365,221.566589355,357.767486572,116.131507874,47.0421638489,62.7645683289,275.805999756,173.39666748,389.989044189
2021-06-02,121.797424316,236.887039185,16.6979026794,161.699493408,117.412246704,326.027374268,145.692840576,37.6403694153,50.3799667358,87.271697998,143.686508179,189.681503296,368.137786865,222.205459595,359.999938965,116.638427734,47.2293739319,63.2780380249,274.552581787,171.612686157,390.602325439
2021-06-03,120.317077637,235.363998413,16.8884830475,159.350494385,116.272590637,322.946960449,145.789352417,38.0717048645,50.5783843994,86.8760070801,143.548187256,193.082092285,370.05166626,222.552307129,363.10244751,118.727172852,47.3485107422,62.9821472168,272.974853516,170.875823975,389.152679443
2021-06-04,122.605781555,240.23008728,17.4940681458,160.311004639,118.55040741,327.216003418,146.026245117,38.0893096924,50.8015861511,87.5704574585,143.487670898,192.434356689,367.94720459,222.716583252,366.554931641,118.81452179,47.8591156006,62.955997467,272.6065979,171.787200928,392.711791992
2021-06-07,122.615524292,243.122940063,17.5346240997,159.900497437,118.982788086,333.386932373,145.341888428,37.9572677612,50.4709129333,87.0052337646,142.510757446,211.961669922,363.058074951,218.82850647,359.82019043,119.225318909,47.688911438,63.0691566467,271.686340332,171.602996826,392.330780029
2021-06-08,123.433616638,241.935150146,17.3733978271,163.205505371,118.791618347,330.514404297,144.762832642,37.746006012,51.3637619019,87.7965545654,141.257141113,210.228012085,364.409637451,219.193603516,359.158050537,117.844444275,47.3570327759,62.7819633484,272.510314941,170.963088989,392.414337158
2021-06-09,123.813430786,242.912231445,17.2790775299,164.057495117,119.262130737,327.116912842,142.955551147,37.2530555725,51.7936439514,87.0294418335,143.159164429,215.276550293,363.82913208,214.164596558,359.403900146,117.800758362,47.2123527527,63.0517425537,269.389862061,170.681884766,391.828979492
2021-06-10,122.820037842,246.40852356,17.3455295563,167.482498169,120.608818054,329.306030273,140.727050781,36.6984786987,51.8763122559,87.5381622314,144.447296143,222.458770752,364.182861328,206.023361206,362.288970947,118.674720764,47.5782852173,63.9742355347,270.240081787,171.195785522,393.65032959
2021-06-11,124.027694702,247.031173706,17.7439575195,167.341506958,120.364639282,328.117431641,140.630523682,36.8481369019,51.3968200684,87.1344299316,142.614486694,213.45715332,360.917449951,201.432449341,361.17276001,117.861953735,47.7910232544,63.9568519592,272.396331787,171.981124878,394.300872803
2021-06-14,127.076034546,248.946914673,17.9365653992,169.193496704,121.291320801,333.57510376,138.244110107,36.407989502,51.3141517639,87.1828689575,142.968963623,215.371826172,362.06942749,199.890029907,362.998413086,117.905647278,47.6281204224,63.8002090454,271.125335693,172.756759644,395.183685303
2021-06-15,126.257949829,247.481292725,17.7073726654,169.156494141,120.275001526,333.555297852,136.147262573,36.4343986511,53.1825218201,89.0643005371,142.208190918,212.914199829,363.085235596,200.300735474,363.140289307,117.67842865,47.5080871582,63.9046401978,268.609802246,170.507400513,394.458770752
2021-06-16,126.754623413,246.542617798,17.7290172577,170.762496948,119.634101868,327.939086914,137.103591919,36.6368522644,52.9923858643,88.5555725098,142.156295776,210.285171509,360.336883545,198.201507568,358.883728027,116.044113159,46.8736152649,63.7914924622,265.392852783,169.343902588,392.256469727
2021-06-17,128.351837158,249.914367676,18.5721588135,174.462005615,120.595947266,333.317596436,133.146697998,35.0347747803,51.2480163574,86.4561462402,142.839294434,211.666366577,360.427642822,191.164581299,363.934814453,117.101600647,47.1136894226,64.9054489136,265.690979004,169.334197998,392.126373291
2021-06-18,127.056526184,248.50630188,18.5537414551,174.345001221,118.97882843,326.532623291,129.777709961,34.1368942261,49.9335403442,83.193939209,140.038162231,208.180023193,354.482635498,190.626113892,360.274200439,115.388633728,46.1019592285,63.7740783691,265.243896484,167.172073364,386.836425781
2021-06-21,128.848587036,251.571533203,18.3432044983,172.697998047,120.664291382,329.13760376,131.979873657,34.9907608032,51.7440452576,85.6325302124,141.64616394,212.104522705,362.403167725,194.596359253,365.873901367,116.297554016,46.6078338623,64.6878814697,269.617736816,168.674911499,392.374389648
2021-06-22,130.484725952,254.330307007,18.8006057739,175.272003174,121.177406311,335.81362915,131.786849976,35.1844215393,52.7360954285,85.915145874,141.455993652,210.932891846,362.967651367,194.523345947,370.962799072,116.3412323,46.7793083191,64.496421814,274.096801758,168.219192505,394.472015381
2021-06-23,130.212020874,254.100387573,18.9703330994,175.190994263,120.975830078,337.358886719,132.585235596,35.3868789673,53.1246643066,85.8101882935,140.600143433,206.798858643,360.118103027,195.125732422,370.764282227,116.175193787,46.402053833,63.8350105286,273.185211182,169.993530273,393.996582031
2021-06-24,129.929580688,255.460586548,19.1179027557,172.453994751,121.345321655,339.924316406,133.804718018,35.9414558411,53.3396034241,86.5126724243,141.239868164,221.915847778,363.131408691,200.191177368,370.858764648,116.253883362,46.6335525513,63.4259681702,273.334259033,172.514358521,396.327331543
2021-06-25,129.637435913,253.860961914,18.9442024231,170.072998047,121.353729248,338.131439209,135.155853271,36.6368522644,53.4553489685,86.6418685913,141.966094971,219.296310425,368.666717529,197.425704956,373.166778564,117.914367676,46.5735359192,64.2788314819,274.903167725,172.921600342,397.735137939
2021-06-28,131.263870239,257.40512085,19.8938503265,172.194503784,121.380981445,352.266113281,135.401535034,36.5840454102,52.0912628174,83.9691162109,141.801864624,217.391143799,365.489471436,197.389205933,375.087005615,118.263969421,46.5220947266,65.4015197754,275.472930908,171.195785522,398.53692627
2021-06-29,132.7734375,259.972320557,19.9354114532,172.406997681,121.1199646,348.551727295,135.234848022,35.9942703247,51.7688446045,83.783416748,141.810470581,218.486602783,362.430480957,196.321365356,377.215270996,117.459915161,46.1791305542,64.4703140259,278.943939209,168.63609314,398.751281738
2021-06-30,133.386962891,259.493377686,19.9112739563,172.007995605,120.938674927,344.411346436,136.46307373,36.2935523987,52.1491317749,84.5747375488,142.424285889,218.629501343,364.560791016,198.630493164,374.264038086,117.923095703,46.3934860229,63.7740783691,279.51373291,170.420120239,399.087005615
2021-07-01,133.688873291,260.163848877,20.1198120117,171.648498535,121.290336609,351.028015137,137.814208984,36.5664405823,52.2979431152,85.76171875,143.479034424,220.163085938,368.612060547,197.790817261,373.185699463,118.194030762,46.2648696899,64.5660552979,281.836517334,171.864776611,401.296630859
2021-07-02,136.308731079,265.959106445,20.3935604095,175.548995972,124.076828003,351.33505249,137.681869507,36.2231369019,52.2235412598,85.6486663818,146.089950562,222.858840942,372.681488037,198.74911499,377.357147217,118.770866394,46.4534988403,64.6443634033,282.853210449,171.719329834,404.363861084
2021-07-06,138.314956665,265.968688965,20.6040973663,183.787002563,125.000534058,349.433227539,135.3699646,35.2724380493,50.7354507446,83.9691162109,145.21673584,224.249572754,373.500946045,194.879302979,377.281402588,118.840766907,46.1962776184,65.3841171265,279.838012695,168.403442383,403.627410889
2021-07-07,140.798446655,268.143066406,20.2788410187,184.828994751,125.281860352,347.165008545,135.528778076,34.9907608032,49.9418182373,83.1132049561,146.461730957,224.630584717,374.775421143,195.947158813,382.786590576,119.732215881,46.5735359192,65.5581588745,283.536895752,167.559921265,405.053833008
2021-07-08,139.503204346,265.738830566,19.8119697571,186.570495605,123.865341187,342.370880127,133.190429688,34.1368942261,49.7186012268,82.8467254639,146.176391602,225.868896484,373.218719482,193.592407227,385.123016357,119.714729309,46.4106330872,65.3841171265,279.20690918,167.540527344,401.753387451
2021-07-09,141.324371338,266.236877441,19.9588031769,185.966995239,124.335365295,347.09564209,137.452453613,35.2460403442,50.6197166443,84.0337371826,146.755661011,223.83996582,375.185150146,198.438858032,390.060577393,119.758422852,46.6935653687,65.2622680664,282.31854248,171.65145874,406.042053223
2021-07-12,140.730270386,265.643035889,20.4189453125,185.927505493,125.778640747,349.809661865,139.420227051,35.7653884888,50.5701026917,84.2032928467,146.522201538,224.811584473,378.763000488,199.497573853,385.813415527,119.854576111,46.7107200623,65.349281311,282.011810303,178.768066406,407.496582031
2021-07-13,141.840545654,269.148834229,20.1576442719,183.867996216,126.141189575,348.749725342,137.346557617,35.0875778198,50.3303604126,83.9206924438,146.340652466,224.135269165,381.039093018,196.403503418,385.037841797,119.705993652,47.1737060547,65.1491317749,277.900909424,178.060272217,406.107330322
2021-07-14,145.258956909,270.614532471,19.7510070801,184.083999634,127.028251648,344.332092285,136.878860474,34.2073135376,49.214302063,82.3380355835,147.334854126,225.135467529,377.579559326,193.163406372,387.77154541,120.58870697,48.2368659973,65.8801574707,279.802947998,177.837280273,406.713348389
2021-07-15,144.606445312,269.196807861,18.8797512054,181.559997559,125.807846069,341.192169189,137.178894043,34.1809082031,48.7348060608,81.7970199585,145.562606812,220.486984253,382.413726807,192.953536987,389.540313721,121.6199646,48.3912124634,66.8548736572,282.861968994,178.545043945,405.324157715
2021-07-16,142.570968628,268.928619385,18.0781726837,178.681503296,125.773178101,337.923431396,134.04637146,33.3798599243,47.3872566223,79.6330032349,145.32913208,221.429977417,382.095092773,189.795547485,388.168792725,122.799797058,48.3569068909,67.8121948242,281.836517334,173.852371216,402.144958496
2021-07-19,138.733795166,265.346069336,18.6940994263,177.479507446,123.4037323,333.753387451,129.687286377,32.5083961487,45.7586326599,77.4851150513,144.274414062,223.030273438,372.408447266,186.34538269,391.74432373,122.738639832,47.7824554443,67.0028457642,279.496154785,167.685943604,396.206176758
2021-07-20,142.337234497,267.558746338,18.5271167755,178.659500122,125.019851685,338.418731689,132.10508728,33.1773910522,46.2629203796,77.9453659058,145.631729126,223.868545532,375.968078613,190.823272705,393.721191406,122.083183289,47.8681907654,67.1594772339,285.176025391,171.370285034,401.883972168
2021-07-21,141.606765747,269.551208496,19.321472168,179.259994507,126.346733093,342.94543457,134.884643555,33.8552055359,47.7510147095,80.6019668579,146.53086853,226.030838013,377.488525391,193.365005493,392.557800293,121.654914856,48.4855155945,66.036819458,286.061309814,171.506027222,405.13772583
2021-07-22,142.970245361,274.091644287,19.5046386719,181.901504517,127.211013794,347.858337402,133.18157959,33.4150657654,47.2136573792,79.7945022583,146.954498291,227.173904419,378.517242432,191.924362183,394.950836182,121.188804626,48.4169311523,66.2456817627,286.324279785,169.799606323,405.98614502
2021-07-23,144.684341431,277.473022461,19.4687995911,182.832000732,131.76121521,366.281890869,132.925689697,33.1861991882,47.1557769775,79.8267822266,148.519271851,232.565322876,380.27432251,192.263916016,400.522216797,122.938903809,48.8799285889,67.1855697632,291.741119385,170.778869629,410.162902832
2021-07-26,145.103149414,276.879180908,19.2060031891,184.990997314,132.771591187,368.926483154,133.81690979,33.5647201538,48.3462486267,81.5144042969,148.5884552,231.669921875,376.487091064,193.640258789,400.333068848,123.369895935,48.9227905273,66.9331893921,290.28616333,173.299728394,411.169799805
2021-07-27,142.941055298,274.474822998,19.1203956604,181.319503784,130.656707764,364.320678711,133.640441895,33.4326820374,47.808883667,81.2398834229,149.271499634,232.022384644,377.90737915,192.603393555,401.382995605,123.871154785,49.0942649841,67.7599563599,286.850219727,174.036590576,409.295928955
2021-07-28,141.197769165,274.168304443,19.4140510559,181.51600647,134.811141968,369.738739014,133.861053467,33.5647201538,48.131313324,81.7001266479,148.856460571,234.813354492,372.508636475,194.016555786,399.377685547,122.033058167,48.6484107971,67.7512512207,285.324981689,173.648788452,409.128082275
2021-07-29,141.840545654,274.436462402,19.5723285675,179.996002197,134.497665405,354.920654297,135.008163452,34.0488700867,48.7182731628,82.8225097656,148.856460571,233.68939209,375.157897949,195.044219971,403.026245117,122.666313171,48.9142150879,68.0210494995,286.999237061,172.921600342,410.824829102
2021-07-30,142.054763794,272.913452148,19.4100646973,166.379501343,133.456542969,352.91986084,133.931640625,33.7671775818,47.5939483643,82.2088317871,148.873748779,231.946151733,375.28527832,189.712997437,407.233947754,125.084777832,48.897064209,67.7947692871,287.665313721,170.662506104,408.829742432
2021-08-02,141.72366333,272.82723999,19.6599254608,166.574005127,133.583374023,348.611083984,133.393371582,33.4150657654,47.6022109985,82.0634918213,148.934295654,234.899093628,378.335144043,188.253982544,406.475738525,124.776985168,48.7684669495,68.586730957,286.815063477,170.206817627,407.971923828
2021-08-03,143.515686035,275.030426025,19.7246265411,168.31199646,134.351547241,347.907836914,134.911117554,33.934425354,48.1147727966,82.8467254639,150.767089844,243.843536377,384.097930908,191.318771362,412.303955078,126.597427368,48.8027534485,69.1175842285,290.952270508,167.724746704,411.291046143
2021-08-04,143.116363525,274.446014404,20.1815319061,167.735992432,133.851821899,355.515045166,133.45513916,33.6879615784,46.9904403687,80.9895553589,149.876602173,250.016082764,383.770294189,187.666732788,412.27545166,125.260665894,48.0996932983,69.5092468262,289.523498535,167.327209473,409.267944336
2021-08-05,143.223495483,277.329315186,20.5428752899,168.799499512,134.967208862,359.526550293,135.140548706,34.34815979,47.2880516052,81.7405014038,150.16192627,251.654464722,374.347625732,190.116760254,419.999084473,125.322227478,48.4426460266,70.048789978,291.977844238,171.33152771,411.859802246
2021-08-06,142.540740967,277.271759033,20.2731170654,167.246994019,134.459014893,360.061401367,138.979019165,35.3428649902,47.8336906433,82.3218841553,149.660446167,250.940063477,377.925476074,191.181121826,416.625335693,124.363624573,48.5626907349,70.153213501,289.111633301,171.738754272,412.540374756
2021-08-09,142.491989136,276.189361572,20.2024364471,167.093505859,135.622467041,358.179473877,138.82901001,35.8006019592,47.2880516052,80.9491653442,150.179229736,254.483535767,374.056274414,191.676651001,417.421325684,125.040817261,48.5712623596,70.1097488403,288.164978027,171.341217041,412.204711914
2021-08-10,142.014053345,274.37902832,19.8450737,166.033996582,135.517471313,357.704071045,140.532012939,36.4696083069,48.0982322693,82.4268569946,150.23109436,256.664855957,374.884796143,196.42980957,419.847473145,125.119987488,48.6998672485,70.0836105347,290.549102783,171.68057251,412.717498779
2021-08-11,142.26763916,274.867553711,19.6091575623,164.605499268,134.994445801,356.54510498,142.208618164,36.9273529053,48.2387809753,83.0485916138,150.257049561,251.568771362,371.206726074,203.394317627,421.050933838,125.427757263,48.6398506165,71.6849365234,295.387512207,172.669509888,413.743041992
2021-08-12,145.223007202,277.607116699,19.8142147064,165.175003052,135.900802612,359.209594727,142.764511108,37.1034088135,48.1296844482,82.8790512085,151.467376709,251.778961182,369.586151123,202.091339111,422.055450439,125.718002319,48.734161377,72.2332000732,292.77545166,173.832977295,414.983032227
2021-08-13,145.427825928,280.519104004,20.0959243774,164.698501587,136.429290771,359.734588623,141.167373657,36.6456604004,47.6429252625,82.3299560547,152.375152588,252.486129761,372.963775635,200.558959961,424.38671875,126.324798584,49.0685386658,72.6248245239,290.408813477,175.568511963,415.738250732
2021-08-16,147.398132324,282.195465088,19.8590126038,164.949493408,137.00579834,363.082519531,140.240844727,36.346370697,46.9463729858,81.4901809692,153.749725342,257.961791992,379.828216553,199.769836426,429.16305542,127.204292297,49.2828903198,73.059967041,293.678283691,173.639068604,416.717163086
2021-08-17,146.491012573,280.7394104,19.3692569733,162.098007202,135.373336792,355.049407959,138.546630859,36.1703109741,46.6274642944,81.3367767334,155.158966064,260.608886719,383.988677979,195.85168457,428.670288086,127.41532135,49.1114082336,73.0686645508,281.144073486,170.478302002,413.985412598
2021-08-18,142.755325317,279.021484375,18.953163147,160.061004639,134.17225647,352.077911377,137.28477478,35.9062423706,45.645565033,79.1353607178,153.187835693,256.604888916,379.928405762,192.520797729,422.861022949,126.0258255,48.4426460266,73.46900177,281.845245361,169.421478271,409.454406738
2021-08-19,143.086959839,284.818267822,19.7077064514,159.387496948,134.401077271,351.751068115,136.137664795,35.378074646,44.2524528503,77.1631317139,154.380889893,258.401489258,389.551361084,187.602508545,430.489776611,127.512077332,48.7513084412,73.5821304321,283.028503418,167.976821899,410.088348389
2021-08-20,144.540237427,292.10256958,20.7210559845,159.997497559,136.134094238,355.960784912,136.525924683,35.5365257263,44.2608375549,77.1713180542,155.133041382,258.888885498,391.208221436,188.052154541,434.972229004,127.600036621,48.5626907349,75.0877151489,288.585632324,169.789916992,413.351470947
2021-08-23,146.022842407,292.38092041,21.8578548431,163.293502808,138.721450806,359.902984619,138.273086548,36.0118713379,46.0819702148,79.1599349976,154.463409424,255.935928345,387.24798584,191.906005859,431.124694824,126.949226379,48.3912124634,73.4515914917,287.270843506,172.252593994,416.987487793
2021-08-24,145.935012817,290.432678223,21.6936073303,165.289001465,139.929977417,362.042480469,139.12902832,36.5136184692,46.4596138,80.068321228,152.532684326,251.109985352,385.472686768,195.071762085,428.149047852,125.920257568,48.0225257874,73.2253189087,284.781494141,173.037948608,417.649383545
2021-08-25,144.706039429,289.847229004,22.1116905212,164.958999634,140.739761353,364.895202637,141.996841431,37.1034088135,46.5435333252,80.616607666,151.523864746,252.161209106,382.131469727,197.062911987,427.618347168,125.471748352,48.0739707947,73.5647277832,283.887542725,172.8828125,418.525787354
2021-08-26,143.906234741,287.04486084,21.9673576355,165.800003052,140.107315063,360.923187256,142.729202271,37.0065727234,45.9141197205,79.5609283447,150.715087891,249.724319458,379.500427246,193.833007812,425.79876709,125.251914978,47.6195526123,73.2718582153,281.783935547,171.186065674,416.055114746
2021-08-27,144.940170288,287.649414062,22.5327606201,167.481506348,142.646606445,369.09487915,143.876358032,37.4026985168,46.8036956787,80.7229995728,150.393280029,248.224014282,381.239379883,195.291931152,426.774841309,125.155166626,47.7138671875,72.9221420288,283.449249268,174.657104492,419.775054932
2021-08-30,149.348846436,291.363586426,22.5845222473,171.07850647,143.227584839,377.048797607,141.573272705,36.6720695496,46.2917709351,80.518409729,151.028137207,250.670455933,380.820526123,194.025695801,432.072357178,125.70035553,48.1682891846,73.3942489624,286.709960938,174.501983643,421.62109375
2021-08-31,148.090591431,289.72253418,22.2868366241,173.539505005,143.333557129,375.780853271,141.140899658,36.7512931824,45.7546653748,79.1926574707,150.567199707,246.828811646,378.972442627,193.493484497,431.655395508,125.225509644,48.2797393799,73.4292221069,285.903503418,175.781799316,420.996459961
2021-09-01,148.753860474,289.674438477,22.3425884247,173.949996948,143.846710205,378.425567627,140.937927246,36.2583465576,45.1252441406,78.3252029419,151.097763062,245.978271484,379.955688477,190.823272705,432.631500244,126.500732422,48.6055526733,74.6094741821,285.119445801,177.895462036,421.220153809
2021-09-02,149.865768433,289.021881104,22.29778862,173.156005859,141.93637085,371.719787598,141.590942383,36.2937355042,46.2246322632,79.9619216919,152.132644653,248.052017212,385.745819092,194.32850647,436.848632812,126.597427368,48.6741409302,75.6061325073,288.731414795,176.324752808,422.516204834
2021-09-03,150.499740601,289.012298584,22.7428302765,173.902496338,142.384597778,372.690460205,140.735015869,36.320274353,46.0483894348,79.7818756104,152.228302002,248.013824463,384.972045898,193.034713745,438.345916748,126.685409546,48.6398506165,74.9154663086,291.021972656,175.490921021,422.413513184
2021-09-07,152.830886841,288.0909729,22.562625885,175.464492798,142.920501709,378.554321289,140.487945557,36.559173584,45.7798423767,79.4299850464,149.862792969,243.493682861,383.497070312,191.071029663,435.550384521,126.210494995,47.7310142517,74.3384475708,289.797454834,178.729293823,420.903167725
2021-09-08,151.289794922,288.119689941,22.2410392761,176.274993896,142.33656311,373.988037109,139.861419678,36.0813865662,45.3602333069,78.881690979,149.497528076,243.531890869,378.171356201,189.731323242,441.331176758,127.169120789,48.3740692139,75.5711517334,292.1144104,179.51461792,420.39050293
2021-09-09,150.27545166,285.278869629,22.079750061,174.207992554,142.187973022,374.414031982,140.470245361,36.2141036987,45.3937988281,78.5625305176,146.166687012,229.350402832,377.406494141,188.49256897,441.558532715,126.632652283,47.8939094543,75.0466003418,292.281799316,180.251495361,418.591064453
2021-09-10,145.301025391,283.800933838,22.3794250488,173.457504272,139.548095703,375.097412109,138.85546875,35.630153656,45.3014793396,78.6198043823,145.209976196,228.872619629,369.010650635,188.116333008,440.81942749,126.755775452,47.6795730591,74.2510299683,292.440368652,178.515975952,415.290649414
2021-09-13,145.866760254,285.02935791,22.0548591614,172.858505249,140.990875244,372.938110352,141.061477661,36.2229614258,46.468006134,80.1746902466,144.192520142,227.4009552,378.703826904,189.208297729,435.607208252,128.118896484,48.0739707947,73.9450302124,295.523773193,179.349777222,416.353515625
2021-09-14,144.472015381,287.716705322,22.1444625854,172.5,141.200881958,372.95791626,138.59954834,35.2496948242,45.8050193787,78.7261962891,143.322814941,222.747024536,376.894958496,185.657226562,434.422546387,127.899047852,48.1085243225,73.9974975586,293.471130371,176.848312378,414.106689453
2021-09-15,145.359542847,292.544128418,22.2430267334,173.789505005,143.068115234,370.372741699,139.561401367,35.5151290894,47.3492012024,80.3956604004,143.862014771,223.358627319,381.444702148,188.777084351,436.62121582,127.626426697,48.2726631165,73.9712524414,293.691375732,178.797134399,417.565551758
2021-09-16,145.125457764,292.928009033,22.1444625854,174.412002563,142.256317139,369.520843506,139.499633789,35.7894134521,46.8456611633,79.6427612305,143.688110352,220.787979126,380.823394775,186.822570801,439.066192627,126.738182068,47.8148040771,73.4379653931,296.351898193,177.75970459,416.903533936
2021-09-17,142.46270752,287.793395996,21.8039646149,173.12600708,139.472824097,361.259979248,139.137817383,35.8336486816,46.2917709351,79.1844711304,143.279327393,219.88973999,383.856506348,183.289779663,435.465087891,126.940460205,47.0286941528,71.3746948242,295.717590332,177.885757446,412.84262085
2021-09-20,139.419586182,282.447692871,21.0204162598,167.786499023,137.41192627,352.325561523,134.972869873,34.603805542,45.0581016541,77.5641174316,142.461807251,221.361328125,377.04107666,175.095672607,427.533050537,125.665260315,46.700428009,71.4184112549,291.788421631,173.173690796,405.958740234
2021-09-21,139.897491455,282.92755127,21.1528301239,167.181503296,137.722488403,354.088653564,134.990509033,34.6214942932,45.0161476135,77.6214141846,143.087982178,219.956573486,376.712188721,174.196411133,428.45223999,125.858718872,46.6917915344,71.6194915771,294.440216064,165.960144043,405.57522583
2021-09-22,142.257904053,286.555328369,21.8447818756,169.002502441,138.961196899,339.95401001,137.575973511,35.5151290894,46.333732605,79.9046401978,142.566192627,218.169586182,373.38671875,175.58203125,428.660736084,126.289634705,46.7609024048,71.6020126343,295.946685791,168.364624023,409.531524658
2021-09-23,143.213729858,287.495880127,22.3834133148,170.800003052,139.884902954,342.677947998,142.226242065,36.8865394592,47.9030838013,81.8850631714,143.375,221.877380371,372.774627686,180.417739868,429.087249756,126.808509827,46.6831474304,71.0512390137,295.929077148,170.885528564,414.507324219
2021-09-24,143.301513672,287.294403076,21.9841690063,171.276000977,140.87449646,349.611572266,143.867538452,37.2846908569,48.3310928345,82.3269729614,142.940170288,221.39956665,371.906707764,180.601272583,443.273895264,126.245674133,46.553565979,70.5529022217,297.320922852,170.6431427,415.190093994
2021-09-27,141.789672852,282.322937012,21.5650177002,170.289993286,139.742263794,350.225646973,147.344223022,38.2756462097,49.7661705017,84.2665023804,141.90524292,216.353881836,370.253112793,183.519180298,436.460113525,124.583503723,46.3116912842,68.8568344116,300.774353027,172.834320068,414.002288818
2021-09-28,138.414932251,272.101867676,20.6082248688,165.79800415,134.5496521,337.418273926,146.550048828,38.1871643066,50.2864837646,84.5856552124,141.592147827,211.766891479,364.17767334,184.023895264,423.941314697,123.642486572,45.4737358093,67.5541687012,294.070159912,169.208175659,405.659332275
2021-09-29,139.312286377,272.562530518,20.4270267487,165.055999756,133.087081909,336.388183594,146.435302734,38.1075363159,50.2529296875,84.561088562,142.644454956,220.138137817,365.813049316,181.564712524,428.149047852,124.900100708,45.7501716614,68.4983825684,296.827667236,167.424163818,406.342163086
2021-09-30,138.015014648,270.56628418,20.6251564026,164.251998901,132.415969849,336.170349121,144.441101074,37.5589790344,49.3633422852,83.0225982666,140.452880859,220.797576904,356.978515625,176.150939941,425.836700439,122.947753906,45.3268890381,68.6470031738,289.189575195,164.020980835,401.375701904
2021-10-01,139.13671875,277.457183838,20.6510467529,164.162994385,135.255950928,339.75592041,147.476593018,38.1163825989,51.1341171265,85.3794631958,139.557144165,219.402328491,358.52255249,178.316467285,424.87008667,122.754234314,45.8020095825,69.2502441406,290.599060059,170.652816772,406.145690918
2021-10-04,135.713180542,271.708343506,19.6454658508,159.488998413,132.399627686,323.135131836,147.317733765,38.3464355469,51.7971038818,85.6986236572,138.470016479,214.872650146,353.570800781,177.215316772,417.108734131,122.059455872,45.776096344,69.3813934326,287.612548828,168.180435181,400.90802002
2021-10-05,137.634597778,277.130889893,20.3613166809,161.050003052,134.740859985,329.801269531,149.723480225,39.125038147,51.7131767273,86.6315383911,138.783096313,220.682861328,359.436096191,176.637252808,422.889373779,122.534378052,45.8538398743,69.486289978,290.264373779,169.295410156,405.079467773
2021-10-06,138.502716064,281.30557251,20.6092224121,163.100494385,136.268325806,330.47479248,150.043060303,39.1427345276,50.7648582458,85.870475769,139.070098877,217.739562988,360.185302734,176.049972534,425.82723999,124.170173645,46.3980712891,70.9725418091,291.039611816,170.138931274,406.763000488
2021-10-07,139.760910034,282.975585938,20.9825820923,165.121505737,137.91267395,326.096740723,150.992904663,39.036567688,50.9075202942,86.4842529297,140.313720703,222.833023071,369.732299805,179.619384766,429.172485352,125.163948059,46.5449371338,70.745223999,297.312225342,172.301071167,410.279754639
2021-10-08,139.380508423,282.975585938,20.7396507263,164.430999756,138.467895508,326.91885376,151.108352661,39.2312088013,52.1831359863,88.4237670898,139.957183838,223.559295654,373.167388916,179.078048706,428.2059021,124.645057678,46.7522583008,70.1245193481,294.54586792,171.360595703,409.531524658
2021-10-11,139.292739868,282.380584717,20.6042518616,162.315002441,137.604598999,322.362548828,147.930297852,38.7357292175,51.6628265381,87.6708679199,139.36579895,223.301269531,369.997283936,176.995101929,426.168365479,125.163948059,46.847278595,68.0437774658,296.862823486,168.238586426,406.566650391
2021-10-12,138.024765015,281.084960938,20.5803489685,162.366500854,135.162826538,320.698455811,146.79397583,38.5233840942,51.3942718506,87.6872329712,137.139389038,222.450805664,368.398529053,174.269821167,423.486419678,124.979278564,46.847278595,68.9530029297,297.594024658,167.860488892,405.565856934
2021-10-13,137.439529419,284.376739502,20.8471794128,164.214004517,136.285186768,321.461090088,142.92350769,38.1694793701,51.2515983582,88.2109832764,138.452606201,225.948394775,368.681732178,173.37059021,421.998596191,125.269485474,46.8559265137,70.1070327759,298.016906738,167.695663452,407.024871826
2021-10-14,140.219345093,290.557403564,21.6506347656,164.992996216,139.820510864,325.413269043,145.11618042,39.8771095276,52.032081604,89.045715332,139.244018555,226.187286377,384.03918457,178.316467285,427.078155518,126.685409546,47.1755561829,71.2173233032,303.100158691,169.101516724,413.871307373
2021-10-15,141.272750854,291.958648682,21.76612854,170.451004028,140.035476685,321.679077148,147.903656006,41.0273132324,52.5272293091,89.7003936768,140.278930664,227.324493408,391.0831604,182.619949341,428.71762085,127.010795593,47.0632553101,71.4009246826,308.703186035,171.089111328,417.023284912
2021-10-18,142.940612793,294.914520264,22.1245479584,172.337005615,141.432159424,332.158660889,147.850418091,40.9476852417,52.5020523071,89.6594772339,139.252700806,228.375656128,387.931152344,181.849212646,437.777404785,125.181518555,46.5967674255,70.8064346313,312.755737305,165.931045532,418.257904053
2021-10-19,145.096176147,295.816711426,22.1922550201,172.207504272,141.886856079,336.764556885,149.643600464,41.1246452332,53.290927887,91.4107666016,142.514007568,231.557891846,387.71194458,184.5652771,442.638916016,123.704078674,46.7781791687,71.7156600952,315.381011963,165.969833374,421.484680176
2021-10-20,145.583908081,295.029754639,22.0060749054,170.753005981,140.432693481,337.547088623,151.658706665,41.6643638611,53.5846557617,92.6055603027,142.43572998,232.905349731,397.496520996,187.363952637,445.188171387,124.187767029,47.1928367615,73.3680267334,315.592468262,165.35899353,423.140167236
2021-10-21,145.798461914,298.244842529,22.5924873352,171.75050354,140.548568726,338.636657715,150.469161987,41.4343147278,52.6111526489,91.4435119629,142.105255127,230.468505859,404.065307617,185.482849121,452.257781982,123.294006348,46.9509429932,73.2718582153,321.221801758,166.124954224,424.243835449
2021-10-22,145.027893066,296.709381104,22.6263389587,166.777496338,136.269821167,321.530456543,152.49319458,42.0890579224,52.9720115662,92.3109817505,142.383560181,232.934005737,410.350799561,185.132232666,456.768707275,124.62134552,47.0373344421,73.8051605225,322.42880249,164.263381958,423.804199219
2021-10-25,144.979171753,295.720733643,23.0644073486,166.018493652,136.151443481,325.571746826,151.747467041,42.0359687805,54.0042686462,93.170249939,142.696640015,234.176345825,410.65234375,186.571594238,464.454345703,124.639068604,46.847278595,73.6914978027,327.071563721,166.774551392,426.07699585
2021-10-26,145.64239502,297.62097168,24.6086101532,168.803497314,137.995376587,312.813934326,152.155822754,42.4341239929,55.2547073364,93.3748321533,144.148986816,237.415893555,415.357269287,184.200393677,460.123474121,126.408874512,47.0546073914,74.7231292725,325.256774902,166.803634644,426.460449219
2021-10-27,145.18397522,310.155029297,24.3437747955,169.62449646,144.839248657,309.258026123,148.986663818,41.6201210022,53.8196334839,91.7135772705,142.400939941,239.069168091,414.297576904,180.961807251,463.516113281,125.506256104,47.9616699219,74.3209686279,328.005371094,164.389434814,424.57119751
2021-10-28,148.81237793,311.287536621,24.8316249847,172.32850647,144.474212646,313.913452148,151.232589722,42.2748565674,53.9706993103,92.5728607178,141.626922607,242.108016968,416.088165283,188.306213379,465.613830566,126.258430481,48.4108657837,75.5536727905,327.344696045,164.515472412,428.667816162
2021-10-29,146.110595703,318.264831543,25.4548816681,168.621505737,146.650527954,320.500335693,150.815368652,42.2748565674,54.1049728394,93.6939849854,141.653015137,243.455444336,420.683624268,188.232376099,466.572662354,126.53276062,48.6959457397,74.6007156372,327.494506836,163.924057007,429.537658691
2021-11-01,145.291275024,316.10534668,25.7137413025,165.905502319,142.144378662,326.849578857,150.735458374,42.3368034363,55.0784835815,93.7267227173,141.774810791,238.247299194,414.87310791,189.49647522,466.885803223,126.223022461,48.5231781006,74.8280258179,322.860473633,165.009963989,430.276580811
2021-11-02,146.325195312,319.713928223,26.2852268219,165.637496948,144.061660767,324.967559814,151.330291748,42.3633384705,54.3987083435,93.1538848877,144.009857178,245.452713013,412.981994629,191.101852417,471.745727539,127.47958374,48.4627037048,74.6794128418,323.574157715,164.660919189,432.016174316
2021-11-03,147.758956909,320.548919678,26.4813575745,169.199996948,145.216171265,328.473968506,151.383529663,42.7968788147,53.6517982483,92.4828338623,143.548919678,254.445053101,417.814941406,187.807998657,476.81451416,128.355682373,48.6268424988,74.5220413208,325.054199219,164.903320312,434.653778076
2021-11-04,147.242050171,322.890594482,29.6703128815,173.850006104,146.869918823,332.663909912,149.39503479,41.8767051697,54.0546226501,92.891998291,143.148849487,258.974853516,417.294189453,187.844909668,489.42956543,128.594573975,48.8946380615,74.1024093628,327.882019043,165.097213745,436.702087402
2021-11-05,147.769500732,322.525970459,29.6215305328,175.949493408,147.448928833,337.893737793,149.181930542,41.5581932068,54.5665588379,93.8985900879,142.131317139,253.241104126,416.426239014,189.957778931,487.05645752,129.231719971,49.1019668579,74.7755737305,324.551940918,170.284362793,438.217224121
2021-11-08,146.948989868,323.418487549,30.668920517,174.449005127,147.626235962,335.407562256,150.078567505,41.885559082,55.154006958,94.2341079712,141.644302368,248.969436646,422.647796631,197.680480957,478.219329834,128.267181396,48.6613998413,73.9537582397,324.719329834,171.486618042,438.591339111
2021-11-09,147.310409546,322.420379639,30.5225582123,178.81149292,147.514801025,332.188354492,148.942276001,41.4785575867,55.6911201477,94.9297180176,141.331253052,250.393310547,424.22833252,193.583816528,482.870483398,128.656539917,48.799621582,74.2597732544,326.534179688,169.780212402,437.141693115
2021-11-10,144.487472534,317.477813721,29.3298149109,174.102493286,144.518295288,324.531768799,148.800216675,41.7882270813,54.5939712524,93.4157562256,142.861877441,252.906570435,420.162872314,190.686676025,479.832977295,129.921951294,48.9983062744,74.4870681763,324.710510254,169.140289307,433.624969482
2021-11-11,144.43862915,319.04208374,30.256729126,173.625,144.39251709,324.63079834,148.791381836,42.0182800293,54.6960258484,93.4239501953,141.809570312,250.976242065,417.869689941,192.402816772,486.164215088,129.550323486,49.0155792236,74.6356887817,323.873657227,157.175888062,433.765228271
2021-11-12,146.50944519,323.159332275,30.256729126,176.257507324,147.276535034,337.656036377,148.125549316,41.5051002502,54.2792739868,93.4812240601,143.505462646,248.934158325,419.331451416,193.085632324,490.900726318,129.691864014,48.9032783508,75.4574966431,328.2784729,154.771392822,437.038818359
2021-11-15,146.519226074,322.535552979,29.8933334351,177.283996582,147.052688599,344.262786865,147.85925293,41.6289672852,54.7470588684,95.6007614136,142.209609985,247.764465332,411.849182129,191.646255493,493.48260498,130.435211182,48.9119224548,76.3579864502,326.913024902,153.607894897,437.18838501
2021-11-16,147.495956421,325.837036133,30.0705451965,177.035003662,146.482116699,339.706390381,146.79397583,41.6555137634,55.2998886108,95.9772186279,141.470428467,247.083770752,410.771057129,189.54258728,499.965606689,130.24937439,48.5663757324,76.0432739258,345.633789062,153.99571228,438.918701172
2021-11-17,149.928207397,326.058105469,29.1326808929,177.449996948,146.651519775,337.53717041,146.003890991,41.1511878967,54.6960258484,95.5467453003,142.00088501,250.400970459,410.158996582,187.282073975,499.5574646,130.169723511,48.2985725403,76.7426605225,347.853820801,152.541381836,437.852539062
2021-11-18,154.206588745,328.125335693,31.5360946655,184.802993774,148.426116943,335.476898193,144.743331909,40.9830818176,54.1006736755,94.7437667847,141.235595703,250.544769287,410.634033203,185.842712402,502.481018066,130.187423706,47.8666419983,76.5852966309,357.544586182,150.84463501,439.339538574
2021-11-19,156.824371338,329.894348145,32.8403549194,183.82850647,147.522735596,342.024200439,142.852478027,40.1690826416,51.6001853943,92.64112854,141.661682129,249.940795898,401.982299805,184.938552856,506.676483154,129.921951294,47.6247596741,77.2060394287,360.046478271,149.312728882,438.554016113
2021-11-22,157.283477783,326.740753174,31.8158607483,178.628494263,144.922973633,337.774902344,145.897384644,40.9476852417,52.3145980835,94.2967605591,139.797180176,249.69152832,399.734893799,186.728439331,512.239074707,130.789169312,47.9184684753,76.3754806519,360.134643555,149.46786499,437.319366455
2021-11-23,157.664428711,324.67364502,31.6067848206,179.001998901,144.407867432,334.050628662,149.386138916,42.0271186829,53.6924285889,96.2752380371,140.663818359,251.148834229,408.496246338,189.450317383,517.563842773,132.240386963,48.2726631165,76.3317565918,359.76461792,146.433135986,437.899261475
2021-11-24,158.182144165,324.894744873,32.5307121277,179.020492554,144.742660522,337.824462891,148.214324951,42.1421356201,53.9901161194,97.0120010376,140.269866943,251.187133789,411.264465332,191.055770874,521.80682373,131.55015564,47.8839149475,76.58203125,363.059509277,146.733688354,439.068328857
2021-11-26,153.171157837,316.981689453,31.3648529053,175.227996826,140.842773438,329.959777832,143.749084473,40.4876060486,52.0934715271,94.7934570312,139.359466553,249.624404907,401.900054932,183.360733032,518.389709473,130.497146606,46.4153556824,75.598526001,354.76953125,143.601989746,429.275695801
2021-11-29,156.521575928,323.664093018,33.2296295166,178.07850647,144.158737183,334.823181152,143.127700806,40.3371925354,52.3826446533,95.0748901367,139.840927124,244.313034058,412.94543457,180.768112183,526.695373535,131.868759155,47.1496353149,77.8553314209,358.399169922,143.311126709,434.541534424
2021-11-30,161.464187622,317.856689453,32.532699585,175.353500366,140.559967041,321.381866455,140.997161865,39.3462295532,50.8942642212,93.4358215332,136.496994019,237.803268433,405.837646484,178.39680481,511.982666016,127.939727783,45.6609725952,76.2044525146,352.928222656,140.489700317,426.086334229
2021-12-01,160.946456909,317.366363525,31.3009777069,172.186004639,139.721954346,307.653411865,140.162689209,38.7888183594,50.8517379761,92.7984085083,138.379058838,238.848297119,405.94732666,176.662216187,502.927185059,129.550323486,45.5303955078,77.1352462769,354.219909668,137.823394775,421.353851318
2021-12-02,159.959869385,316.799041748,31.9890327454,171.867996216,141.618392944,307.445343018,143.109893799,39.9090080261,52.1189994812,95.314956665,137.512435913,237.649902344,407.482177734,181.570755005,498.817077637,130.311309814,46.2007331848,77.8201904297,360.721740723,142.719711304,427.807312012
2021-12-03,158.084442139,310.568695068,30.5621452332,169.489501953,140.663009644,303.929077148,140.517807007,39.0021934509,51.7872962952,94.7106552124,139.517074585,235.444824219,411.835876465,182.502716064,502.063323975,132.629760742,46.6098861694,77.3021087646,360.757171631,141.76953125,424.08480835
2021-12-06,161.483734131,313.626190186,29.9089393616,171.368499756,141.805603027,314.854400635,142.177810669,39.2511253357,52.3741416931,96.1924514771,142.633361816,236.163848877,421.725708008,185.713500977,506.116516113,134.638473511,47.8025550842,78.2856292725,367.736816406,145.793228149,429.107391357
2021-12-07,167.207717896,322.019958496,32.2887496948,176.164505005,145.881332397,319.747528076,144.317230225,39.7489776611,52.9609947205,97.6163101196,143.001037598,234.994232178,425.960327148,188.675292969,514.488525391,134.284561157,48.0637207031,79.392074585,368.161407471,146.219802856,437.983459473
2021-12-08,171.017196655,322.067993164,31.6903133392,176.158004761,146.78968811,327.42401123,142.66607666,39.260017395,53.1140861511,98.0550460815,143.858932495,234.236831665,429.745819092,188.398468018,503.183349609,134.886260986,47.8809089661,79.3130264282,363.800292969,148.672821045,439.143188477
2021-12-09,170.509277344,320.270019531,30.3600082397,174.171005249,146.246856689,326.691009521,142.444107056,39.553401947,53.250164032,97.7984161377,145.224456787,232.87538147,433.833618164,188.34312439,497.697113037,135.673828125,47.7590293884,78.9529953003,363.879882812,148.284988403,436.178314209
2021-12-10,175.285812378,329.346435547,30.0692577362,172.212005615,146.606445312,326.621704102,141.875991821,39.5800666809,53.5903625488,97.9639892578,144.865570068,234.064239502,438.334075928,187.724945068,530.435058594,137.567550659,48.9952278137,79.277885437,367.471466064,148.06199646,440.28427124
2021-12-13,171.661880493,326.327331543,28.0409393311,169.567504883,144.451934814,331.316772461,140.189300537,38.7443656921,52.4166679382,95.9275588989,147.456665039,238.273071289,438.251586914,185.685836792,528.916503906,139.523162842,50.283657074,80.5599746704,358.483673096,145.851364136,436.384033203
2021-12-14,170.284591675,315.693328857,28.2161903381,169.091506958,142.550537109,330.573822021,141.263458252,39.2333450317,52.3401222229,96.2090148926,149.067398071,239.088027954,439.461456299,186.045669556,517.639953613,140.036407471,50.3184776306,79.058380127,355.794494629,144.56187439,433.381652832
2021-12-15,175.139251709,321.760223389,30.3291397095,173.315002441,145.060623169,338.418731689,140.207092285,39.0644187927,52.1104812622,95.6626586914,149.811431885,263.919036865,453.13684082,186.885299683,536.756835938,140.576202393,50.544834137,80.7882843018,360.757171631,145.822280884,440.153320312
2021-12-16,168.262634277,312.385864258,28.2659740448,168.871002197,143.083465576,331.722869873,142.399749756,40.0068016052,52.1955337524,96.5566940308,151.448394775,267.523834229,451.743530273,190.225372314,524.559509277,142.567276001,51.0584640503,80.990272522,353.4324646,144.222518921,436.271759033
2021-12-17,167.168640137,311.328216553,27.6824760437,170.017501831,140.389099121,330.623443604,139.159561157,39.0110816956,51.0558624268,94.0401306152,147.26411438,256.383483887,446.482391357,185.796569824,519.794555664,139.337341309,50.2575454712,79.8574752808,343.215148926,144.232223511,431.628692627
2021-12-20,165.810897827,307.588043213,27.600818634,167.078994751,140.272216797,322.362548828,136.656173706,38.370967865,50.3159294128,94.0815048218,146.843917847,252.60609436,443.375305176,180.34362793,520.696350098,139.691268921,50.0921325684,78.9793319702,344.471282959,142.011917114,427.038970947
2021-12-21,168.975723267,314.683807373,28.9510498047,170.417007446,142.120132446,331.02947998,138.564788818,39.2866744995,51.4556007385,95.5881576538,146.371246338,253.948348999,446.564910889,182.973266602,517.725219727,139.602798462,50.2923622131,79.4271774292,345.417785645,146.452514648,434.622741699
2021-12-22,171.564224243,320.366149902,29.2746582031,171.037002563,145.034866333,327.315093994,139.106307983,39.3666954041,51.8723564148,96.1345062256,147.001449585,255.501464844,452.907684326,186.51625061,521.74987793,140.98324585,50.6492919922,79.7345352173,349.99130249,147.257263184,438.968383789
2021-12-23,172.189361572,321.798797607,29.5136318207,171.068496704,145.531677246,332.05960083,139.603378296,39.4911575317,51.8978462219,96.3662872314,147.281600952,261.829071045,454.053436279,190.253036499,522.414367676,141.673522949,50.6841201782,79.6467208862,351.256317139,148.95401001,441.699707031
2021-12-27,176.145370483,329.259857178,30.8130626678,169.669494629,146.512313843,342.895843506,140.402359009,39.6867485046,52.6378097534,98.3365097046,148.524642944,266.919952393,457.829650879,190.419128418,534.848815918,143.328277588,51.0584640503,80.19115448,357.466369629,148.149261475,447.950744629
2021-12-28,175.129501343,328.106018066,30.1927242279,170.660995483,145.304336548,342.93548584,140.828491211,39.7401008606,52.4677047729,98.1461029053,149.119918823,265.021606445,460.982666016,190.640533447,535.959533691,144.098144531,51.2586898804,80.6829223633,359.35055542,150.476196289,447.584594727
2021-12-29,175.217437744,328.77923584,29.8730926514,169.201004028,145.272628784,339.686553955,140.757446289,39.6778678894,52.0084228516,97.6411132812,150.170349121,266.929504395,463.40246582,191.295608521,538.930480957,145.292770386,51.3196258545,80.7795028687,363.4375,150.156234741,448.157196045
2021-12-30,174.06477356,326.250457764,29.4598655701,168.644500732,144.822418213,341.093109131,140.686462402,39.5889511108,51.7022514343,97.2106628418,150.835647583,265.807769775,462.348327637,190.142303467,535.266601562,144.036193848,51.1716346741,81.4644393921,362.641448975,151.183990479,446.918243408
2021-12-31,173.449417114,323.366088867,29.2856082916,166.716995239,143.486618042,333.15914917,140.571044922,39.553401947,52.0424423218,97.1444473267,149.750183105,264.820343018,460.249450684,190.751296997,538.864074707,144.752975464,51.5459747314,81.9825668335,367.126464844,150.175628662,445.791931152
2022-01-03,177.786376953,321.856445312,29.9925823212,170.404495239,143.624816895,335.328277588,143.544891357,41.0558738708,54.0411376953,98.7255783081,150.161605835,260.515625,460.377685547,190.991165161,537.924255371,144.151229858,51.624332428,80.489730835,361.491394043,151.988708496,448.373077393
2022-01-04,175.529998779,316.337554932,29.1651287079,167.522003174,143.038391113,333.337432861,148.986663818,42.6650276184,56.0738563538,100.52192688,149.75894165,255.798675537,449.94708252,201.214263916,535.5703125,144.655609131,52.4861831665,79.62915802,365.206817627,150.99005127,448.222839355
2022-01-05,170.860916138,304.194091797,27.4863166809,164.356994629,136.476348877,321.094696045,146.262878418,41.9449195862,56.7712554932,101.175933838,150.756866455,249.892868042,448.837982178,202.755111694,521.987304688,145.310455322,52.9214630127,78.7949295044,360.25289917,150.466522217,439.61605835
2022-01-06,168.008666992,301.790344238,28.0578632355,163.253997803,136.44909668,329.306030273,147.816772461,42.7895011902,58.1065368652,102.036849976,150.240371704,248.627288818,430.46987915,204.821868896,521.873291016,144.089294434,52.6428833008,75.3175125122,358.943664551,152.124435425,439.203063965
2022-01-07,168.174743652,301.944122314,27.1308364868,162.554000854,135.725479126,328.642364502,149.281356812,43.722984314,58.5828361511,103.502105713,152.271255493,248.790344238,420.341644287,206.851715088,508.945251465,144.009628296,52.5210075378,75.8795166016,348.195587158,153.026138306,437.466674805
2022-01-10,168.194274902,302.165344238,27.2831878662,161.485992432,137.362426758,324.957641602,149.42427063,43.5007324219,58.2341308594,103.568321228,151.518463135,249.375091553,426.207763672,204.498931885,492.447967529,142.045181274,52.6080627441,74.0178833008,342.755126953,151.833602905,436.922332764
2022-01-11,171.017196655,302.847961426,27.6984043121,165.361999512,138.418838501,331.197906494,149.57611084,43.749671936,60.6835823059,105.935874939,149.907775879,251.493927002,429.874084473,202.939651489,495.513916016,140.399215698,52.6254730225,74.4569625854,342.056274414,153.084335327,440.901885986
2022-01-12,171.456741333,306.011230469,27.8796272278,165.207000732,140.097366333,330.098449707,150.424484253,43.4384994507,60.5049972534,105.406082153,148.629699707,245.358078003,434.200286865,205.200164795,499.092468262,140.70892334,52.7038269043,74.7203979492,344.471282959,152.997070312,442.093933105
2022-01-13,168.194274902,293.060028076,26.4617004395,161.214004517,137.280670166,323.382751465,150.236968994,43.3496055603,60.0712203979,104.967323303,147.72807312,239.365997314,428.435119629,209.444412231,490.625488281,140.07182312,53.0172309875,74.5535354614,342.330505371,150.70892334,436.002532959
2022-01-14,169.053848267,298.252075195,26.8271389008,162.138000488,138.165756226,328.751342773,141.002868652,42.593914032,61.1258544922,106.75541687,146.92276001,234.045074463,429.589935303,211.234390259,477.441040039,141.416885376,53.4438018799,73.0607147217,329.078887939,147.315429688,436.180786133
2022-01-18,165.859741211,290.992828369,25.7925662994,158.917495728,134.716079712,315.131744385,135.090911865,41.1269989014,62.1549606323,107.103096008,146.27494812,236.873306274,422.532287598,212.092437744,463.278839111,138.691345215,53.0172309875,71.3483505249,324.408081055,147.635406494,428.456176758
2022-01-19,162.372558594,291.646606445,24.9601268768,156.298995972,133.842895508,316.558105469,133.001144409,41.2870254517,62.1804656982,106.714027405,145.819732666,234.936706543,423.934692383,205.509750366,465.26260376,143.354812622,53.1042709351,72.525062561,318.189147949,145.541137695,424.007354736
2022-01-20,160.692474365,289.983337402,24.0470428467,151.667495728,132.050933838,313.55682373,131.867019653,40.6735877991,62.3165626526,106.333229065,144.655502319,233.095932007,424.374603271,200.846252441,458.295532227,144.128875732,52.8866424561,73.3329391479,309.245666504,143.126922607,419.314331055
2022-01-21,158.641220093,284.627807617,23.2743530273,142.643005371,129.122787476,300.293884277,129.562927246,39.9356803894,61.3809928894,105.058380127,144.322875977,233.028808594,422.697296143,198.49130249,457.147003174,144.680419922,52.6254730225,72.5338363647,308.821075439,133.198577881,411.082977295
2022-01-24,157.869506836,284.954711914,23.2723560333,144.544006348,129.571029663,305.781311035,129.446853638,39.6067390442,61.9083213806,105.281898499,142.659683228,230.497787476,423.705444336,198.713821411,464.066680908,143.506057739,52.1988983154,71.9366912842,321.833831787,133.276168823,412.828765869
2022-01-25,156.072265625,277.378204346,22.2288284302,139.985992432,125.738510132,297.30255127,130.85786438,40.389087677,63.7283935547,109.760391235,146.73890686,229.577407837,418.72845459,198.695266724,453.074859619,141.940200806,52.0770225525,65.9478302002,317.561065674,132.355056763,407.788421631
2022-01-26,155.984359741,285.281707764,22.6749134064,138.872497559,128.014846802,291.834899902,132.099197388,40.8069496155,63.0819969177,109.843177795,147.395462036,228.043426514,420.185821533,198.676727295,458.912597656,140.703552246,51.8854904175,63.7876167297,316.057281494,129.53364563,406.765472412
2022-01-27,155.52520752,288.291046143,21.8504428864,139.637496948,127.788993835,291.844787598,129.768341064,40.4246520996,63.8899917603,112.061721802,149.33001709,226.950469971,423.091400146,196.711196899,458.010681152,141.575469971,51.9290237427,63.6734771729,315.305358887,131.298233032,404.756774902
2022-01-28,166.377456665,296.386810303,22.7426261902,143.977996826,132.094024658,298.847717285,130.92930603,40.7802619934,64.0260620117,108.121322632,150.380432129,234.984634399,427.179290771,186.50340271,467.417419434,142.794326782,52.9649887085,63.6646766663,324.248901367,134.410552979,414.809173584
2022-01-31,170.724151611,299.002075195,24.3816070557,149.573501587,134.028152466,310.28817749,132.706436157,41.0203056335,64.6044158936,108.717338562,150.818099976,235.262634277,433.146270752,186.874267578,479.472290039,142.749847412,53.112991333,68.5998153687,324.638214111,138.618453979,422.28036499
2022-02-01,170.558120728,296.867462158,24.5329608917,151.193496704,136.346572876,315.97366333,134.983718872,41.7315406799,68.746383667,111.581565857,149.583847046,238.03338623,429.333282471,190.388122559,482.585693359,142.118164062,52.7212371826,67.8182525635,326.159667969,140.092193604,425.133636475
2022-02-02,171.759552002,301.386474609,25.1343822479,150.612503052,146.60496521,319.935791016,133.903137207,41.6870918274,68.5677719116,112.094856262,151.238296509,240.478134155,439.754760742,190.007995605,495.504364014,144.662643433,53.260974884,68.25730896,330.609283447,138.279098511,429.263427734
2022-02-03,168.887771606,289.646820068,23.8458976746,138.845504761,141.741226196,235.50440979,132.795776367,41.278137207,67.7682876587,111.093170166,151.229537964,234.706588745,447.994750977,185.97492981,496.017791748,146.032791138,53.6353340149,66.5361938477,322.718475342,135.767929077,419.173583984
2022-02-04,168.604171753,294.156158447,24.2153205872,157.63949585,141.942337036,234.840774536,136.242889404,42.9228591919,69.2396697998,112.483909607,150.240371704,232.271392822,442.861938477,183.953781128,494.116424561,143.710708618,53.0694618225,66.7469177246,318.171508789,137.697372437,421.144622803
2022-02-07,167.890228271,289.358337402,24.6225757599,157.935501099,137.888900757,222.77633667,136.698379517,43.1273384094,70.0731506348,114.69418335,149.741439819,233.49861145,443.347808838,185.261047363,490.427978516,142.63420105,53.6266136169,66.4571533203,316.119232178,138.172439575,419.792999268
2022-02-08,170.990600586,292.829315186,25.0009536743,161.413497925,138.085021973,218.091186523,139.270339966,43.9007987976,68.2615890503,112.947471619,150.1353302,230.008834839,452.247711182,186.818618774,495.428314209,142.313919067,53.9748497009,66.263961792,319.737243652,138.143341064,423.247070312
2022-02-09,172.408752441,299.223144531,26.5911502838,161.189498901,140.257339478,229.799057007,139.850845337,43.8118896484,67.9348220825,114.065040588,150.117828369,233.230117798,456.546478271,188.765625,502.729370117,141.993637085,53.1391067505,67.317741394,322.329223633,142.748794556,429.441772461
2022-02-10,168.340057373,290.73324585,25.7139034271,159.003494263,137.31338501,225.906356812,139.270339966,43.6074142456,67.2812652588,112.616348267,148.305801392,229.749969482,446.115783691,188.274230957,492.890014648,139.83164978,53.4350967407,66.2551879883,314.1199646,147.528747559,421.726531982
2022-02-11,164.93649292,283.67590332,23.8468914032,153.293502808,133.01675415,217.467163086,137.457473755,42.6028060913,68.9753494263,114.909431458,146.80897522,226.010894775,438.242431641,186.577590942,484.514953613,139.048782349,52.4861831665,65.8248977661,309.873779297,144.920608521,413.410583496
2022-02-14,165.17124939,283.637542725,24.1635456085,155.167007446,134.248519897,215.63470459,136.180435181,42.1582832336,67.9176177979,113.137878418,144.961883545,225.943511963,434.823547363,185.325927734,481.558441162,139.44909668,52.8257064819,65.7897720337,310.997253418,146.258621216,412.059051514
2022-02-15,168.995376587,288.896789551,26.3820419312,156.510498047,135.320831299,218.903396606,138.171875,42.4872322083,67.0662841797,112.309745789,146.458770752,234.7525177,438.334075928,188.589447021,488.555175781,139.520294189,53.025932312,65.9390487671,312.501098633,150.010818481,418.704284668
2022-02-16,168.760665894,288.55960083,26.3979682922,158.100494385,136.439682007,214.485702515,138.421951294,42.3894424438,67.3758468628,112.343193054,146.371246338,236.427688599,440.002258301,188.802688599,487.110351562,140.578994751,53.0172309875,66.06199646,309.696899414,151.591201782,419.173583984
2022-02-17,165.17124939,280.110015869,24.4025211334,154.652496338,131.289672852,205.739471436,135.233779907,40.9580726624,67.2726821899,111.766014099,145.47833252,231.989486694,431.102294922,180.551177979,489.591400146,142.189331055,54.0793113708,66.1937255859,307.794921875,148.294677734,410.219421387
2022-02-18,163.625946045,277.412231445,23.5412006378,152.601501465,129.173828125,204.204223633,135.867858887,40.8602828979,66.5245285034,111.607078552,143.918991089,231.354064941,428.783294678,177.96446228,487.366821289,142.260513306,54.4449539185,65.1136016846,306.848358154,146.753082275,407.563171387
2022-02-22,160.711380005,277.209960938,23.2902774811,150.197494507,128.589859009,200.162887573,135.626724243,40.5046615601,65.7505874634,110.753829956,141.963226318,230.218063354,423.925537109,177.278381348,477.394592285,140.507797241,54.2186012268,64.7887039185,279.69052124,143.582611084,403.189453125
2022-02-23,156.554718018,270.032073975,22.2915554047,144.82699585,126.385360718,196.567367554,132.786834717,39.8112106323,66.0171661377,113.388839722,142.033691406,229.428604126,421.276702881,173.06918335,470.816131592,138.755126953,53.6179122925,63.5066146851,272.861297607,141.430175781,396.037384033
2022-02-24,159.166107178,283.82901001,23.6467494965,151.358001709,131.440246582,205.630554199,129.089660645,38.7621574402,65.1830368042,112.803291321,139.320205688,234.020874023,417.857849121,171.233413696,480.626739502,135.018508911,52.6777000427,66.2463989258,277.098632812,144.852737427,401.997375488
2022-02-25,161.229751587,286.449615479,24.0540103912,153.788497925,133.192077637,208.483200073,132.143859863,40.024597168,66.9372787476,117.429191589,146.244842529,241.501266479,436.060943604,173.430709839,491.949005127,140.783615112,54.7148170471,67.7567825317,280.115112305,144.978759766,410.86706543
2022-02-28,161.493850708,287.875610352,24.281036377,153.56300354,133.783950806,209.027954102,126.633766174,39.2955665588,67.4360656738,120.457336426,144.98500061,240.634796143,436.170959473,173.912841797,493.622161865,138.692886353,54.1837768555,69.1121749878,279.389709473,143.941345215,409.815856934
2022-03-01,159.615966797,284.175842285,23.3769054413,151.141998291,132.797851562,201.559539795,121.855957031,37.7575340271,68.0810165405,125.242164612,144.482833862,240.201599121,436.519226074,169.508911133,497.120513916,136.397491455,53.9487266541,68.3792953491,283.299743652,141.265365601,403.57421875
2022-03-02,162.902191162,289.22442627,24.1208496094,152.052505493,133.303039551,206.135681152,124.383300781,38.370967865,69.2505187988,128.939544678,146.280044556,244.697540283,444.88760376,178.576339722,501.940155029,136.824523926,54.3491821289,68.4764251709,289.598205566,142.855438232,410.998504639
2022-03-03,162.579437256,285.110351562,23.6169223785,147.898498535,132.637359619,201.044464111,123.499168396,37.960018158,69.6890792847,130.679473877,148.429641724,249.000946045,445.996673584,180.653137207,506.740966797,137.331665039,54.3840026855,69.5713424683,286.935546875,141.139312744,408.952392578
2022-03-04,159.586639404,279.271759033,22.8421096802,145.64100647,130.663146973,198.162078857,120.025238037,36.5842018127,72.311882019,132.712219238,149.310668945,253.07333374,457.050567627,181.404098511,499.563598633,138.025604248,54.4710655212,70.8252105713,286.847106934,136.436950684,405.629730225
2022-03-07,155.801620483,268.721710205,21.2645893097,137.45300293,125.187263489,185.691482544,115.390327454,34.252456665,74.9174728394,135.547958374,151.715759277,251.889175415,446.253326416,182.368347168,502.434570312,135.979309082,53.1739234924,74.3307037354,285.528961182,129.436691284,393.672149658
2022-03-08,153.98248291,265.77355957,21.4259281158,136.01449585,125.906417847,188.48475647,114.577651978,34.4757995605,75.4850387573,142.649963379,148.641113281,250.242843628,433.962036133,194.699356079,497.52923584,130.596755981,51.0671615601,72.3616104126,280.194732666,127.739944458,390.687408447
2022-03-09,159.371490479,277.961425781,22.9197864532,139.279006958,132.162368774,196.616882324,119.167892456,36.6646003723,71.193977356,139.086395264,149.204956055,252.996246338,445.061737061,194.495361328,501.60760498,132.358337402,51.3283309937,70.9223251343,282.29510498,129.582107544,401.162109375
2022-03-10,155.038757324,275.157714844,22.5652427673,146.817504883,131.181228638,193.358078003,117.756889343,36.3340415955,73.404006958,142.892532349,149.46925354,256.105926514,450.442047119,196.358886719,506.427215576,128.950820923,50.388130188,70.7810592651,282.953613281,129.572433472,399.350585938
2022-03-11,151.331985474,269.839355469,22.0095310211,145.524505615,128.646331787,185.830169678,115.104553223,36.0302963257,73.0256347656,142.959487915,149.196121216,256.375457764,443.896636963,199.17741394,501.38885498,127.420585632,50.4229469299,70.0216827393,281.930175781,127.739944458,394.272827148
2022-03-14,147.312240601,266.34197998,21.2426757812,141.852996826,124.763778687,184.859466553,116.247642517,36.8075408936,70.4114303589,139.462860107,151.257659912,258.97479248,448.539154053,199.742980957,499.991424561,129.048706055,51.3528137207,70.0040206909,283.327392578,125.102737427,391.391387939
2022-03-15,151.684082031,276.660736084,22.8789558411,147.366500854,127.980155945,190.208221436,118.310546875,37.0755615234,66.4041290283,132.402679443,155.178115845,265.19418335,457.722839355,200.688705444,515.553527832,133.692901611,52.3002128601,72.3881149292,292.387176514,130.115371704,399.99822998
2022-03-16,156.085250854,283.636322021,24.3957195282,153.104003906,132.024215698,201.69821167,123.597389221,38.2369613647,66.1547546387,131.925872803,153.750869751,266.137573242,458.044616699,200.336349487,516.570800781,133.239089966,52.1598548889,72.8561096191,294.496429443,133.935455322,408.867797852
2022-03-17,157.092666626,284.435974121,24.6646137238,157.238998413,132.577453613,205.868240356,125.160232544,38.4424438477,67.9176177979,134.209564209,155.759521484,274.869567871,466.097564697,205.546859741,525.506591797,133.657272339,52.7125091553,73.0150299072,299.34664917,135.224990845,413.983184814
2022-03-18,160.378860474,289.455627441,26.3447055817,161.25050354,134.842407227,214.436218262,125.115592957,38.3263092041,67.6510391235,135.288635254,154.03276062,276.920196533,465.270141602,204.814407349,533.644165039,133.586074829,52.7212791443,72.7324829102,303.244689941,136.02973938,418.517456055
2022-03-21,161.748153687,288.232025146,26.6245536804,161.491500854,134.818618774,209.483642578,124.713661194,38.2727012634,70.6865921021,137.722930908,154.904983521,278.845672607,466.685852051,207.410415649,528.11138916,134.093231201,53.1423454285,72.2291717529,293.12588501,134.400848389,418.395111084
2022-03-22,165.112564087,292.953063965,26.4154148102,164.889007568,138.549606323,214.594696045,127.366043091,39.4698371887,70.3770294189,137.262802124,154.17376709,274.397766113,464.534698486,206.48324585,531.809448242,135.125244141,53.3353347778,73.1563186646,293.446258545,135.845489502,423.290863037
2022-03-23,166.472061157,288.549957275,25.5290641785,163.408004761,136.972137451,211.434967041,124.829811096,38.4960403442,71.4863510132,138.743453979,153.592330933,273.59866333,462.613433838,205.982620239,526.676086426,134.182174683,52.9844512939,72.9090805054,282.161529541,133.450668335,417.839569092
2022-03-24,170.247253418,292.991546631,28.0347614288,163.649505615,140.237564087,217.486968994,125.642463684,38.4781723022,71.7013320923,139.111495972,154.385192871,276.968322754,472.01776123,206.019699097,530.564147949,134.413497925,53.4932365417,73.906867981,281.031280518,134.730499268,424.138244629
2022-03-25,170.882995605,292.586914062,27.5786323547,164.773498535,140.337585449,219.715621948,126.740905762,39.0678100586,73.2664031982,141.629394531,155.865234375,278.248779297,471.622436523,207.085906982,528.282592773,135.970474243,53.9757080078,74.1187896729,276.492553711,134.905029297,426.209564209
2022-03-28,171.743652344,299.350463867,28.1034793854,168.990493774,140.122146606,221.468841553,125.803192139,38.9070014954,71.2111663818,139.153335571,156.666992188,280.790374756,471.778717041,205.685913086,537.313781738,136.90461731,54.3178329468,74.5514450073,279.696289062,134.497802734,429.24118042
2022-03-29,175.029891968,303.888427734,28.5386943817,169.315002441,141.162246704,227.679351807,126.080070496,38.8087310791,70.832824707,137.455245972,156.587692261,277.642272949,469.508148193,204.934951782,541.848266602,138.310333252,54.5283584595,74.7192382812,282.748901367,138.046401978,434.551330566
2022-03-30,173.86605835,302.394989014,27.5766468048,166.300994873,140.600585938,225.688446045,125.508506775,38.41563797,72.0452880859,138.425567627,158.217498779,279.086273193,478.783660889,206.826309204,548.017944336,137.358352661,54.572227478,75.4962692261,274.51675415,136.669647217,431.868041992
2022-03-31,170.775421143,297.047790527,27.1742992401,162.997497559,137.756622314,220.250518799,121.739868164,36.8254127502,71.0219726562,136.208816528,156.13835144,275.697479248,468.809417725,206.585266113,547.428649902,135.943740845,54.3880157471,74.7987060547,266.39151001,132.985275269,425.220947266
2022-04-01,170.482009888,298.117279053,26.6026496887,163.559997559,138.829452515,222.716903687,120.837890625,36.5395278931,71.4777450562,137.371582031,156.984115601,281.762756348,471.217956543,203.757476807,547.162414551,137.981124878,55.1512069702,75.6816864014,268.669830322,132.83013916,426.426147461
2022-04-04,174.52130127,303.464508057,27.2479934692,168.346496582,141.623855591,231.671112061,121.373710632,36.4769859314,71.5121536255,137.497039795,155.468826294,280.559295654,468.855407715,204.721694946,546.744140625,137.082565308,54.8617172241,75.6022186279,271.953704834,134.362075806,430.079162598
2022-04-05,171.215515137,299.523956299,25.824842453,164.054992676,139.265808105,229.640579224,119.961257935,35.8605537415,71.1423721313,136.652160645,156.47315979,281.589385986,475.97064209,200.280715942,546.924682617,137.562973022,54.8003044128,76.2291488647,271.312957764,131.492172241,424.64666748
2022-04-06,168.05645752,288.55960083,24.3070831299,158.755996704,135.260879517,221.181594849,118.296882629,35.4674568176,71.9335098267,137.865097046,160.543334961,294.441894531,488.831451416,200.456848145,555.927307129,139.529174805,55.3529586792,76.3704147339,265.688415527,128.535003662,420.400482178
2022-04-07,168.359680176,290.361297607,24.1089000702,157.784500122,134.60760498,220.834899902,117.93699646,35.1905136108,73.1374206543,139.780715942,160.129257202,296.93536377,493.611785889,200.169448853,578.03918457,141.335250854,55.6512107849,76.8914108276,269.435180664,127.856285095,422.518798828
2022-04-08,166.354721069,286.12197876,23.0243530273,154.460494995,132.03112793,220.220779419,120.096214294,35.440662384,74.6766967773,142.148025513,160.446411133,300.073883057,501.894592285,201.217086792,570.424743652,142.438476562,55.9933280945,76.0172348022,276.875152588,127.856285095,421.389038086
2022-04-11,162.109985352,274.839874268,21.8272781372,151.121994019,127.609214783,214.406494141,119.655357361,35.3691940308,72.105506897,138.492462158,158.437774658,297.445526123,494.062255859,200.308532715,555.813232422,141.895721436,55.9757957458,74.6838912964,272.968322754,126.673423767,414.186553955
2022-04-12,163.978042603,271.75668335,21.4159679413,150.787506104,126.510673523,212.108505249,118.34186554,34.9939689636,73.6103820801,141.378433228,158.490600586,296.598419189,490.633331299,200.911148071,552.666564941,141.468673706,56.6337051392,74.0746459961,272.585632324,126.857635498,412.651885986
2022-04-13,166.657867432,277.113586426,22.1121082306,155.541000366,128.669616699,212.950439453,114.527305603,34.6812820435,74.6509094238,143.603561401,159.160171509,291.390106201,493.657897949,202.366760254,561.91619873,141.869049072,56.7828445435,73.7744216919,276.261169434,128.32170105,417.378234863
2022-04-14,161.660079956,269.608062744,21.1709747314,151.706497192,125.535453796,208.186050415,113.465682983,33.5645484924,75.5280380249,143.536621094,158.490600586,290.610137939,491.653717041,211.211654663,561.251037598,141.077209473,57.0372238159,73.1209945679,271.010375977,126.498916626,412.181152344
2022-04-18,161.44493103,270.272888184,21.6938266754,152.785003662,126.473022461,208.770462036,115.570892334,34.7080802917,76.1472015381,145.460571289,156.517166138,287.683502197,490.973480225,213.167953491,553.389160156,139.733810425,56.5284500122,72.1496963501,267.1746521,123.881080627,412.350616455
2022-04-19,163.723754883,274.878326416,22.1071281433,158.115493774,128.783554077,215.248413086,117.963989258,35.3513259888,75.4678421021,143.737426758,161.292190552,285.940948486,494.301391602,215.244766235,564.968017578,141.824584961,57.0810966492,72.2556381226,273.929412842,127.885360718,419.007080078
2022-04-20,163.557479858,275.899627686,21.3940582275,153.998001099,126.833084106,198.51864624,118.377861023,35.431728363,75.6398239136,144.322952271,162.005783081,282.003417969,501.940582275,217.95199585,573.742431641,145.596847534,57.861831665,71.9730911255,280.461761475,120.778488159,418.69631958
2022-04-21,162.765228271,270.552368164,20.1003723145,148.296005249,123.637992859,186.285842896,117.460174561,34.7616844177,74.8400878906,137.672714233,161.538879395,278.816711426,494.062255859,215.624847412,562.534301758,145.483215332,58.0811347961,67.2667236328,276.207733154,117.957054138,412.43536377
2022-04-22,158.236953735,264.020050049,19.4351100922,144.350006104,118.5078125,182.363388062,114.08644104,33.5556221008,73.2062225342,134.636184692,159.935424805,268.342254639,478.894012451,201.502044678,543.483459473,144.266464233,57.238986969,65.2976531982,267.085632324,114.67024231,401.118499756
2022-04-25,159.303024292,270.465606689,19.8205223083,146.074005127,121.913909912,185.216049194,114.050460815,33.3143997192,70.7381896973,131.741867065,163.873474121,274.571105957,481.95526123,201.874649048,540.165649414,145.429534912,57.8442764282,65.3771057129,271.384155273,116.299095154,403.443969727
2022-04-26,153.356536865,260.349273682,18.7110843658,139.39100647,117.531608582,179.23336792,110.676704407,32.563949585,70.763999939,130.938812256,162.701751709,272.289459229,472.311889648,195.912521362,526.428833008,142.960220337,57.0635528564,64.9621124268,266.952178955,112.246330261,391.759887695
2022-04-27,153.131607056,272.874359131,18.3396129608,138.167007446,113.217163086,173.290283203,109.237258911,32.385269165,72.7848434448,130.696212769,160.42880249,274.465179443,472.339447021,199.322113037,526.733093262,142.575500488,57.5109443665,64.6971893311,268.411651611,111.70337677,392.86138916
2022-04-28,160.046325684,279.050170898,19.7010211945,144.596496582,117.405303955,203.778259277,110.964607239,32.8855781555,74.9862670898,135.338867188,161.626953125,286.191314697,482.093139648,197.906097412,535.131347656,146.198944092,58.0635871887,64.8914718628,277.453643799,111.780937195,402.784973145
2022-04-29,154.187866211,267.382568359,18.4710731506,124.28150177,113.033905029,198.56817627,107.383934021,31.8760471344,73.3094024658,131.055892944,158.983978271,281.242889404,467.50402832,196.136077881,506.298919678,143.640151978,56.6775779724,62.7104568481,267.34375,108.232330322,387.899719238
2022-05-02,154.491012573,274.078643799,19.4530353546,124.5,115.484085083,209.127044678,108.364578247,32.2870063782,74.3069534302,133.632354736,157.380569458,278.768554688,460.701263428,197.561416626,503.661529541,141.698730469,55.6512107849,61.695022583,273.190734863,110.045425415,390.234619141
2022-05-03,155.977661133,271.486877441,19.5217514038,124.253501892,116.228012085,210.018493652,110.685707092,33.1714477539,75.8376235962,135.924407959,157.07220459,277.33416748,459.294769287,199.005371094,502.833129883,139.757278442,55.3354148865,62.4808769226,271.401947021,110.093902588,392.02355957
2022-05-04,162.374053955,279.387359619,20.2507572174,125.928497314,121.108566284,221.29057312,114.347351074,34.5026054382,78.85597229,140.190612793,158.75491333,283.909606934,466.649139404,207.361679077,518.401489258,140.786148071,57.0460014343,64.5117797852,280.613006592,112.653549194,403.961791992
2022-05-05,153.327209473,267.21875,18.7668590546,116.406997681,115.407325745,206.304092407,111.486412048,33.5377426147,77.6606826782,139.078063965,155.72428894,281.473876953,454.790252686,201.157318115,492.587402344,138.191589355,56.58984375,63.4345207214,266.195678711,109.182518005,389.603790283
2022-05-06,154.051971436,264.694488525,18.5985488892,114.772499084,114.655479431,201.836853027,111.306465149,33.4573440552,78.8473892212,142.783782959,155.380706787,285.835021973,459.294769287,199.964889526,479.294830322,139.569381714,56.7916107178,63.9907836914,261.923828125,106.933128357,387.278259277
2022-05-09,148.939147949,254.915176392,16.880613327,108.789001465,111.450469971,194.348632812,109.633087158,32.4924850464,72.630065918,133.214126587,156.226455688,278.450897217,447.160186768,192.176834106,474.981445312,139.220489502,56.6775779724,62.4367332458,264.344604492,103.723869324,374.87878418
2022-05-10,151.338867188,259.655456543,17.5229721069,108.85900116,113.316711426,195.774917603,106.961105347,31.9475097656,73.111618042,134.493972778,156.015045166,275.052490234,448.621856689,189.102600098,477.485778809,138.486862183,56.1512374878,61.8009796143,259.120574951,104.402565002,375.7449646
2022-05-11,143.493240356,251.032363892,16.5619182587,105.372001648,112.531684875,186.949447632,106.286338806,31.7777633667,74.6337051392,136.484863281,155.169250488,276.005584717,446.912017822,191.17074585,465.697570801,136.536437988,56.4143981934,61.9863891602,251.822814941,102.007743835,369.775817871
2022-05-12,139.634155273,246.022354126,16.1087875366,106.930496216,111.780334473,189.425750732,106.196365356,31.3310775757,74.9724960327,137.781478882,156.702178955,280.925170898,440.155181885,189.139862061,462.936218262,135.981719971,56.58984375,60.4941444397,257.812255859,101.135131836,369.38973999
2022-05-13,144.090744019,251.581604004,17.633518219,113.055000305,114.956611633,196.735717773,107.141021729,31.4204063416,77.1964950562,140.424819946,155.803604126,281.707550049,446.222473145,190.35093689,473.496002197,137.440048218,57.6512870789,61.6332054138,263.454620361,104.063224792,378.221069336
2022-05-16,142.552932739,251.94770813,17.1933288574,110.810501099,113.366249084,198.142242432,106.394348145,31.0987949371,79.0121688843,144.724441528,156.88722229,289.193878174,449.734191895,193.01524353,470.887023926,138.782073975,57.861831665,61.9157676697,263.419006348,101.978660583,376.686462402
2022-05-17,146.177032471,257.073364258,18.1025905609,115.368499756,115.3751297,200.697769165,109.921005249,32.1529960632,80.0199203491,145.577713013,157.539154053,291.145202637,452.777008057,198.511642456,467.021057129,138.388397217,57.7039146423,63.5934524536,267.833221436,105.333343506,384.435028076
2022-05-18,137.929840088,245.368927002,16.8686618805,107.112503052,110.844726562,190.416275024,108.040687561,31.1613368988,78.7515640259,141.740310669,154.614257812,285.146453857,433.334075928,193.71395874,408.870849609,129.763763428,53.6862335205,62.6927909851,253.79850769,101.125450134,368.937835693
2022-05-19,134.531051636,244.461135864,17.053899765,107.319000244,109.343521118,189.475265503,106.439285278,30.7771816254,79.1772384644,140.728225708,153.239898682,276.529937744,439.925384521,192.614730835,402.710113525,126.775512695,52.633556366,62.2159767151,256.094665527,100.000747681,366.678161621
2022-05-20,134.766113281,243.901031494,16.6256599426,107.591003418,107.88143158,191.703918457,105.566612244,30.2500858307,79.802734375,141.537872314,155.918106079,288.681976318,446.525848389,184.286300659,396.520935059,126.856040955,53.4932365417,62.8870582581,255.58744812,99.3026580811,366.838287354
2022-05-23,140.172836304,251.713607788,16.8288269043,107.556999207,110.437110901,194.368377686,112.098175049,32.0457839966,81.5662841797,144.827102661,159.101226807,292.304412842,452.36328125,190.183273315,408.946990967,129.772705078,55.1424255371,64.0614318848,254.554931641,102.60887146,373.701843262
2022-05-24,137.479293823,250.718963623,16.0878734589,104.099998474,104.971130371,179.56022644,113.681587219,31.8492507935,82.0093307495,145.603027344,160.839065552,295.549987793,457.401092529,191.580673218,416.783569336,132.080993652,56.1600112915,65.9333953857,256.237060547,98.4979248047,370.849151611
2022-05-25,137.635986328,253.519561768,16.9055099487,106.775001526,104.807685852,182.08605957,114.473297119,32.0189819336,83.6599502563,147.939224243,159.260803223,296.564331055,457.888275146,194.990219116,419.068878174,129.915863037,56.203868866,66.0393600464,261.265289307,100.117103577,374.125518799
2022-05-26,140.829101562,256.783660889,17.7779197693,111.07749939,106.77645874,189.812057495,116.452560425,32.7604866028,83.9553146362,148.934432983,159.118942261,302.794799805,461.694152832,198.418487549,442.759277344,131.052062988,56.4056282043,66.2601165771,269.488555908,102.395568848,381.601013184
2022-05-27,146.568786621,263.872009277,18.7339897156,115.146499634,111.257804871,193.278839111,118.098930359,33.073184967,84.7806243896,150.35975647,160.564163208,312.473907471,466.180206299,202.284545898,448.253387451,133.056152344,56.7389793396,68.7599029541,274.51675415,105.992652893,390.969085693
2022-05-31,145.785217285,262.548919678,18.5955657959,120.209503174,112.689674377,191.802963257,118.962608337,33.233997345,83.3993225098,147.306671143,159.181030273,302.775482178,456.683959961,201.082794189,443.93057251,132.304641724,55.5985832214,67.2147293091,269.435180664,107.078567505,388.77532959
2022-06-01,145.657913208,263.080169678,18.2450027466,121.683998108,112.818458557,186.850418091,116.875411987,32.7604866028,84.9978103638,148.706710815,157.567276001,300.495758057,452.795410156,202.685119629,435.141784668,130.300552368,55.3266448975,67.6409835815,266.15737915,105.866600037,385.63067627
2022-06-02,148.1065979,265.16607666,19.511800766,125.511001587,116.513786316,196.973464966,118.755691528,32.976146698,84.8501358032,148.436813354,157.070724487,292.140106201,452.528808594,204.948883057,464.297821045,131.705215454,55.9056129456,69.7278594971,273.931030273,107.49546051,392.974487305
2022-06-03,142.396255493,260.762359619,18.6433620453,122.349998474,113.461326599,188.970108032,117.100311279,32.5178909302,86.0837402344,149.786239624,156.423492432,291.386657715,446.415527344,207.650482178,453.480957031,130.524246216,55.2389144897,69.8788070679,273.223449707,105.362426758,386.525085449
2022-06-06,143.140625,259.535949707,18.7090930939,124.790000916,115.719360352,192.407180786,116.713478088,32.4819526672,85.8665542603,149.136825562,156.405776978,293.038482666,450.616699219,208.330566406,449.881713867,130.014282227,55.1512069702,71.2108688354,272.157775879,104.54800415,387.702026367
2022-06-07,145.657913208,263.157440186,18.8485221863,123,116.045249939,193.793899536,117.019355774,32.661655426,89.8019638062,151.979064941,158.12588501,301.481079102,456.978240967,211.563110352,449.224731445,131.463638306,55.4845428467,70.8467636108,270.259094238,104.509216309,391.42098999
2022-06-08,144.923309326,261.139099121,18.5755901337,121.180000305,116.089332581,194.774536133,115.157043457,32.2483406067,90.8618392944,152.763412476,157.186050415,302.823822021,453.696258545,214.078430176,445.615844727,129.826385498,55.1687507629,69.701210022,266.461791992,104.072906494,387.165374756
2022-06-09,139.712463379,255.711700439,17.9779129028,116.150001526,113.753051758,182.254440308,112.736930847,31.0083637238,88.8984527588,149.718765259,154.020706177,292.932250977,449.927246094,208.36781311,449.481750488,127.482315063,54.2125701904,68.6799697876,268.548492432,100.15587616,377.957458496
2022-06-10,134.315582275,244.31628418,16.9080867767,109.650001526,110.113677979,173.904403687,107.554885864,29.8043251038,87.2739105225,147.930770874,152.992141724,286.904449463,445.514648438,200.458618164,441.159606934,126.999206543,53.8704528809,67.4101104736,259.037414551,96.3745727539,366.998291016
2022-06-13,129.173339844,233.95413208,15.5862398148,103.669998169,105.389656067,162.701690674,104.35206604,28.7710151672,83.2690200806,141.124603271,151.449371338,281.369476318,431.789733887,192.726470947,430.628387451,123.599449158,53.8090438843,64.3020172119,253.592391968,92.7968902588,353.064117432
2022-06-14,130.035263062,236.107681274,15.7745075226,102.309997559,105.709587097,162.176727295,102.615730286,28.2678394318,83.4862060547,141.310165405,149.126358032,280.896148682,424.481323242,192.549514771,433.056518555,119.743377686,52.3334960938,63.476146698,249.571258545,91.3522415161,352.000183105
2022-06-15,132.65045166,243.128417969,16.4628200531,107.669998169,108.729866028,167.743423462,103.83026123,28.7979698181,82.4350128174,138.535415649,150.722351074,283.021270752,426.853027344,191.906707764,436.855743408,118.553451538,52.7222518921,65.8827209473,250.52053833,92.9617156982,357.0184021
2022-06-16,127.390678406,236.571228027,15.5404195786,103.660003662,105.034034729,159.34387207,102.048934937,28.6182670593,79.3944320679,131.130432129,150.802139282,278.268676758,420.773376465,181.463623047,430.161804199,119.278160095,52.1921157837,62.9344520569,244.905212402,91.4104232788,345.202545166
2022-06-17,128.859893799,239.159362793,15.8183355331,106.220001221,106.133560181,162.186630249,101.689048767,28.6811599731,74.81615448,125.142356873,150.252380371,281.002380371,417.055450439,179.460678101,425.334197998,118.419281006,52.5102005005,62.8811683655,242.46031189,91.4685974121,345.946685791
2022-06-21,133.081436157,245.040603638,16.5016727448,108.680000305,110.492584229,155.56010437,104.208137512,29.51679039,79.4725952148,130.379806519,153.400039673,287.223266602,443.127197266,182.93548584,440.969177246,122.006912231,53.6323280334,64.5861816406,241.090057373,90.450553894,354.655456543
2022-06-22,132.572113037,244.45149231,16.2964725494,108.949996948,110.43662262,154.37147522,103.623344421,29.2921638489,76.3277435303,124.712203979,155.820587158,296.255187988,451.762390137,174.979782104,437.969787598,123.912597656,54.0299301147,66.326713562,240.893066406,90.6541595459,354.012420654
2022-06-23,135.432159424,249.985015869,16.1619930267,112.440002441,111.184013367,157.24395752,102.489768982,28.8249282837,74.0255966187,120.124160767,159.296264648,302.079986572,461.108001709,166.44644165,452.290740967,127.312347412,54.6749343872,68.5556564331,246.660598755,91.4298095703,357.48260498
2022-06-24,138.752593994,258.521911621,17.0594940186,116.459999084,116.862960815,168.545715332,105.548622131,29.0315914154,75.4937667847,122.097702026,161.628189087,314.54107666,457.260894775,172.799865723,461.212799072,129.146438599,55.6998672485,69.2838287354,253.449005127,94.8038864136,368.848419189
2022-06-27,138.752593994,255.808380127,16.8034954071,113.220001221,114.741661072,167.882080078,104.702934265,29.0675315857,77.3441696167,124.459205627,161.477432251,316.135040283,466.5050354,174.756195068,458.718017578,128.162307739,55.5850067139,69.1683959961,253.171417236,93.6695022583,367.43951416
2022-06-28,134.61920166,247.686645508,15.9199380875,107.400001526,110.951721191,159.155639648,104.199142456,28.9866580963,79.4899902344,126.45803833,156.884567261,306.813262939,469.069702148,174.616424561,446.206268311,126.077690125,55.0283508301,67.8807754517,241.940826416,93.00050354,359.931640625
2022-06-29,136.372467041,251.33706665,15.4816465378,108.919998169,110.648597717,162.384719849,103.731307983,28.6272525787,76.5536270142,123.961601257,156.928924561,312.010253906,475.776824951,170.927368164,447.377502441,127.222869873,55.4259605408,67.4900131226,245.27243042,92.7387161255,359.638549805
2022-06-30,133.913986206,248.024642944,15.1001358032,106.209999084,107.935913086,159.720245361,101.311187744,27.9713191986,74.3991470337,122.106147766,157.389968872,313.198394775,473.857879639,166.530273438,456.36605835,128.64541626,55.5850067139,68.7865371704,245.630661011,91.5267715454,356.716705322
2022-07-01,136.07862854,250.680343628,14.4666051865,109.559997559,107.712532043,158.511810303,102.606735229,28.3576889038,76.0584487915,123.565200806,159.172164917,313.661987305,477.335968018,166.092391968,462.5362854,130.721038818,56.8838386536,71.5394210815,249.938323975,93.2138061523,360.489593506
2022-07-05,138.654632568,253.838241577,14.9058923721,113.5,112.195381165,166.594421387,102.216453552,28.0701560974,73.6781005859,120.318130493,157.948562622,316.04800415,466.117553711,161.872344971,464.916778564,129.45954895,55.9119224548,70.2517852783,254.102783203,94.2221374512,361.170471191
2022-07-06,139.986709595,257.08303833,15.0712471008,114.330001831,113.492050171,168.159423828,101.553863525,27.8365421295,72.3488922119,118.732589722,158.090438843,318.916931152,475.389312744,160.52154541,469.096893311,130.667388916,56.0267791748,70.6602859497,253.968521118,93.155632019,362.390167236
2022-07-07,143.346359253,259.197998047,15.7964200974,116.330001831,117.663345337,170.556472778,104.122459412,28.6272525787,74.6597824097,121.04347229,158.26776123,316.791870117,474.54977417,167.946289062,471.286956787,130.622665405,55.5850067139,71.3795700073,256.753662109,94.4645462036,367.817779541
2022-07-08,144.022171021,258.48336792,15.7764978409,115.540000916,118.228477478,169.258895874,103.795722961,28.5643539429,74.7813873291,120.410934448,158.072692871,319.226043701,478.470703125,166.84703064,477.561889648,129.745880127,55.7882232666,71.2641372681,256.556762695,92.9423217773,367.515167236
2022-07-11,141.896728516,255.441375732,15.0931625366,111.75,114.586135864,161.334793091,102.434272766,28.2678394318,74.3991470337,119.348266602,158.134765625,319.80569458,476.920776367,163.046127319,475.048095703,130.658401489,55.6115112305,71.645980835,256.485107422,90.789894104,363.316864014
2022-07-12,142.866378784,244.972976685,15.0234336853,109.220001221,112.945747375,161.721099854,102.534103394,28.177980423,73.4087753296,117.163887024,155.918121338,312.580169678,474.586669922,162.55241394,467.116333008,129.50428772,55.3729476929,70.997718811,255.34765625,90.7511138916,360.101867676
2022-07-13,142.503982544,244.055526733,15.1051120758,110.400001526,110.303863525,161.938995361,101.572029114,27.7107467651,73.7041397095,116.379547119,155.554595947,311.488525391,462.427246094,161.974807739,468.6875,130.354232788,55.1167144775,71.2730102539,257.192596436,90.1111984253,358.210754395
2022-07-14,145.422836304,245.368927002,15.3123073578,110.629997253,109.327163696,156.550582886,98.0232315063,27.0727901459,72.2272796631,114.65058136,155.76739502,315.767913818,463.525054932,158.313735962,487.46472168,129.969528198,54.9400024414,71.1575622559,259.252410889,89.0446777344,357.340881348
2022-07-15,147.08795166,247.918380737,15.7007913589,113.550003052,110.723876953,163.137512207,102.515960693,28.9776744843,73.4435348511,116.092765808,158.028366089,320.317596436,488.729614258,161.518371582,497.948303223,129.790618896,55.2227325439,69.8965835571,261.876464844,92.3024215698,364.167907715
2022-07-18,144.051544189,245.533081055,16.038476944,113.760002136,108.002281189,165.643508911,101.463134766,28.9866580963,74.7987670898,117.720497131,154.481735229,310.822143555,479.153381348,161.620834351,491.61630249,128.2159729,54.4717140198,68.8309631348,262.449645996,92.7871856689,361.160949707
2022-07-19,147.900878906,250.632080078,16.9260139465,118.209999084,112.737236023,174.112426758,103.977241516,29.9660625458,76.6839294434,121.962783813,152.229644775,315.101409912,492.143096924,168.374954224,495.35836792,128.869064331,55.2492485046,70.0919265747,268.521606445,96.5781860352,370.919189453
2022-07-20,149.899017334,253.278137207,17.7378501892,122.769996643,112.826385498,181.353088379,103.959083557,29.9750518799,77.5266265869,123.573646545,151.360748291,311.07321167,479.245666504,168.825256348,499.13861084,126.641349792,54.339176178,69.5502624512,270.733734131,100.204353333,373.283081055
2022-07-21,152.161605835,255.759979248,17.9799079895,124.629997253,113.26222229,181.432296753,104.667015076,30.235622406,76.2321929932,122.62903595,151.892669678,315.796875,482.004150391,169.782073975,504.147186279,126.761077881,54.2154808044,70.0386581421,273.151794434,101.009094238,377.084381104
2022-07-22,150.927474976,251.433624268,17.2517471313,122.419998169,106.88293457,167.664138794,104.158760071,30.0379428864,75.650138855,121.608543396,152.610900879,317.564605713,481.035400391,167.558853149,504.394592285,128.787155151,54.4187011719,71.2641372681,274.575866699,99.5935287476,373.585754395
2022-07-25,149.81086731,249.956054688,16.9578933716,121.13999939,106.496612549,165.069030762,104.576286316,30.3075046539,78.1694869995,125.2266922,152.912399292,320.269317627,488.471374512,170.551315308,503.842376709,129.660629272,54.9488334656,71.912399292,274.181762695,99.5644454956,374.039642334
2022-07-26,148.488586426,243.263626099,16.4687995911,114.809997559,104.030067444,157.640151978,102.94254303,29.6965007782,77.8654251099,124.248352051,153.994064331,320.279052734,490.427124023,170.007217407,487.45513916,129.912796021,55.8500709534,70.9621887207,267.044006348,96.743019104,369.614379883
2022-07-27,153.572036743,259.526306152,17.720916748,120.970001221,111.994293213,167.971252441,104.594398499,30.1817092896,79.5507965088,125.884521484,153.568496704,317.74822998,493.213409424,173.778259277,497.338867188,131.146453857,55.6733589172,71.3795700073,267.697784424,100.349784851,379.21182251
2022-07-28,154.120574951,266.933380127,17.9141674042,122.279998779,113.143356323,159.195281982,104.204139709,29.9391059875,80.4803466797,126.837593079,154.455154419,319.544830322,499.560699463,176.207885742,511.427032471,133.325637817,56.6010971069,75.0737609863,268.342590332,101.707176208,383.968048096
2022-07-29,159.1746521,271.114868164,18.0924720764,134.949996948,115.223579407,157.590652466,104.703338623,30.3793926239,84.2072525024,138.130569458,154.738876343,318.472625732,500.344696045,185.973251343,516.31060791,125.086196899,56.6982955933,75.0293807983,269.515777588,102.870651245,389.565856934
2022-08-01,158.195205688,268.47845459,18.369392395,135.38999939,113.777320862,158.412765503,103.659576416,30.2895298004,82.0788421631,135.372680664,154.198028564,313.121124268,493.923706055,182.793197632,521.56628418,128.679138184,57.0075378418,75.7575531006,273.886199951,102.986999512,388.412322998
2022-08-02,156.725997925,265.397857666,18.4540615082,134.160003662,114.044784546,158.670303345,102.044006348,29.6875171661,81.72265625,134.217254639,153.320220947,309.305511475,493.997497559,172.146011353,518.371032715,127.823669434,56.2300033569,76.0772323608,269.309783936,101.522964478,385.849822998
2022-08-03,162.72038269,272.785614014,18.8196353912,139.520004272,116.96697998,167.198638916,103.114990234,30.2266426086,79.0729827881,131.029220581,154.800949097,303.15222168,498.785675049,171.545684814,521.756958008,130.462081909,56.4774017334,76.7787704468,274.37878418,105.701766968,391.892028809
2022-08-04,162.406936646,273.925048828,19.1403846741,142.570007324,117.075942993,168.951873779,101.980461121,30.0109882355,75.7457122803,127.47013855,152.318283081,295.38583374,492.419921875,172.267959595,518.199279785,130.254959106,56.2565078735,78.1285934448,275.095245361,104.829162598,391.627227783
2022-08-05,162.181335449,273.210479736,18.9152584076,140.800003052,116.362731934,165.524688721,105.066390991,30.5141639709,76.8403091431,129.578552246,151.715362549,291.067901611,493.628448486,173.909606934,515.709716797,130.31803894,56.0002746582,78.1285934448,277.352111816,103.384529114,390.965362549
2022-08-08,161.71055603,270.709228516,17.7239055634,139.410003662,116.194343567,168.634841919,103.786636353,30.0918560028,77.2746810913,129.384613037,150.908554077,292.207733154,495.049072266,174.303634644,516.88293457,130.813262939,55.6380157471,77.7200927734,279.394012451,105.789031982,390.511505127
2022-08-09,161.759567261,272.621429443,17.019651413,137.830001831,115.530647278,166.931152344,104.721473694,30.4782314301,78.6994094849,131.071395874,150.890777588,292.710113525,495.65814209,174.509979248,511.083740234,130.507110596,55.7087059021,78.9633331299,273.33984375,104.838851929,388.960784912
2022-08-10,165.996810913,279.246154785,18.026725769,142.690002441,118.57170105,176.648117065,107.453422546,31.5115375519,79.4465332031,131.417175293,151.325286865,294.245849609,496.082519531,178.90953064,514.898925781,131.740768433,56.2388420105,79.7270355225,279.044708252,109.007995605,397.130432129
2022-08-11,165.261169434,277.179504395,17.8723297119,140.63999939,117.719802856,175.80619812,109.041763306,32.2663078308,81.7447814941,134.62210083,148.195358276,290.922943115,491.598846436,181.986419678,507.630859375,130.804260254,55.8589096069,79.416229248,278.247680664,114.107894897,397.130432129
2022-08-12,168.801986694,281.901885986,18.6363506317,143.550003052,120.533050537,178.787643433,110.847930908,32.616733551,82.4552841187,134.816040039,146.563903809,298.56942749,501.59954834,184.650543213,512.409667969,132.073959351,56.2830314636,80.3397750854,282.009094238,117.869796753,403.853546143
2022-08-15,169.87109375,283.408447266,18.9580955505,143.179992676,120.929275513,179.173919678,111.147438049,32.5718078613,80.9816055298,132.252166748,147.264358521,304.248626709,502.466644287,183.815673828,520.555175781,133.775863647,56.9898681641,80.8104171753,281.758361816,120.477928162,405.517669678
2022-08-16,169.714172363,282.674468994,18.8056869507,144.779998779,120.552864075,177.76739502,112.209373474,32.9222373962,80.2272491455,131.914779663,148.576629639,300.730499268,503.832061768,185.288452148,527.489685059,135.009506226,57.458152771,80.3930435181,293.194915771,121.15662384,406.312011719
2022-08-17,171.205001831,281.929260254,18.2638053894,142.100006104,118.42313385,173.191238403,111.265449524,32.7155685425,80.8763580322,133.002792358,148.585464478,307.039581299,502.79888916,183.796905518,530.637329102,134.388214111,57.3256225586,80.1000061035,291.744049072,119.072052002,403.427978516
2022-08-18,170.812698364,280.816345215,18.7001018524,142.300003052,119.037284851,173.00302124,110.403198242,32.5987663269,82.7886123657,135.334640503,147.867294312,306.942657471,503.001739502,185.128982544,535.063110352,134.865432739,57.6260414124,80.1355285645,291.251434326,118.936317444,404.600494385
2022-08-19,168.233093262,276.925964355,17.7796916962,138.229995728,116.105163574,166.366607666,107.671257019,31.8799362183,82.5254669189,134.202758789,150.119400024,312.805908203,505.861633301,183.487335205,528.92980957,134.829421997,57.5818557739,79.6648712158,287.767669678,116.483314514,399.163482666
2022-08-22,164.358840942,268.79675293,16.9678535461,133.220001221,113.16318512,161.503173828,105.892303467,31.197057724,82.464050293,133.530410767,149.59274292,313.125732422,502.402099609,179.885131836,520.288146973,134.469223022,56.7248039246,78.6258850098,279.608917236,112.41116333,390.851837158
2022-08-23,164.02532959,267.528991699,17.1142807007,133.619995117,112.786750793,159.581558228,104.848548889,30.918504715,85.964012146,137.862304688,148.289550781,305.372711182,494.311096191,184.997634888,517.04510498,131.875854492,56.7866477966,78.1285934448,274.853363037,111.364021301,389.906311035
2022-08-24,164.319549561,266.899963379,17.1551246643,133.800003052,112.618377686,161.711181641,105.102676392,31.0173492432,86.4727783203,138.883544922,147.798599243,309.02633667,494.920135498,182.136505127,518.141967773,131.308563232,56.8661766052,78.7768325806,275.937072754,112.866851807,391.154449463
2022-08-25,166.771636963,269.861297607,17.8434410095,137.279998779,115.550453186,167.178817749,107.598648071,31.5744342804,86.9201507568,140.10055542,149.1822052,313.164550781,499.634460449,186.564239502,525.343505859,131.200469971,57.1400756836,79.3807144165,277.432739258,113.884887695,396.676635742
2022-08-26,160.484512329,259.448150635,16.1968631744,130.75,109.299934387,160.245223999,104.077072144,30.5770645142,85.8499832153,139.070755005,146.629302979,305.81854248,488.268341064,180.035232544,507.268249512,128.129837036,55.7617225647,78.1996307373,266.972290039,110.598075867,383.249450684
2022-08-29,158.28742981,256.680328369,15.7396421432,129.789993286,108.388595581,157.659957886,103.822937012,30.4602661133,87.8236541748,140.109054565,145.495666504,300.575531006,488.748168945,179.903915405,506.543334961,127.589515686,55.4259605408,77.6508407593,265.378173828,110.074501038,380.715332031
2022-08-30,155.864761353,254.493179321,15.4079351425,128.729995728,107.913124084,155.669082642,103.841079712,30.6309814453,84.4815673828,136.69631958,144.9868927,297.561523438,482.354827881,175.363632202,499.942840576,126.229812622,54.9135017395,76.4729537964,262.494384766,109.007995605,376.535949707
2022-08-31,154.207138062,253.041519165,15.0353860855,126.769996643,107.199913025,161.384307861,103.223922729,30.1996803284,83.8500061035,134.517623901,144.013946533,291.930877686,479.116485596,173.271713257,497.99710083,124.212715149,54.5247268677,75.9018630981,259.988464355,108.668640137,373.67074585
2022-09-01,154.932922363,252.00604248,13.8828773499,127.819999695,108.705589294,163.791229248,103.931854248,30.2720394135,82.341255188,132.372970581,147.584350586,299.587005615,483.424865723,171.142288208,504.740692139,125.743545532,54.7809677124,76.9726791382,264.450469971,109.104942322,374.843353271
2022-09-02,152.824188232,247.805938721,13.5940055847,127.510002136,106.833404541,158.799072266,103.205749512,30.2358570099,83.8500061035,134.338897705,145.263626099,292.027801514,476.3671875,169.632003784,495.145080566,123.510368347,54.0299301147,75.9464874268,263.125396729,107.815414429,370.890838623
2022-09-06,151.568710327,245.086532593,13.4127140045,126.11000061,105.803207397,157.035934448,103.23298645,29.9012107849,83.2885971069,133.71762085,145.656387329,297.348327637,477.594299316,169.472503662,494.944793701,122.132598877,54.0564422607,77.9631576538,260.99810791,106.739189148,369.491485596
2022-09-07,152.971282959,249.770477295,13.6648044586,129.479995728,108.418319702,158.868408203,105.193450928,30.3624820709,82.5780792236,132.007034302,146.450805664,301.980773926,481.284515381,169.660125732,505.189025879,123.97857666,55.0548667908,80.5241546631,268.146392822,109.26007843,376.129302979
2022-09-08,151.500045776,250.186645508,13.9398155212,129.820007324,107.358406067,160.522567749,107.644035339,31.3392963409,83.2535171509,132.721878052,147.629013062,305.760375977,486.663208008,171.808303833,504.693054199,124.140701294,54.8869895935,80.5509185791,270.336761475,108.91103363,378.58782959
2022-09-09,154.354263306,255.935165405,14.3353900909,133.270004272,109.607009888,167.545303345,108.161384583,31.6015796661,84.6482391357,136.143157959,147.914642334,307.892486572,485.256378174,177.755706787,511.808502197,126.031700134,55.0636978149,80.2207717896,270.219573975,111.674293518,384.469299316
2022-09-12,160.298141479,258.054504395,14.4529705048,136.449996948,109.815032959,167.35710144,109.441123962,31.9000511169,85.621925354,138.296325684,147.852172852,305.489044189,491.65133667,180.485488892,514.612731934,127.058258057,55.2227325439,81.0327682495,268.209442139,112.847450256,388.60144043
2022-09-13,150.891906738,243.867111206,13.0838975906,126.819999695,103.336685181,151.677276611,105.638183594,30.7513980865,83.6219329834,135.6665802,144.0050354,297.018859863,475.650054932,172.896453857,486.741821289,124.428848267,53.4291114807,79.2927398682,250.532531738,108.358383179,371.704040527
2022-09-14,152.333755493,244.089706421,13.0809087753,128.550003052,104.010276794,150.033050537,105.393127441,30.6338195801,85.6745605469,138.951629639,146.977416992,300.052154541,471.772460938,173.215408325,484.548034668,124.725975037,53.7118492126,79.3105621338,249.099273682,109.07585907,373.122467041
2022-09-15,149.45010376,237.470169067,12.8826217651,126.279998779,101.939971924,148.131225586,106.981468201,31.2126693726,83.1833496094,136.69631958,147.352340698,299.916503906,483.932922363,171.189193726,480.255706787,123.76247406,52.9820480347,76.7495956421,244.772445679,107.398513794,368.886260986
2022-09-16,147.812103271,236.850799561,13.1506576538,123.529998779,101.831016541,144.902175903,106.264442444,30.8599319458,81.7623214722,133.147445679,149.601715088,299.35446167,482.183898926,168.356185913,480.866210938,124.518920898,52.9909477234,75.6609344482,248.765701294,104.955223083,366.07208252
2022-09-19,151.51965332,236.637893677,13.3339967728,124.660003662,102.098449707,146.615753174,107.244674683,31.3754615784,81.7535247803,133.530410767,148.423461914,295.671691895,484.525238037,170.832717896,483.183990479,124.257774353,53.3914489746,77.4902267456,252.777053833,105.847213745,368.910919189
2022-09-20,153.893264771,234.63458252,13.128736496,122.190002441,100.186645508,144.704086304,105.129928589,30.9051570892,81.0868911743,133.0027771,147.254104614,292.415496826,483.831176758,166.967834473,476.459472656,123.816497803,53.3113479614,76.4640426636,247.143173218,104.295906067,364.676300049
2022-09-21,150.774246216,231.2474823,13.2134284973,118.540000916,98.3441772461,140.771728516,102.098464966,29.9826164246,79.779876709,131.921905518,145.745620728,287.327484131,473.91027832,161.301879883,470.307220459,122.22265625,52.8663482666,74.9292297363,244.799484253,101.309661865,358.314971924
2022-09-22,149.81300354,233.211990356,12.5159416199,117.309997559,99.1960678101,141.465087891,100.936698914,29.3947219849,79.4465408325,131.819824219,148.33416748,301.27331543,478.889221191,159.988555908,464.6796875,122.654914856,52.7417449951,74.5455245972,242.609008789,99.0505828857,355.305206299
2022-09-23,147.547271729,230.250610352,12.4711027145,113.779998779,97.8092651367,139.07800293,99.0578918457,28.6982898712,75.2185058594,123.207099915,148.816177368,301.845092773,475.326141357,154.069335938,444.868469238,122.087585449,52.1543388367,73.6353302002,244.2315979,96.4715423584,349.352142334
2022-09-26,147.880767822,229.795806885,12.1841344833,115.150001526,97.2446517944,135.076278687,96.9249954224,28.0651741028,73.6659011841,119.964614868,147.905715942,298.007293701,470.467559814,152.549667358,458.126739502,122.204658508,51.5046386719,72.4128494263,240.301376343,95.1335372925,345.896148682
2022-09-27,148.851776123,228.789321899,12.3684720993,114.410003662,96.5809707642,133.124969482,96.0718383789,27.6491222382,75.2097549438,120.015655518,147.227340698,301.496154785,470.476837158,152.38079834,456.219146729,118.845840454,50.178527832,72.3503875732,242.203353882,92.9326324463,345.013153076
2022-09-28,146.968551636,233.299133301,12.6903133392,118.010002136,99.1069412231,140.266586304,98.0141525269,28.101354599,77.9465560913,124.066680908,148.494857788,324.057525635,475.631622314,157.371307373,465.747924805,118.845840454,50.7125320435,73.5014953613,254.372589111,96.3745727539,351.801757812
2022-09-29,139.74961853,229.844192505,12.1761665344,114.800003052,96.5017242432,135.115905762,96.3531951904,27.7305240631,77.7886734009,123.207099915,146.861373901,319.822509766,470.90246582,155.626571655,456.867675781,115.892242432,50.3476295471,71.3598937988,250.893066406,94.4839324951,344.452941895
2022-09-30,135.551635742,225.392486572,12.095454216,113,94.7484130859,134.392807007,94.8465576172,27.3144798279,76.5869293213,122.270965576,145.817016602,313.368011475,467.394958496,153.919250488,450.467437744,113.686080933,49.8581199646,69.9678649902,248.738647461,91.4589004517,339.126525879
2022-10-03,139.720214844,232.979736328,12.4671163559,115.879997253,97.7102279663,137.295013428,97.778175354,28.1194400787,80.6307373047,129.130447388,145.674194336,311.623596191,477.084594727,160.626449585,455.675354004,115.721160889,50.4188270569,72.4485473633,255.733734131,94.1736679077,348.079833984
2022-10-04,143.300247192,240.85736084,13.1197662354,121.089996338,100.68195343,138.949188232,102.352577209,29.2861862183,83.5692901611,134.151687622,147.834320068,319.706115723,484.173614502,168.506332397,463.687652588,117.152931213,50.534538269,73.9030532837,261.016113281,98.3524856567,358.865661621
2022-10-05,143.594482422,241.167037964,13.1616163254,120.949996948,100.473922729,137.661529541,101.088874817,28.8701381683,86.946472168,134.917633057,147.379104614,321.537780762,487.782958984,167.333694458,458.145812988,116.342506409,50.0539245605,72.9660949707,261.277496338,97.7319641113,358.030151367
2022-10-06,142.643066406,238.834701538,13.0829019547,120.300003052,100.464019775,137.750671387,99.0284500122,28.4540882111,89.5253829956,137.377166748,144.522766113,322.671691895,480.434783936,167.737091064,460.215698242,113.893188477,48.9770088196,70.4140167236,261.764251709,96.9951019287,354.33682251
2022-10-07,137.405395508,226.68927002,12.0326805115,114.559997559,97.7498474121,132.183990479,97.050453186,27.8119239807,88.6218795776,136.194213867,142.996383667,316.575805664,467.219146729,166.555114746,446.537719727,111.903121948,48.5142097473,68.4687194824,256.292633057,94.2027664185,344.452941895
2022-10-10,137.7290802,221.860137939,11.6281366348,113.669998169,96.9375839233,132.520751953,96.1438446045,27.7305240631,86.7008514404,133.734649658,143.183822632,313.891387939,461.675598145,167.605712891,444.782653809,111.443862915,48.4074211121,68.477645874,254.615951538,92.263633728,341.822967529
2022-10-11,136.316665649,218.143920898,11.5444402695,112.209999084,96.2639923096,127.320549011,93.3691558838,26.9255599976,85.964012146,133.760192871,145.254669189,317.486846924,462.554840088,168.618865967,450.229003906,111.867111206,48.4875144958,67.8441085815,255.003585815,90.2663269043,339.658203125
2022-10-12,135.688949585,218.472961426,11.4587488174,112.900001526,96.6404037476,126.290428162,94.8801269531,27.0069637299,86.3412094116,134.160217285,145.218963623,314.550384521,462.693603516,168.384338379,444.84942627,112.047218323,49.0749168396,64.9172439575,252.8671875,90.5668945312,338.537902832
2022-10-13,140.249862671,226.68927002,11.917096138,112.529998779,98.1262512207,129.053970337,100.154792786,28.6621131897,89.3587265015,140.662231445,147.414779663,321.847900391,471.902008057,171.798919678,446.385101318,113.740089417,49.7246246338,65.2206497192,254.949478149,93.6985778809,347.472167969
2022-10-14,135.728149414,221.192398071,11.1867265701,106.900001526,95.6498260498,125.557449341,101.82144928,28.6711597443,87.0078582764,136.287826538,146.798904419,321.159881592,474.882019043,167.155471802,433.660919189,112.632492065,48.932510376,64.042755127,249.180374146,91.5752334595,339.553771973
2022-10-17,139.680969238,229.873214722,11.8453550339,113.790000916,99.0277023315,132.768386841,106.097976685,30.407705307,88.2622528076,137.28352356,148.700149536,322.487548828,482.979766846,169.603851318,442.741424561,114.66758728,49.5644187927,65.7203445435,253.534255981,94.3675842285,348.279266357
2022-10-18,140.995285034,230.811965942,11.9240722656,116.36000061,99.8201370239,131.540161133,108.826873779,31.5473232269,88.4201278687,138.483581543,148.182403564,324.6875,483.28515625,172.183578491,451.421356201,115.595115662,50.2319221497,66.978515625,256.959716797,95.4825897217,352.371429443
2022-10-19,141.103149414,228.85710144,12.0077705383,115.069999695,98.6908874512,131.966064453,106.693206787,30.6790428162,91.0429153442,142.977127075,147.004180908,319.124694824,481.536071777,172.990325928,449.666229248,116.666687012,49.8047180176,65.7114257812,248.333084106,95.9770584106,349.874389648
2022-10-20,140.642181396,228.537704468,12.1502561569,115.25,99.0277023315,130.282196045,106.345222473,30.4800605774,91.1657333374,143.794113159,147.379104614,318.911468506,482.054321289,169.359893799,443.170654297,115.163993835,49.021522522,63.0344238281,242.897476196,95.5892333984,346.940551758
2022-10-21,144.447799683,234.3152771,12.4212818146,119.319999695,100.176742554,128.776611328,111.931259155,31.6106262207,92.8586730957,147.394073486,150.592514038,330.250274658,493.946380615,179.634490967,456.104675293,116.605918884,49.8047180176,63.9356803894,248.369125366,98.9342346191,355.371704102
2022-10-24,146.586044312,239.279907227,12.5538053513,119.819999695,101.553649902,128.489364624,112.068618774,31.719165802,93.5077972412,147.343032837,152.61869812,337.160186768,501.229827881,180.654388428,474.027160645,117.322349548,51.2376365662,65.3901672363,255.337081909,98.6239700317,359.720184326
2022-10-25,149.420669556,242.579956055,13.2134284973,120.599998474,103.495170593,136.205444336,112.361663818,32.0085830688,92.8762283325,148.874908447,152.377731323,340.464904785,499.952728271,183.997375488,476.020690918,118.673591614,52.465839386,67.6923980713,261.647094727,101.183609009,365.464416504
2022-10-26,146.487976074,223.86340332,12.8497409821,115.660003662,94.0352020264,128.588409424,113.65284729,32.2889709473,93.9814910889,150.713195801,153.71661377,346.812683105,502.682739258,185.999420166,476.392700195,119.507904053,52.8574447632,67.4604110718,261.547973633,101.445396423,362.710998535
2022-10-27,142.025146484,219.440704346,13.128736496,110.959999084,91.350730896,97.0108718872,114.1015625,32.4427185059,94.3411178589,151.402557373,153.805923462,345.329925537,501.415008545,200.334671021,474.472045898,119.598579407,52.9820480347,67.3443832397,262.368255615,101.261184692,360.774078369
2022-10-28,152.755508423,228.26675415,13.7843751907,103.410003662,95.3823699951,98.2589111328,115.456886292,32.7230987549,97.1042480469,153.172744751,156.090957642,348.789733887,510.151184082,207.134017944,488.165130615,122.627563477,54.076751709,70.5210800171,269.210021973,102.725204468,369.357177734
2022-10-31,150.401489258,224.64730835,13.4485826492,102.440002441,93.6191482544,92.2762145996,115.273727417,32.5964775085,97.2007446289,153.955718994,155.287612915,350.912139893,513.769897461,204.414276123,479.211547852,122.128761292,53.2668457031,69.1558151245,266.938446045,103.29725647,366.689178467
2022-11-01,147.763000488,220.814926147,13.4944190979,96.7900009155,89.617225647,94.2968521118,117.352455139,32.7412033081,98.1656570435,155.079086304,154.502105713,341.695648193,506.514160156,206.340744019,477.739990234,122.319244385,53.0799407959,69.343208313,266.875335693,102.77368927,365.084655762
2022-11-02,142.250762939,213.005096436,13.171582222,92.1200027466,86.1502227783,89.681060791,116.271903992,32.6417045593,96.1481246948,151.913162231,152.1277771,344.002197266,502.923461914,202.601074219,462.021118164,120.559890747,52.3412437439,68.9595184326,260.267913818,98.7209243774,355.922393799
2022-11-03,136.218612671,207.343673706,13.3728570938,89.3000030518,82.6435928345,88.0665283203,116.482498169,32.460811615,97.4551239014,154.151443481,152.386642456,350.514770508,503.08996582,207.058425903,464.677520752,119.73462677,52.3145446777,69.7626266479,253.750640869,96.2291412354,352.257476807
2022-11-04,135.953308105,214.253494263,14.105219841,90.9800033569,85.7639007568,89.9286956787,119.669296265,33.2748184204,98.5165023804,156.100357056,153.065032959,346.376556396,498.055480957,215.170425415,464.792297363,121.920196533,52.7417449951,70.3158721924,256.031188965,96.5491104126,357.327636719
2022-11-07,136.483856201,220.524612427,14.2496986389,90.5299987793,87.6558990479,95.802444458,120.30115509,33.4737968445,99.6831665039,157.964172363,154.403930664,353.800140381,504.394866943,215.888153076,466.837097168,123.788360596,52.9464454651,68.9684448242,261.656097412,97.3732223511,360.745666504
2022-11-08,137.053710938,221.492370605,14.5496206284,89.9800033569,88.0620346069,95.5548095703,120.374404907,33.5642433167,99.9989547729,157.734390259,155.171585083,355.341064453,511.826324463,217.021347046,470.860076904,124.069496155,53.0443458557,69.842918396,262.440338135,96.8593673706,362.692016602
2022-11-09,132.504882812,217.272888184,13.7265834808,86.1399993896,86.4969100952,100.507362366,118.808517456,33.030620575,95.5253295898,151.42805481,153.930877686,352.055664062,500.359924316,212.988967896,468.194000244,123.770210266,52.3056411743,69.7804489136,258.483093262,84.1095962524,355.219787598
2022-11-10,144.294448853,235.147567749,15.6935014725,96.6299972534,93.0545272827,110.808708191,123.698539734,34.486782074,96.9288101196,154.296157837,155.733932495,357.337463379,503.608306885,219.514434814,490.324737549,128.032562256,54.1835517883,74.242149353,280.973602295,87.7066802979,374.740600586
2022-11-11,147.074813843,239.144424438,16.2684326172,100.790000916,95.5012435913,111.947807312,123.900024414,34.7400283813,99.9550857544,158.687606812,151.074508667,341.424285889,483.164886475,223.329620361,492.560668945,127.842094421,54.5751533508,74.3402786255,283.894134521,92.1181869507,378.367492676
2022-11-14,145.679718018,233.763656616,16.2365436554,98.4899978638,94.7979278564,113.136413574,122.627113342,34.1521377563,100.246902466,158.764175415,153.448852539,346.030822754,475.455749512,223.339050293,487.028015137,127.851158142,54.0500488281,72.8679351807,276.664794922,91.4104232788,375.148834229
2022-11-15,147.408843994,234.170150757,16.6062145233,98.9400024414,97.5121154785,115.969284058,121.738876343,34.097869873,100.918922424,160.040771484,153.877319336,340.092895508,465.516296387,221.535354614,503.071807861,127.406784058,53.961063385,73.9833526611,281.180877686,92.602973938,378.348510742
2022-11-16,146.180786133,234.597122192,15.8529291153,97.1200027466,97.9182357788,112.155815125,121.903701782,33.7903633118,99.8401489258,157.436569214,154.832397461,342.989013672,473.392028809,219.486129761,500.816772461,128.540374756,53.8631515503,75.2415313721,283.867156982,91.0904541016,375.462219238
2022-11-17,148.076919556,234.548583984,15.620762825,94.8499984741,97.4328613281,110.392692566,121.372581482,33.6185073853,99.9727783203,157.882476807,156.082046509,350.608154297,476.899536133,217.616317749,498.150756836,127.751396179,54.032245636,73.4836425781,280.739257812,88.6665496826,374.313323975
2022-11-18,148.636962891,234.102157593,15.3537273407,94.1399993896,96.5116195679,110.987007141,122.563041687,33.6366081238,99.1062011719,156.939071655,157.278152466,351.482849121,490.494567871,218.551193237,500.396209717,129.293075562,54.4149475098,74.242149353,282.307769775,89.0059204102,376.012908936
2022-11-21,145.414428711,234.907684326,15.2620563507,92.4599990845,94.6988601685,108.817779541,121.839622498,33.7451400757,98.1247177124,155.438201904,158.086685181,350.996948242,478.639373779,219.25,500.109680176,130.934524536,55.2515602112,74.599067688,285.552825928,94.6099777222,374.6456604
2022-11-22,147.546417236,237.799728394,15.9804697037,93.1999969482,96.1352081299,110.382797241,123.66192627,33.9079322815,100.963127136,159.426223755,158.850326538,350.715057373,484.09954834,224.056732178,508.308258057,132.059051514,55.4918632507,75.0541610718,292.854309082,93.2816696167,379.687286377
2022-11-23,148.420791626,240.274475098,16.4597434998,94.1299972534,97.5319213867,111.175193787,124.98059082,34.0164680481,100.459136963,158.011138916,159.020996094,351.531463623,490.226196289,223.735687256,510.735229492,132.811737061,55.7410583496,76.1617660522,289.81652832,95.8703994751,382.079833984
2022-11-25,145.512680054,240.187149048,16.2116355896,93.4100036621,96.5413513184,110.35307312,125.218673706,34.097869873,100.105415344,157.548019409,159.227600098,354.961975098,497.546386719,222.583602905,509.942260742,133.056594849,55.7944641113,76.5384597778,294.206451416,95.8607177734,381.994384766
2022-11-28,141.690917969,234.626205444,15.7702255249,93.9499969482,95.1446380615,107.748023987,123.030067444,33.3381309509,97.0989761353,152.968215942,159.30847168,355.467254639,492.595336914,219.372787476,507.323974609,132.947814941,55.8033638,75.0945053101,287.481872559,92.7775115967,375.898864746
2022-11-29,138.694396973,233.238418579,15.58289814,92.4199981689,94.2927398682,108.421569824,125.053863525,33.4647598267,97.7444839478,155.258117676,158.194458008,353.698608398,488.643615723,222.035827637,505.451202393,131.93208313,55.6075592041,73.9823913574,284.813659668,91.8079376221,375.253295898
2022-11-30,145.434127808,247.611404419,16.8666057587,96.5400009155,100.038070679,116.979614258,126.537353516,34.2335281372,98.4518966675,157.213531494,159.910385132,360.627746582,506.93081665,223.254074097,515.283691406,135.26940918,57.0147857666,75.9644775391,293.818908691,94.8911514282,387.074005127
2022-12-01,145.70916748,247.174697876,17.0778999329,95.5,100.038070679,119.297393799,124.760848999,33.2510185242,97.974395752,156.510299683,160.575195312,359.898864746,496.889465332,222.574127197,481.46661377,135.350997925,57.1761169434,76.0810623169,296.612091064,95.5892333984,386.789123535
2022-12-02,145.217956543,247.4949646,16.8197593689,94.1299972534,99.4932556152,122.318458557,123.771835327,32.8234481812,97.1431808472,155.258117676,160.700912476,364.204101562,497.724822998,222.989654541,472.551391602,136.584335327,57.6780471802,76.412902832,297.446380615,96.4036712646,386.342926025
2022-12-05,144.058654785,242.817184448,16.5546550751,91.0100021362,98.5423049927,121.26852417,120.30115509,31.358757019,94.4816131592,151.424484253,160.611129761,358.888183594,496.685180664,219.6277771,466.94229126,135.2059021,56.8892936707,76.368057251,290.273040771,93.0101928711,379.392913818
2022-12-06,140.403930664,237.887054443,15.9337272644,88.25,96.0658721924,113.037376404,120.502624512,30.0214443207,91.8554229736,147.522216797,158.203475952,358.159301758,500.658447266,215.585952759,459.775512695,135.378173828,56.8624000549,76.3949737549,287.887908936,89.4809951782,373.92401123
2022-12-07,138.468444824,237.159194946,16.066286087,88.4599990845,94.0451049805,112.84916687,120.420204163,29.7849121094,91.6520462036,147.959640503,159.164733887,361.492645264,503.990997314,216.237548828,460.549621582,136.248809814,56.9520339966,76.493598938,290.336517334,89.3452453613,373.287872314
2022-12-08,140.1484375,240.09979248,17.1117916107,90.3499984741,92.8266830444,114.235877991,121.683944702,29.5119876862,92.3329086304,148.834396362,159.191680908,361.317749023,508.641937256,218.069580078,460.024017334,137.228240967,57.1940422058,76.9151535034,293.909606934,89.7330780029,376.212280273
2022-12-09,139.667022705,238.178222656,16.9443511963,89.0899963379,91.9549942017,114.800491333,121.024589539,29.457403183,91.5547714233,144.083099365,157.880065918,350.821929932,500.546966553,214.641586304,461.552947998,136.865509033,56.5935058594,75.7940750122,290.635803223,90.5378112793,373.401885986
2022-12-12,141.956176758,245.058990479,17.4765701294,90.5500030518,92.4304580688,113.621765137,122.901863098,29.7758140564,93.8096008301,145.583969116,159.766647339,356.905670166,506.729492188,220.090499878,466.005767822,138.271148682,57.3374557495,77.6236724854,297.437316895,91.7788543701,378.785247803
2022-12-13,142.919006348,249.338897705,18.0117797852,92.4899978638,94.7285919189,119.010162354,122.782806396,29.7940044403,94.8353118896,148.82585144,160.997451782,348.557617188,499.637268066,222.3853302,466.502685547,138.062576294,57.355381012,78.1617889404,301.890136719,91.8176345825,381.652679443
2022-12-14,140.698638916,249.6300354,17.6151065826,91.5800018311,94.1738815308,120.436485291,122.169281006,29.3664264679,94.136756897,147.796691895,161.491531372,353.261260986,499.767150879,221.43145752,462.030700684,138.606674194,57.355381012,78.0720977783,302.379852295,91.2843704224,379.212524414
2022-12-15,134.106307983,241.66229248,16.8955116272,88.4499969482,90.0035552979,115.048110962,119.138175964,28.9024581909,93.2348327637,146.690307617,159.452224731,349.869567871,489.852783203,217.824066162,443.292236328,137.037811279,56.5666236877,76.9599914551,297.092803955,87.7357711792,369.936340332
2022-12-16,132.151184082,237.46975708,16.5157775879,87.8600006104,89.4092102051,118.29699707,118.396392822,28.8387794495,92.5805053711,144.7006073,157.817184448,349.733459473,486.15814209,219.76940918,440.94152832,136.430221558,56.243938446,75.4622192383,293.22946167,87.3382568359,365.568817139
2022-12-19,130.048736572,233.354873657,16.1998348236,84.9199981689,87.6063690186,113.393959045,119.101531982,29.1662864685,92.99609375,145.695465088,157.646499634,347.702392578,486.065246582,219.363342285,438.246795654,136.393936157,56.3246154785,74.9061737061,287.77911377,83.1691360474,362.468902588
2022-12-20,129.979980469,234.66506958,16.0313987732,85.1900024414,88.1809005737,115.979179382,119.678474426,29.2845478058,94.3401489258,148.088287354,157.817184448,349.510009766,482.918426514,222.054733276,437.472869873,136.448364258,56.279800415,74.9061737061,285.521026611,84.371383667,362.964904785
2022-12-21,133.07472229,237.217453003,16.4460144043,86.7699966431,88.7356262207,118.623847961,121.024589539,29.7303256989,95.5515441895,149.829284668,159.622894287,357.644256592,489.722869873,228.277999878,441.524383545,137.699813843,57.1850776672,75.919631958,289.62008667,84.2744293213,368.392181396
2022-12-22,129.911193848,231.161575317,15.2878856659,83.7900009155,86.9327697754,116.008903503,119.650985718,29.466501236,93.6239013672,147.582260132,159.038955688,355.020263672,489.305145264,224.321212769,438.323272705,138.017242432,56.7727737427,74.7447433472,286.68182373,84.0320358276,363.13659668
2022-12-23,129.547653198,231.685623169,15.1553297043,85.25,88.3889160156,116.920181274,120.218734741,29.5392780304,96.0997924805,152.144897461,159.443252563,357.537353516,493.22265625,226.521499634,442.088226318,138.407165527,57.2030067444,75.4891357422,289.048736572,85.3312530518,365.225463867
2022-12-27,127.749755859,229.96786499,14.0739450455,83.0400009155,86.5662765503,115.77117157,120.639976501,29.5938587189,97.435005188,154.057434082,159.398330688,354.60244751,493.853973389,229.609558105,438.122680664,139.613327026,57.552570343,75.3366775513,289.792327881,83.7411804199,363.785247803
2022-12-28,123.829719543,227.609542847,13.9892292023,81.8199996948,85.2091674805,114.523139954,121.299308777,29.8121986389,95.8345108032,151.784667969,158.706573486,354.932830811,490.567626953,226.058776855,432.857543945,137.808654785,56.9789237976,74.5832901001,286.328186035,81.6081314087,359.264190674
2022-12-29,127.337135315,233.898376465,14.5543384552,84.1800003052,87.6162643433,119.119117737,121.995269775,30.1488075256,96.5595855713,152.933929443,159.515106201,356.682159424,491.895080566,226.833145142,436.240142822,138.379989624,57.3195343018,75.4084243774,290.57232666,84.526512146,365.731018066
2022-12-30,127.651504517,232.743469238,14.5653018951,84,87.3983535767,119.198364258,122.80115509,30.1306114197,97.5322799683,153.93737793,158.697570801,355.535369873,492.17364502,226.228759766,436.211517334,137.445907593,57.0147857666,74.9779205322,286.446014404,84.2356414795,364.767669678
2023-01-03,122.876747131,232.510543823,14.2672996521,85.8199996948,88.2799530029,123.556617737,123.735168457,30.4854049683,94.1809844971,149.220336914,160.081069946,354.709289551,481.460845947,225.586654663,433.134613037,137.454986572,56.4232139587,75.1841964722,286.491363525,86.2620315552,363.231964111
2023-01-04,124.144134521,222.339797974,14.6998519897,85.1399993896,87.2497634888,126.16166687,124.889045715,31.0585422516,94.4550857544,147.633712769,161.823944092,352.872497559,468.334472656,227.928604126,436.268890381,138.053497314,56.3963088989,75.7761383057,289.955657959,89.1804199219,366.036224365
2023-01-05,122.827598572,215.750167847,14.2174654007,83.1200027466,85.3874816895,125.735740662,124.861351013,30.9948692322,96.5684280396,150.292388916,160.629074097,348.810302734,454.83682251,226.908706665,430.181915283,136.339508057,55.7509727478,74.107963562,286.092376709,89.1222457886,361.858428955
2023-01-06,127.346961975,218.29284668,14.8094844818,86.0800018311,86.5167312622,128.786529541,127.250663757,31.3041706085,97.7356567383,151.424484253,161.931716919,352.717041016,454.873962402,235.011276245,461.409515381,139.586105347,56.8265533447,75.0227737427,287.960571289,91.0613708496,370.156646729
2023-01-09,127.867652893,220.418228149,15.5759220123,87.3600006104,87.1903076172,128.241744995,126.72480011,30.8311080933,95.914100647,150.240936279,157.736328125,339.976318359,454.929656982,232.895874023,457.472686768,137.881210327,56.1184616089,75.3994445801,288.214416504,91.8855056763,369.946838379
2023-01-10,128.437469482,222.097183228,15.8559875488,89.8700027466,87.5865478516,131.72833252,127.859527588,31.0403499603,97.3465652466,150.978530884,157.359024048,342.814056396,451.160675049,236.56942749,460.004852295,137.745147705,55.6882286072,75.8209762573,290.771789551,92.6514434814,372.541229248
2023-01-11,131.149078369,228.812988281,15.947678566,95.0899963379,90.6573181152,131.629272461,128.809661865,31.2768859863,98.4784088135,150.258056641,157.107437134,350.258361816,458.03024292,236.777206421,462.785552979,136.629699707,55.5806655884,76.2335281372,298.362335205,93.3980255127,377.253051758
2023-01-12,131.070480347,231.472106934,16.4559822083,95.2699966431,90.2710113525,135.41305542,128.680526733,31.358757019,100.114257812,151.870483398,156.31690979,349.004608154,460.137512207,240.875671387,460.989074707,135.858856201,54.8636169434,76.2963104248,299.151367188,96.7720947266,378.626556396
2023-01-13,132.396835327,232.170898438,16.8426837921,98.1200027466,91.251663208,135.680480957,131.927719116,32.050163269,100.052360535,152.282150269,155.804824829,351.434143066,454.47479248,244.077026367,463.683776855,136.829208374,55.0608062744,75.9465408325,300.366546631,96.3745727539,380.095397949
2023-01-17,133.556137085,233.257873535,17.6430130005,96.0500030518,90.4295043945,134.07585144,129.88899231,31.4042491913,99.8578262329,154.794998169,154.843551636,347.663513184,450.306640625,241.999450684,465.136138916,136.430221558,55.2848854065,76.8972167969,297.029205322,96.8690643311,379.399108887
2023-01-18,132.838928223,228.851776123,17.3190956116,95.4599990845,90.2611083984,131.758071899,125.986816406,30.6764545441,97.8063812256,151.999084473,152.507766724,342.094909668,442.100341797,238.750900269,458.160675049,132.775497437,53.6087646484,75.1573028564,293.546844482,96.0255355835,373.409179688
2023-01-19,132.897857666,225.086303711,16.7091293335,93.6800003052,92.1729202271,134.85836792,124.307853699,30.2306804657,98.4342041016,153.517120361,152.301147461,341.191040039,449.638214111,233.181091309,448.624206543,129.967544556,53.5281028748,74.0720825195,281.929779053,96.0643157959,370.690856934
2023-01-20,135.452285767,233.131668091,17.7795581818,97.25,97.0960617065,138.047805786,124.612258911,30.7947177887,100.229225159,155.146606445,151.591461182,336.32220459,451.829040527,236.938537598,458.772125244,130.469421387,53.8507728577,73.3814926147,285.666107178,100.33039856,377.596466064
2023-01-23,138.635467529,235.422058105,19.1290416718,97.5199966431,98.8493881226,141.910797119,126.63256073,31.2223072052,99.7075119019,154.940765381,151.205184937,332.570892334,450.984283447,239.775650024,470.716644287,128.717285156,53.9852218628,74.1438369751,286.101379395,102.473136902,382.127044678
2023-01-24,140.030563354,234.897964478,19.2008037567,96.3199996948,96.7790908813,141.782043457,127.721107483,31.4497394562,100.635955811,155.086593628,151.205184937,336.633239746,456.359283447,244.434509277,470.238891602,129.419998169,54.2720489502,75.2469711304,288.105651855,102.77368927,381.716918945
2023-01-25,139.372299194,233.510162354,19.2586116791,97.1800003052,94.3224487305,140.157623291,128.339187622,31.72265625,100.105415344,153.585708618,152.283203125,339.879119873,457.194763184,245.222045898,469.06362915,129.328720093,54.6126403809,68.6908874512,287.715606689,104.829162598,381.860015869
2023-01-26,141.43548584,240.682113647,19.7360095978,99.2200012207,96.6007843018,145.902603149,129.132568359,32.1502342224,104.128738403,161.055740356,151.726211548,338.207580566,457.176208496,248.713821411,476.153839111,128.808547974,54.5050888062,68.5204925537,284.586914062,106.361076355,386.05682373
2023-01-27,143.370925903,240.837387085,20.2971401215,102.239997864,98.4333572388,150.300476074,129.446212769,32.2503051758,102.227615356,153.903060913,151.133285522,332.464019775,451.20715332,251.01008606,480.922058105,128.279312134,54.2182655334,67.7850494385,287.198669434,106.205940247,386.943847656
2023-01-30,140.49230957,235.548171997,19.0981445312,100.550003052,96.0262451172,145.664855957,128.348419189,32.1138496399,100.414916992,149.400436401,145.536437988,330.909118652,450.965759277,248.125610352,480.912414551,128.680801392,54.3527107239,67.3097305298,284.976867676,104.315299988,382.088897705
2023-01-31,141.759719849,240.497695923,19.4719009399,103.129997253,97.9083251953,147.556732178,129.114105225,32.2775993347,102.581314087,149.24609375,146.812103271,334.456237793,463.405151367,239.386581421,488.423156738,129.931045532,54.9622039795,66.9330368042,293.982208252,105.187896729,387.70690918
2023-02-01,142.879684448,245.291915894,20.8732128143,105.150001526,99.4833450317,151.667373657,128.772766113,32.6778793335,101.458297729,146.964767456,148.15965271,332.920776367,461.372131348,236.777252197,494.892242432,130.670181274,54.9711761475,66.5832672119,297.537078857,106.060508728,391.827331543
2023-02-02,148.175170898,256.792297363,21.6366577148,112.910003662,106.724441528,186.979187012,128.173171997,32.868938446,98.2838821411,144.949325562,148.716629028,321.385162354,437.078125,232.374557495,501.037628174,129.739379883,54.0300445557,67.8030090332,308.147583008,109.76424408,397.531219482
2023-02-03,151.790649414,250.726669312,21.0296878815,103.38999939,103.79233551,184.760421753,130.156539917,33.1418495178,98.9647445679,145.326690674,147.881134033,329.529174805,438.182800293,235.088287354,492.776824951,130.140914917,53.626701355,66.9689178467,300.629577637,107.340339661,393.305755615
2023-02-06,149.069213867,249.193328857,21.0187263489,102.180000305,101.93006134,184.294891357,130.922225952,33.0872650146,98.7967529297,145.489608765,146.75819397,328.149047852,441.172027588,238.561065674,493.533111572,129.036697388,53.9314422607,67.7222900391,298.607299805,106.525909424,390.902191162
2023-02-07,151.938018799,259.664916992,22.0991134644,102.11000061,106.625389099,189.802124023,132.518157959,33.4511604309,101.617477417,149.306121826,146.794113159,330.112213135,442.694458008,236.891082764,494.432861328,127.777359009,53.8418197632,68.2334976196,294.91619873,108.232330322,396.01461792
2023-02-08,149.255889893,258.859405518,22.1310062408,100.050003052,98.4333572388,181.689834595,131.58644104,33.205532074,100.733230591,145.79838562,146.982803345,331.132659912,448.579956055,236.141525269,482.256896973,126.454154968,53.5281028748,67.2917861938,290.91696167,108.37776947,391.684295654
2023-02-09,148.224319458,255.841201782,22.2625675201,98.2399978638,94.114440918,176.232116699,129.538467407,32.4959411621,101.113456726,144.460464478,144.997375488,332.162719727,450.910064697,233.683990479,479.213012695,125.06703186,53.4384765625,65.7132873535,286.164886475,107.000999451,388.288696289
2023-02-10,148.588363647,255.336486816,21.1941394806,97.6100006104,93.6785888672,172.497848511,130.110412598,32.3685760498,105.375541687,147.487945557,145.671157837,335.398925781,458.81930542,235.002883911,478.600402832,126.171234131,53.4384765625,67.0316772461,287.062652588,104.770988464,389.194824219
2023-02-13,151.382858276,263.314025879,21.7154006958,99.5400009155,93.718208313,177.727752686,131.521850586,32.4322547913,104.965644836,146.664596558,146.210174561,340.53024292,459.840332031,235.458358765,484.784088135,127.822998047,54.3168640137,67.8209381104,293.401763916,104.383178711,393.763580322
2023-02-14,150.743240356,264.138977051,22.8944568634,99.6999969482,93.7875595093,177.777313232,132.103027344,32.4049568176,103.735977173,147.788116455,145.572357178,338.863067627,457.500976562,231.862182617,481.692260742,127.102043152,53.4115791321,68.188659668,288.776763916,104.383178711,393.582427979
2023-02-15,152.839080811,262.027679443,22.6881446838,101.160003662,96.0262451172,175.479324341,132.656555176,32.3503799438,103.424125671,146.230712891,143.173675537,326.62713623,456.034332275,235.980224609,489.40737915,126.810028076,53.4115791321,69.0047988892,290.826202393,105.915077209,394.860534668
2023-02-16,151.245101929,255.051773071,21.9286842346,98.1500015259,94.6097335815,170.804092407,130.829971313,32.0956459045,103.121162415,144.11958313,142.158554077,317.910766602,452.41394043,233.911743164,482.534606934,125.149169922,53.0799407959,67.8837051392,291.325012207,102.60887146,389.42376709
2023-02-17,150.103668213,251.072494507,21.3167304993,97.1999969482,93.4606552124,171.23991394,131.217407227,32.1593284607,99.15599823,140.900970459,145.12638855,320.182525635,463.303039551,235.116744995,485.769989014,127.768218994,53.8866233826,68.2245254517,288.341400146,102.017440796,388.450866699
2023-02-21,146.098937988,245.828491211,20.5861740112,94.5800018311,90.9247894287,170.447509766,128.809661865,31.4042491913,99.0579833984,139.300292969,142.963821411,319.314758301,456.090026855,228.398880005,480.275482178,127.676979065,53.5998039246,66.0630874634,267.982025146,98.9827041626,380.658203125
2023-02-22,146.52204895,244.699920654,20.684841156,95.7900009155,90.7861022949,169.49659729,127.822601318,31.1950092316,97.7748718262,138.73789978,142.764755249,320.835723877,453.843536377,225.723098755,476.111633301,128.215393066,53.7611465454,66.0810241699,268.707458496,98.5851898193,380.133575439
2023-02-23,147.004211426,247.871643066,23.585144043,95.8199996948,90.0332794189,170.407867432,128.846557617,31.1677188873,98.6748275757,140.104949951,142.719512939,319.324462891,456.442779541,225.780044556,472.043457031,127.804756165,53.8597412109,65.3545684814,271.437194824,98.6336593628,382.155670166
2023-02-24,144.35736084,242.471908569,23.2084026337,93.5,88.2898483276,168.773544312,130.00894165,31.1222248077,98.6837463379,140.520263672,141.126998901,313.59161377,449.610473633,224.091049194,467.707244873,127.08380127,53.6356620789,65.3994064331,269.0340271,97.2471847534,378.073364258
2023-02-27,145.547912598,243.386489868,23.4226837158,93.7600021362,89.0228805542,167.931610107,131.143600464,31.1222248077,98.5055236816,140.874969482,140.819381714,308.69720459,448.672821045,227.706222534,466.194854736,126.974319458,53.6177406311,64.8650131226,268.444549561,97.3926239014,379.360992432
2023-02-28,145.046127319,242.666488647,23.1386394501,94.2300033569,89.2110977173,173.28036499,132.241409302,31.2041072845,97.935256958,139.101303101,138.674926758,303.432403564,441.821838379,227.298202515,463.466705322,125.532470703,53.3398780823,64.115814209,268.925201416,96.5781860352,377.95892334
2023-03-01,142.979782104,239.601760864,22.6223697662,92.1699981689,89.5082626343,171.774810791,131.503417969,31.0585422516,98.8084793091,140.208770752,138.050567627,306.308624268,441.153503418,235.95173645,458.192474365,125.623725891,52.7572746277,63.0687522888,263.710662842,95.5407562256,376.509063721
2023-03-02,143.570175171,244.310745239,23.2363071442,92.1299972534,91.1328048706,172.874267578,130.1381073,30.6648235321,99.2629241943,140.650054932,137.942001343,307.166534424,443.455718994,239.282211304,464.912139893,127.695251465,53.5281028748,65.1809616089,265.732940674,95.9091873169,379.437316895
2023-03-03,148.608062744,248.377532959,23.8103923798,94.9000015259,92.7672424316,183.492584229,132.527389526,31.278295517,100.519317627,142.726593018,139.362594604,310.461975098,444.25402832,242.252151489,454.928314209,128.626052856,53.2771377563,66.6432571411,270.657287598,98.0616149902,385.522674561
2023-03-06,151.363189697,249.914779663,23.4755153656,93.75,94.2333068848,183.145874023,131.752487183,31.2142066956,101.410339355,143.773468018,140.756027222,310.978729248,446.314910889,240.990158081,462.413757324,128.078536987,54.1017532349,67.1577835083,270.439666748,97.5962295532,385.789672852
2023-03-07,149.168899536,247.268371582,23.2143344879,93.5500030518,92.9752731323,182.75958252,127.877922058,30.2161579132,99.4500427246,141.921905518,139.425949097,302.857208252,439.909515381,233.551132202,464.395233154,125.532470703,53.788028717,66.5710449219,263.62902832,96.0449295044,379.87600708
2023-03-08,150.418548584,246.830566406,24.1045131683,93.9199981689,93.3616104126,183.21522522,127.121482849,29.8132743835,97.9976348877,141.022094727,138.4034729,304.719390869,436.864685059,235.999191284,465.247192383,125.550712585,53.8149261475,67.0223846436,266.259674072,96.2776184082,380.496002197
2023-03-09,148.175094604,245.487976074,23.3618736267,92.25,91.4497909546,179.966339111,120.239585876,27.9636821747,97.2402267456,138.876358032,136.84715271,308.921478271,431.582550049,228.636077881,459.006134033,124.62903595,53.2950592041,66.5800933838,263.071777344,93.2138061523,373.475952148
2023-03-10,146.118637085,241.858947754,22.8923625946,90.7300033569,89.7757263184,177.807037354,123.29309082,27.7164573669,96.0373153687,138.149551392,137.181945801,307.137329102,428.852905273,215.399536133,450.984588623,125.194801331,53.070980072,65.9030761719,261.528076172,90.7220230103,368.086853027
2023-03-13,148.057037354,247.044662476,22.8933601379,92.4300003052,90.2512054443,179.183822632,121.079063416,26.1049289703,94.9324264526,137.318939209,138.493972778,316.370361328,431.973846436,213.207702637,451.807800293,126.061729431,53.6087646484,66.1558380127,261.719940186,89.7815475464,367.562286377
2023-03-14,150.143035889,253.728637695,23.9868907928,94.8799972534,93.084236145,192.179351807,124.187919617,26.3338356018,95.2888565063,139.092666626,139.272125244,318.885772705,432.812316895,214.128082275,461.303436279,127.6222229,53.8059616089,67.293182373,260.852142334,90.5184249878,373.638122559
2023-03-15,150.536621094,258.252685547,24.1513690948,96.1999969482,95.2040710449,195.874008179,118.320770264,26.0866165161,90.5484466553,133.070724487,139.661193848,321.225769043,433.604187012,206.148208618,464.883453369,129.429107666,54.1644897461,68.1687545776,263.044372559,90.2663269043,371.301269531
2023-03-16,153.350753784,268.721374512,25.4602184296,100.040000916,99.3743743896,202.985839844,120.617835999,26.5261230469,90.0227279663,133.494689941,139.371643066,321.284210205,439.743530273,207.524032593,466.41494751,130.396453857,54.4625396729,68.8096466064,261.911712646,91.4201126099,377.815826416
2023-03-17,152.514404297,271.863922119,25.6436271667,98.9499969482,100.662124634,193.75428772,116.060623169,25.4731369019,88.9623794556,131.807479858,137.878662109,320.942932129,437.395874023,204.013305664,466.21395874,130.432922363,54.2096481323,68.3041534424,263.428009033,90.36328125,373.398101807
2023-03-20,154.87588501,264.858886719,25.8180770874,97.7099990845,100.265899658,195.933410645,117.287567139,25.409040451,91.2880172729,133.745605469,139.244949341,325.252349854,444.34576416,209.042251587,468.358154297,132.440567017,54.7334938049,68.5749588013,264.222686768,91.3522415161,376.988647461
2023-03-21,156.725769043,266.366851807,26.1161289215,100.61000061,103.931022644,200.242126465,120.433311462,26.1781806946,95.3779373169,137.838058472,139.244949341,322.795471191,447.271057129,213.41645813,469.85144043,131.482391357,54.4806060791,68.0243377686,264.378051758,93.6016235352,381.938598633
2023-03-22,155.298965454,264.917205811,26.3842849731,98.6999969482,102.395629883,197.91444397,117.324455261,25.3083229065,93.1948776245,135.034759521,136.675247192,322.688201904,443.004211426,208.700637817,466.663848877,131.400238037,54.236743927,66.9140472412,258.148284912,92.0115432739,375.428009033
2023-03-23,156.381378174,270.141845703,27.1049938202,98.7099990845,104.604614258,202.342056274,117.010810852,24.6948432922,92.1434402466,133.693634033,136.747619629,324.316375732,437.777862549,208.216705322,466.893585205,131.217727661,54.1193237305,66.625213623,259.335845947,92.9132461548,376.442810059
2023-03-24,157.680221558,272.973022461,26.6942939758,98.1299972534,104.446121216,204.055587769,115.230377197,24.8504981995,92.2503814697,135.026138306,138.122940063,327.719116211,443.442108154,205.910980225,474.082336426,133.891525269,55.0044670105,68.3221969604,258.522827148,91.2164993286,378.91305542
2023-03-27,155.741760254,268.896484375,26.4470787048,98.0400009155,101.494216919,200.915649414,118.532951355,26.0866165161,94.2730407715,136.401855469,138.711105347,326.227294922,448.947967529,206.850357056,472.119995117,133.188873291,55.4108924866,68.096534729,256.924316406,92.7096405029,379.621551514
2023-03-28,155.121871948,267.777618408,26.326467514,97.2399978638,100.077682495,198.776168823,118.892738342,25.7478313446,95.4492263794,137.99382019,137.371963501,329.201019287,440.265228271,208.899917603,465.945892334,133.563034058,55.4741096497,67.9160003662,256.513275146,91.9339828491,378.769500732
2023-03-29,158.191879272,272.914611816,26.8986492157,100.25,100.434295654,203.401885986,119.132575989,26.2514343262,97.0887680054,139.179153442,138.72013855,327.465576172,434.684906006,211.594650269,469.870483398,133.973678589,55.8715286255,68.7013168335,258.833374023,93.9215927124,384.274841309
2023-03-30,159.756378174,276.358825684,27.2963848114,102,99.9390029907,205.868240356,118.772796631,25.9126434326,97.5610198975,140.502929688,138.828720093,332.164978027,437.917572021,213.055892944,470.454437256,134.55770874,55.862487793,69.1345977783,260.660308838,95.1141357422,386.524871826
2023-03-31,162.255630493,280.493713379,27.6891460419,103.290000916,102.752250671,209.929367065,120.211891174,26.187335968,97.7125015259,141.169158936,140.249328613,334.826660156,440.274536133,217.135971069,475.613861084,135.689300537,56.025062561,69.5769119263,269.575531006,97.0823669434,391.972747803
2023-04-03,163.505264282,279.452728271,27.8765449524,102.410003662,103.376296997,211.048629761,120.073532104,26.1781806946,103.477592468,147.044021606,141.923278809,341.963470459,460.397644043,218.113296509,475.766967773,136.437591553,56.3592567444,69.206817627,271.959625244,96.7236251831,393.466400146
2023-04-04,162.973922729,279.404083252,27.3661651611,103.949996948,103.732902527,212.68296814,118.46836853,25.6196346283,102.488517761,146.256668091,143.407196045,345.746398926,459.521789551,206.328521729,476.437103271,137.094650269,56.1876449585,69.6491317749,269.429321289,96.5394134521,391.283447266
2023-04-05,161.133895874,276.640991211,26.7959747314,101.099998474,103.485267639,209.473724365,118.645027161,25.3083229065,104.243888855,146.983459473,149.849655151,353.17578125,474.409179688,202.60899353,475.862731934,138.034576416,56.7205200195,70.7052230835,263.683807373,96.8690643311,390.259002686
2023-04-06,162.019470215,283.704345703,26.9514846802,102.059997559,107.398033142,214.049880981,118.51486969,25.4914455414,102.51525116,145.054000854,149.433380127,359.07434082,477.744384766,198.471954346,465.189819336,138.910675049,56.7566490173,71.2829284668,263.628967285,96.9272384644,391.781311035
2023-04-10,159.431640625,281.554260254,27.491765976,102.169998169,105.436706543,212.712722778,118.905342102,25.5830097198,102.060829163,145.60774231,148.682403564,357.816650391,479.952301025,204.50668335,472.703948975,137.76083374,56.6211776733,70.7954864502,265.967437744,97.7416610718,392.183380127
2023-04-11,158.221374512,275.171875,27.0830669403,99.9199981689,104.356971741,211.821273804,119.491096497,26.2880573273,102.782569885,146.412414551,148.637161255,354.930725098,485.346343994,209.317398071,477.317718506,137.487075806,56.5218162537,70.7142486572,268.342376709,97.3635406494,392.288726807
2023-04-12,157.532623291,275.813995361,26.4111976624,97.8300018311,103.653671265,211.969802856,119.472488403,26.0774593353,102.67565918,146.931533813,148.320449829,359.8152771,485.551361084,209.222488403,468.415557861,137.861221313,56.6211776733,70.9398956299,265.300567627,94.9590301514,390.689697266
2023-04-13,162.905059814,281.992004395,26.3792991638,102.400001526,106.417366028,218.25958252,119.928077698,26.1507091522,103.156791687,148.895584106,150.302047729,365.762664795,490.246643066,210.33265686,476.590209961,138.499984741,57.0366325378,71.1746139526,266.862579346,97.7707519531,395.879241943
2023-04-14,162.560668945,278.392211914,26.6733665466,102.510002136,107.843788147,219.388763428,128.983795166,27.0297298431,103.406311035,149.198379517,150.057739258,365.353210449,476.7940979,212.239837646,470.282196045,137.797332764,56.9463272095,70.4253921509,266.899169922,96.8593673706,394.912109375
2023-04-17,162.580368042,280.980194092,26.916595459,102.739997864,104.971130371,216.783721924,130.006530762,27.8080234528,102.203384399,147.883255005,149.903930664,363.032714844,470.794464111,213.720077515,472.809234619,137.842987061,57.3166313171,70.8947753906,269.831268311,97.2471847534,396.329223633
2023-04-18,163.800445557,280.561859131,27.5794906616,102.300003052,103.514984131,215.822891235,131.466217041,27.9819927216,104.19934845,147.537185669,145.687362671,360.653778076,469.984008789,213.682144165,475.642547607,137.988952637,57.4069480896,70.6781539917,273.074066162,97.8580169678,396.587768555
2023-04-19,164.941864014,280.639678955,27.8426513672,104.300003052,103.198005676,213.653686523,131.298904419,27.5241718292,103.869628906,147.675628662,147.062744141,361.199798584,452.953979492,213.160247803,474.809814453,138.016326904,57.5153465271,71.2558517456,271.210571289,95.7443618774,396.520721436
2023-04-20,163.97756958,278.362976074,27.0182704926,103.809997559,104.297531128,211.048629761,130.917694092,27.3776702881,103.040985107,146.957504272,148.012802124,365.431213379,454.127746582,210.902008057,483.95123291,138.522323608,57.7682304382,71.0843429565,272.726928711,95.085067749,394.356842041
2023-04-21,162.373703003,278.02255249,27.0332202911,106.959999084,104.416404724,210.870346069,130.666656494,27.3502006531,103.370658875,146.325836182,147.207519531,375.600219727,450.736663818,210.138763428,484.688354492,143.315750122,57.8495140076,71.3009796143,274.069641113,96.5394134521,394.663269043
2023-04-24,162.678726196,274.140563965,26.9564666748,106.209999084,104.971130371,210.771270752,130.843338013,27.2494812012,105.322052002,148.36781311,148.103302002,373.757507324,455.506561279,213.153411865,489.541473389,143.572860718,57.7592010498,71.3460998535,275.531158447,96.6460571289,395.074920654
2023-04-25,161.143768311,267.962524414,26.1579971313,102.569999695,102.871109009,205.580993652,127.998275757,26.4070911407,103.825080872,146.213409424,149.460540771,375.210144043,458.282775879,208.574188232,481.64440918,143.609573364,57.6688804626,70.2448730469,270.680755615,95.0268936157,388.803588867
2023-04-26,161.133895874,287.372253418,26.8707370758,104.980003357,102.732421875,207.413452148,125.729698181,26.0408344269,102.871681213,143.609085083,147.14414978,366.854675293,449.926147461,206.246414185,473.498413086,141.947509766,57.3979187012,66.8598937988,263.135742188,93.6695022583,387.156829834
2023-04-27,165.709335327,296.576141357,27.139881134,109.819999695,106.57585907,236.296813965,127.421875,26.4528694153,104.101318359,144.448348999,147.487960815,380.582305908,456.931976318,204.471984863,479.825561523,143.683044434,57.5153465271,68.4666290283,268.488525391,96.8884429932,394.86428833
2023-04-28,166.958969116,298.94039917,27.6612319946,105.449996948,106.328208923,238.040145874,128.52822876,26.8099708557,105.446807861,145.858673096,148.121383667,385.954406738,458.441192627,208.736373901,481.692260742,143.600387573,57.93983078,69.1707000732,274.526397705,99.3802261353,398.23449707
2023-05-01,166.870391846,297.286407471,28.8185577393,102.050003052,106.189537048,240.872970581,131.280273438,26.590215683,102.176643372,144.699279785,148.030914307,395.655517578,461.804321289,207.276779175,472.474182129,143.774871826,58.0753173828,69.3241424561,271.932189941,99.0990524292,397.832427979
2023-05-02,165.837265015,297.140472412,28.1207714081,103.629997253,104.327255249,236.970367432,129.160491943,25.7844524384,98.1045684814,138.469680786,149.324813843,394.085723877,459.652313232,205.254226685,473.641967773,143.646286011,57.8133964539,68.5478668213,268.808197021,97.5380630493,393.361083984
2023-05-03,164.76473999,296.157806396,27.7140617371,103.650001526,104.416404724,234.781341553,126.427001953,25.5097618103,96.1709823608,135.692337036,147.370376587,420.400390625,455.972412109,205.721755981,469.095245361,143.462661743,57.4882392883,68.0514144897,267.712097168,97.790145874,390.661010742
2023-05-04,163.131347656,297.140472412,27.474822998,104,103.703201294,231.304641724,124.697692871,24.7131519318,94.4869003296,135.164535522,146.700790405,417.719299316,453.960083008,200.703643799,470.342102051,142.801483154,57.5514564514,68.1597366333,261.016571045,94.4839324951,387.894042969
2023-05-05,170.786590576,302.238586426,28.5892868042,105.660003662,104.574897766,230.571640015,127.133590698,25.3724117279,96.8392715454,138.616790771,147.198440552,417.104980469,460.481414795,205.197006226,478.706573486,143.279006958,57.8224182129,68.1597366333,264.551513672,97.4604873657,395.074920654
2023-05-08,170.717697144,300.292663574,29.0587921143,105.830001831,106.75415802,231.057022095,127.440444946,25.354101181,97.2224197388,138.07170105,146.863708496,421.892089844,458.934967041,204.910827637,478.706573486,142.608657837,57.7320861816,68.6561813354,263.0078125,99.8359146118,395.180236816
2023-05-09,169.015457153,298.687469482,28.4806270599,106.620002747,106.338119507,231.156036377,126.826797485,25.3266353607,97.2491378784,137.673706055,145.723602295,417.660705566,456.848083496,203.670623779,480.36605835,141.148605347,57.2534065247,68.2229003906,265.428466797,99.0699691772,393.447265625
2023-05-10,170.776748657,303.85357666,28.793636322,110.190002441,110.696647644,230.868804932,126.891868591,25.0153179169,96.0016860962,135.917312622,146.266448975,425.012054443,456.559326172,203.365310669,479.282043457,141.442443848,57.3527526855,69.4053878784,264.012634277,98.0616149902,395.285583496
2023-05-11,170.963729858,301.713165283,28.4876060486,112.180000305,115.471214294,233.553100586,126.492103577,25.079410553,94.2641296387,135.164535522,145.669296265,424.651275635,455.338928223,200.369766235,481.421142578,141.773040771,57.6779136658,68.6922836304,262.788574219,89.5003738403,394.596221924
2023-05-12,170.037521362,300.604034424,28.2503585815,110.260002136,116.402359009,231.591873169,124.679100037,24.8047161102,94.2552185059,135.510620117,145.479278564,424.661071777,457.639984131,199.902267456,483.512207031,143.214736938,57.9037132263,70.3712387085,265.32800293,89.1901092529,394.079193115
2023-05-15,169.54486084,301.080841064,28.8614196777,111.199996948,115.411773682,236.593994141,125.729698181,25.3174781799,94.4349822998,136.012481689,144.366333008,424.739257812,453.568786621,201.571792603,481.565063477,143.260620117,57.7501602173,69.9921188354,263.565032959,90.0336380005,395.438781738
2023-05-16,169.54486084,303.299041748,29.1205997467,113.400001526,118.383506775,236.554367065,124.883659363,25.0519428253,92.1430664062,132.81980896,144.176300049,426.83114624,446.917022705,197.669906616,475.915222168,143.012695312,57.099861145,68.4576034546,257.89251709,88.2108535767,392.796173096
2023-05-17,170.15574646,306.165710449,30.0825443268,115.5,119.700973511,240.189544678,128.723464966,26.159866333,94.2102737427,134.723312378,143.859634399,427.632659912,451.658996582,202.344558716,474.812133789,142.40663147,57.0366325378,68.0062789917,267.081848145,89.9463729858,397.564331055
2023-05-18,172.48109436,310.572845459,31.5778045654,118.150001526,121.672203064,244.50819397,129.699691772,26.0683021545,95.0641174316,134.557266235,143.398162842,428.043304443,446.460571289,204.844024658,477.785705566,140.065048218,56.7205200195,67.7896347046,269.612121582,90.90625,401.394134521
2023-05-19,172.589477539,310.39743042,31.1651153564,116.25,121.602859497,243.309646606,129.402175903,25.7386684418,95.5045318604,135.623199463,143.787246704,432.432342529,446.078552246,204.901275635,476.270111084,140.652694702,56.7476158142,67.2299957275,265.702545166,88.5695877075,400.810028076
2023-05-22,171.643600464,313.166564941,31.0773887634,115.010002136,123.871284485,245.964263916,128.333007812,25.9492683411,94.3450927734,133.185577393,143.012329102,424.230957031,447.755523682,204.405197144,471.809753418,136.970443726,55.5554084778,67.3202514648,265.501586914,89.0252914429,400.972839355
2023-05-23,169.042312622,307.394256592,30.5909328461,114.989997864,121.404747009,244.399215698,126.994155884,26.1690235138,95.630355835,137.038574219,142.957626343,413.693359375,446.656158447,202.926467896,465.095306396,135.492004395,55.4560585022,66.9411392212,269.411102295,87.0861587524,396.472808838
2023-05-24,169.318222046,306.019470215,30.44140625,116.75,119.760398865,246.845779419,125.831977844,25.7295150757,96.6998977661,137.405517578,142.820877075,416.195770264,447.951171875,200.054946899,463.07131958,134.371688843,54.9863967896,67.0133590698,265.903442383,86.3589935303,393.60043335
2023-05-25,170.45135498,317.788299561,37.8598632812,115,122.316078186,250.292800903,126.138778687,25.7936096191,94.9652557373,135.037826538,140.769638062,417.701171875,445.035247803,200.322052002,466.706756592,133.508514404,54.5618934631,66.2460784912,261.930023193,85.4573059082,397.009002686
2023-05-26,172.855529785,324.584442139,38.8228111267,120.11000061,123.435417175,259.554046631,127.31955719,25.9217987061,94.3450927734,134.618423462,140.714950562,416.215393066,448.593933105,202.058334351,486.572113037,133.517715454,54.4264144897,67.1527252197,267.483703613,85.6027374268,402.150512695
2023-05-30,174.698104858,322.946289062,39.9841270447,121.660003662,122.50428772,260.02947998,127.803031921,25.8760166168,93.5092315674,133.779678345,140.733154297,417.632781982,447.038116455,200.24571228,487.31072998,131.479110718,53.9928779602,66.0353240967,267.090911865,85.1470336914,402.30368042
2023-05-31,174.648849487,320.196716309,37.7143249512,120.580001831,121.711830139,262.208618164,126.176002502,25.4456691742,91.8375015259,131.595458984,141.362243652,419.80279541,453.922790527,196.286605835,490.696716309,130.854690552,53.8844985962,66.7348403931,260.779602051,85.2827758789,400.072845459
2023-06-01,177.447158813,324.28213501,39.6442146301,122.769996643,122.553825378,270.023803711,127.914596558,25.6394863129,92.8980636597,132.940963745,140.888137817,426.674743652,459.875823975,199.453903198,491.694335938,132.195388794,54.1915817261,66.2806243896,265.324493408,85.8936004639,403.873962402
2023-06-02,178.294540405,327.031738281,39.2026138306,124.25,123.494857788,270.023803711,130.601577759,26.4978256226,95.0551376343,136.523101807,143.103500366,432.383422852,465.41897583,216.206253052,491.684783936,134.546203613,55.2392921448,67.0891265869,272.270629883,88.0072479248,409.714416504
2023-06-05,176.944641113,327.558319092,39.0471076965,125.300003052,124.822235107,268.815368652,129.318527222,26.3409233093,94.6327056885,135.867828369,144.334243774,434.269989014,464.124084473,212.237594604,497.113983154,134.013549805,54.8689804077,66.852935791,269.657745361,88.230255127,408.929351807
2023-06-06,176.580078125,325.354644775,38.5317459106,126.61000061,126.109977722,268.547912598,129.550949097,26.9777584076,95.405670166,136.112442017,144.206604004,433.106750488,454.230224609,216.253921509,495.205047607,132.682067871,54.471572876,66.6621627808,272.325866699,89.3549499512,409.819763184
2023-06-07,175.210464478,315.311706543,37.3603286743,121.230003357,121.345321655,261.099304199,130.806152344,27.2084999084,97.5447692871,139.642166138,144.516540527,426.557495117,449.162261963,224.715957642,490.380218506,132.966751099,54.3902893066,67.3798294067,277.570007324,89.7039794922,408.402679443
2023-06-08,177.92010498,317.144775391,38.3921661377,124.25,120.988700867,262.069946289,130.843338013,26.9777584076,97.2391662598,139.126708984,146.102844238,435.638549805,456.708404541,223.666564941,498.878875732,134.472717285,54.5257606506,68.0430145264,277.008758545,89.7136764526,410.87298584
2023-06-09,178.304382324,318.63659668,38.6513710022,123.430000305,121.077865601,262.436431885,131.103622437,27.0146770477,96.520149231,138.794692993,145.874954224,436.010070801,459.866577148,224.219894409,496.18347168,134.582931519,54.6160812378,67.2889938354,273.567901611,89.131942749,411.610198975
2023-06-12,181.092834473,323.570343018,39.3611907959,126.569999695,122.474571228,268.478607178,131.094360352,26.8854637146,95.6483383179,137.457946777,145.774627686,435.296386719,458.907043457,226.957870483,499.722900391,133.526885986,54.3812599182,67.2072525024,276.797149658,90.3051147461,415.344329834
2023-06-13,180.619857788,325.949493408,40.8964767456,126.660003662,122.662780762,268.74609375,132.042694092,27.1346626282,95.6662979126,138.488922119,146.540466309,435.697143555,457.714508057,234.151092529,500.730072021,133.205474854,54.5980262756,67.5433654785,276.079559326,90.9935073853,418.082611084
2023-06-14,181.25050354,328.923339844,42.8654289246,126.419998169,122.50428772,270.756744385,131.549911499,26.8762378693,94.5158691406,137.248245239,147.288009644,437.652252197,428.415008545,232.128585815,505.698944092,134.454360962,54.968334198,66.6803283691,275.739105225,89.6361083984,418.580505371
2023-06-15,183.280258179,339.414886475,42.5224914551,127.11000061,123.910888672,279.156341553,133.037521362,27.1069717407,95.1719741821,138.287963867,149.266311646,443.72253418,435.814453125,236.278518677,507.598083496,136.318435669,55.723690033,67.552444458,277.864379883,90.1111984253,423.769927979
2023-06-16,182.206237793,333.788848877,42.5613708496,125.489997864,122.365608215,278.334228516,133.195556641,26.9408397675,94.488899231,137.396774292,149.722137451,437.642425537,428.892120361,233.98890686,502.293701172,137.319366455,56.1241188049,68.6698303223,276.355529785,88.5405197144,422.326416016
2023-06-20,182.294921875,329.615631104,43.67395401,125.779998779,121.939659119,281.632598877,132.516860962,26.6454982758,92.3228378296,134.268936157,149.630966187,441.78717041,439.088500977,230.058410645,498.504730225,136.052139282,55.7509880066,67.9158248901,277.303131104,87.0182952881,420.135314941
2023-06-21,181.260375977,325.237609863,42.9132843018,124.830001831,119.413696289,278.968139648,132.321609497,26.3686141968,93.3564453125,135.31741333,149.403091431,442.813476562,445.973388672,230.373214722,498.428039551,137.227539062,55.9057044983,68.8424301147,276.649932861,85.9420852661,417.982666016
2023-06-22,184.255737305,331.234283447,42.8933563232,130.149993896,121.989189148,282.177398682,129.774078369,25.8056163788,92.8441314697,133.360336304,150.989364624,447.388214111,448.12487793,226.423599243,502.82131958,137.695861816,56.2879295349,68.2519454956,277.091552734,85.7966461182,419.491394043
2023-06-23,183.940429688,326.661224365,42.0798416138,129.330001831,121.186805725,285.990905762,129.095397949,25.6117992401,92.0352325439,132.233261108,150.861709595,448.522155762,446.207244873,223.657028198,503.051574707,136.327636719,55.6963920593,67.3798294067,276.751098633,85.418510437,416.320068359
2023-06-26,182.551132202,320.401397705,40.5076675415,127.330001831,117.224525452,275.828216553,129.411483765,25.9255962372,93.7339324951,134.557266235,149.17515564,442.578887939,448.134216309,226.051589966,502.073059082,136.465393066,55.71459198,67.488861084,283.264892578,86.0002593994,414.619110107
2023-06-27,185.300170898,326.222473145,41.7478675842,129.179992676,117.214637756,284.326812744,129.420791626,26.0640411377,93.9676055908,134.137878418,148.865203857,454.054840088,451.40826416,229.619537354,508.70135498,137.760162354,55.5962753296,67.1436386108,288.647033691,86.3492965698,419.164733887
2023-06-28,186.472717285,327.470550537,40.9911956787,129.039993286,119.047187805,282.583526611,128.853668213,25.9071388245,94.731590271,135.352355957,148.564315796,448.385314941,443.821899414,230.745300293,511.070404053,137.732620239,55.0775337219,66.7166824341,281.995239258,86.1262969971,419.37612915
2023-06-29,186.807723999,326.690490723,40.6970901489,127.900001526,117.977363586,278.859191895,133.353622437,26.4516792297,95.8999862671,136.505645752,149.603622437,454.045074463,445.683349609,233.006271362,510.00579834,137.172454834,54.622505188,66.1443557739,283.200469971,86.2426376343,421.029052734
2023-06-30,191.123443604,332.043579102,42.1725578308,130.36000061,118.57170105,284.257476807,135.222412109,26.4793663025,96.394317627,137.475402832,150.898208618,458.434234619,449.612213135,234.733001709,516.422851562,139.339599609,54.8045196533,67.4070892334,285.794921875,86.5625915527,425.997467041
2023-07-03,189.635635376,329.557189941,42.2832183838,130.220001221,118.769828796,283.306549072,136.310211182,26.9500713348,96.5830688477,137.353088379,148.919876099,451.044158936,447.030426025,235.954162598,518.974304199,140.037490845,55.132144928,67.570602417,285.224517822,87.7454605103,426.487609863
2023-07-05,188.522171021,329.713195801,42.1875228882,130.380004883,120.602371216,291.577423096,135.402175903,26.8393154144,96.0887298584,136.566772461,148.427566528,455.227966309,440.800384521,233.569168091,519.06072998,139.798721313,55.5416755676,68.0884475708,285.942138672,87.0570678711,425.85333252
2023-07-06,188.995178223,332.755310059,41.9741706848,128.36000061,118.977859497,289.219970703,134.06350708,26.1009597778,92.5025939941,133.570022583,147.324478149,452.793884277,439.060394287,229.514587402,515.454040527,139.56918335,55.113948822,66.335105896,277.864379883,86.0390319824,422.51864624
2023-07-07,187.881759644,328.806335449,42.3729476929,129.779998779,118.353775024,287.773742676,135.121322632,26.3316955566,92.7183151245,134.740753174,145.182067871,441.91418457,431.782684326,233.903015137,503.636657715,136.639862061,54.3858833313,65.4539337158,278.591156006,85.9420852661,421.451873779
2023-07-10,185.84211731,323.55078125,42.0509338379,127.129997253,115.352333069,291.309967041,135.879577637,26.4516792297,94.0934295654,135.640655518,145.419082642,442.969940186,433.157806396,237.366104126,505.516601562,136.694976807,53.976360321,65.1450500488,285.463775635,85.418510437,422.51864624
2023-07-11,185.319885254,324.174865723,42.2752456665,128.779998779,116.035842896,295.460144043,138.004608154,26.7839431763,95.2438735962,138.148147583,144.616851807,429.509521484,433.008087158,241.22026062,508.039398193,135.97869873,54.16746521,65.5811004639,288.573364258,86.766204834,425.209442139
2023-07-12,186.985107422,328.786834717,43.7676696777,130.800003052,117.80897522,306.405303955,138.687988281,27.0977458954,95.7112426758,139.476165771,144.115447998,430.692321777,422.540466309,241.935760498,516.058410645,136.685775757,54.458694458,66.743927002,292.124664307,87.4061279297,428.630645752
2023-07-13,187.743789673,334.110626221,45.836315155,134.300003052,123.366073608,310.436767578,139.362030029,27.3838539124,93.9586334229,137.615203857,144.780929565,424.924987793,418.845458984,244.091812134,516.49005127,136.777587891,54.9228286743,66.9619522095,289.438232422,87.7163925171,432.032623291
2023-07-14,187.891571045,336.626220703,45.3298683167,134.679992676,124.237792969,305.939788818,140.20451355,26.8670043945,90.7230072021,134.181610107,145.747299194,439.353088379,449.172607422,243.862854004,524.403625488,137.787704468,55.423374176,66.4986343384,291.186218262,85.922706604,431.763580322
2023-07-17,191.143157959,337.104064941,46.3188362122,133.559997559,123.47505188,307.673187256,143.583953857,27.1346626282,91.1184616089,134.059295654,145.017974854,437.085235596,452.830108643,245.61819458,530.40838623,136.814331055,55.341468811,66.0080718994,290.772216797,82.9558258057,433.262756348
2023-07-18,190.886962891,350.520721436,47.3486785889,132.830001831,122.593429565,309.089660645,143.846099854,28.3344936371,90.7050247192,134.330108643,145.008880615,441.053985596,467.722442627,251.676193237,531.012634277,137.071395874,55.1230392456,65.4539337158,291.425537109,83.3339538574,436.482116699
2023-07-19,192.2368927,346.22076416,46.9329490662,135.36000061,120.879753113,313.012084961,144.398406982,29.1005382538,91.3341827393,135.151397705,144.71711731,443.360900879,471.183624268,251.906219482,531.511474609,138.008087158,56.0968208313,65.4993438721,293.927978516,84.3907852173,437.452789307
2023-07-20,190.295776367,338.215637207,45.3807182312,129.960006714,118.076400757,299.650054932,146.177047729,29.2482128143,92.9430007935,136.645401001,153.505569458,453.390136719,471.688720703,250.31477356,534.245239258,139.12713623,56.7793769836,67.3162460327,293.569061279,83.5860366821,434.550506592
2023-07-21,189.123245239,335.192932129,44.1734199524,130,118.888679504,291.468444824,145.053665161,29.5158634186,93.374420166,138.64616394,155.155654907,451.650238037,473.8309021,247.01675415,535.108398438,141.317169189,56.8248748779,68.9514694214,294.838775635,84.526512146,434.550506592
2023-07-24,189.921340942,336.499511719,44.4754943848,128.800003052,120.384437561,288.843566895,147.908874512,30.1342391968,94.8394241333,141.380828857,155.967041016,448.991333008,475.842071533,248.665756226,540.930847168,141.769958496,56.843082428,68.5880661011,299.107635498,83.9641723633,436.491760254
2023-07-25,190.778610229,342.223114014,45.5392303467,129.130004883,121.058044434,291.676452637,146.804260254,29.6727695465,94.9832305908,142.02734375,157.161331177,447.251403809,477.946899414,251.244735718,542.139465332,142.102615356,56.651966095,68.5335845947,299.126068115,83.02368927,437.683380127
2023-07-26,191.645690918,329.34262085,45.3129234314,128.149993896,128.051483154,295.737548828,147.68421936,29.9127292633,94.4529495239,140.961456299,157.462142944,443.390197754,475.20602417,247.659103394,543.079589844,142.250488281,57.3800239563,67.5615310669,303.229309082,83.2466888428,437.750640869
2023-07-27,190.384475708,322.468536377,45.7595596313,128.25,128.180267334,308.752838135,146.055374146,29.4881763458,94.7495498657,139.493652344,158.346481323,444.758728027,472.614837646,247.639892578,538.916503906,140.559432983,56.8248748779,66.5622253418,303.339752197,82.7619094849,434.848449707
2023-07-28,192.956161499,329.92767334,46.6069564819,132.210006714,131.330307007,322.392242432,146.888504028,29.4420280457,93.6170959473,138.803421021,159.066680908,448.170318604,470.444610596,249.681976318,540.34576416,144.532897949,56.8612785339,66.1806869507,304.866943359,83.5084686279,439.105651855
2023-07-31,193.567047119,327.538848877,46.5860137939,133.679992676,131.468994141,315.577514648,147.871414185,29.534324646,96.3853378296,142.988418579,152.730651855,444.328582764,473.681304932,254.226394653,537.803771973,144.431274414,56.3607368469,66.5894775391,307.139373779,86.1844711304,439.941772461
2023-08-01,192.739364624,327.948272705,46.364692688,131.690002441,130.309997559,319.648406982,147.141235352,29.1836051941,95.8280944824,141.800186157,153.970504761,442.901397705,472.156433105,276.737365723,532.815856934,144.385055542,56.2151222229,65.5629272461,305.510955811,86.3202133179,438.682891846
2023-08-02,189.753860474,319.328857422,44.1335449219,128.210006714,127.169906616,311.328216553,145.474945068,28.786737442,94.6327056885,139.554779053,154.900390625,444.260192871,472.212585449,275.701965332,529.823181152,144.699234009,56.3880386353,65.3267288208,302.226501465,83.6733093262,432.580413818
2023-08-03,188.364532471,318.509857178,44.3787879944,128.910003662,127.239227295,310.218780518,146.364257812,28.9897880554,96.2774887085,139.502380371,155.565887451,439.059783936,472.268707275,269.834564209,534.94543457,145.078094482,56.0968208313,63.682434082,303.468505859,82.8879470825,431.340667725
2023-08-04,179.319259644,319.601837158,44.5432815552,139.570007324,126.902420044,307.782226562,146.055374146,28.8882637024,96.5471115112,139.187835693,154.107254028,439.382385254,470.276275635,265.03125,529.525756836,143.488708496,55.250453949,62.8375816345,300.322052002,83.6733093262,429.389831543
2023-08-07,176.225357056,321.873687744,45.2780265808,142.220001221,130.290206909,313.55682373,146.748077393,29.4235706329,96.3493804932,139.694595337,157.808578491,443.86920166,477.769104004,270.026275635,535.635986328,145.004135132,55.6872825623,62.3561058044,302.842926025,84.187171936,433.137817383
2023-08-08,177.161376953,317.915008545,44.5273323059,139.940002441,130.161437988,309.674041748,145.924301147,28.8605728149,96.8257369995,139.484909058,157.881500244,509.870910645,473.20413208,271.215087891,533.439453125,145.161239624,55.4415626526,62.4196853638,301.591705322,85.4476013184,431.254241943
2023-08-09,175.575042725,314.19039917,42.423789978,137.850006104,128.437850952,302.314483643,143.967773438,28.4821624756,98.4705047607,139.668380737,157.781234741,514.396728516,469.696228027,272.787445068,536.873352051,144.976470947,55.5689849854,62.6104698181,301.959686279,84.8270797729,428.371185303
2023-08-10,175.358276367,314.87286377,42.2583007812,138.559997559,128.467559814,302.839508057,143.752471924,28.5560035706,98.9738311768,140.515869141,156.960754395,509.616668701,470.977783203,272.106719971,538.590515137,144.255706787,55.4415626526,62.0381507874,303.054504395,88.9671173096,428.524932861
2023-08-11,175.41746521,313.000823975,40.7299842834,138.410003662,128.338745117,298.778411865,144.585632324,28.8790302277,100.510749817,143.416503906,158.492340088,516.400756836,475.215393066,273.448913574,540.000671387,145.096588135,55.6690750122,62.6104698181,304.627685547,86.310508728,428.275115967
2023-08-14,177.065200806,315.955230713,43.6191177368,140.570007324,130.092102051,303.28527832,144.885192871,28.5467681885,100.591629028,143.311676025,158.11857605,527.029418945,477.946899414,272.79699707,538.571228027,143.959991455,55.405166626,62.2834281921,303.560516357,86.1069030762,430.639129639
2023-08-15,175.082000732,313.829620361,43.8055496216,137.669998169,128.55670166,299.085449219,141.196838379,27.6330528259,98.0091094971,139.126708984,157.662719727,535.473632812,473.98059082,265.92288208,535.732055664,143.035934448,55.0320320129,61.1842002869,305.575408936,84.4101715088,425.622619629
2023-08-16,174.213745117,313.067474365,43.352935791,135.070007324,127.486854553,291.49810791,140.597686768,27.0331401825,96.3599014282,138.593734741,157.161331177,535.101379395,471.052642822,263.180938721,536.249938965,141.575881958,55.04114151,61.3749732971,306.394226074,83.7217788696,422.499420166
2023-08-17,171.678024292,309.627960205,43.2113761902,133.979995728,128.695373535,282.385375977,139.137359619,27.0239067078,98.2265777588,140.913635254,158.638183594,526.696350098,462.072357178,263.813659668,524.796936035,140.559432983,55.159450531,61.3295516968,301.104064941,83.3048706055,419.280090332
2023-08-18,172.161499023,309.2371521,43.1665153503,133.220001221,126.258560181,280.562866211,139.455627441,26.8670043945,99.7126617432,141.928039551,157.252487183,535.287536621,466.263183594,262.500213623,522.715393066,140.956787109,55.468875885,61.6202507019,301.186859131,83.3436584473,419.481811523
2023-08-21,173.493484497,314.51361084,46.8232917786,134.679992676,127.159980774,287.149749756,139.933059692,26.9039230347,98.507484436,141.451721191,152.56652832,538.833679199,465.552246094,261.493530273,521.055908203,140.245239258,54.9956321716,60.9389343262,298.141571045,83.2660827637,422.211090088
2023-08-22,174.864929199,315.080322266,45.528263092,134.25,127.863273621,284.871582031,137.031036377,26.248632431,97.9547424316,140.287338257,151.354034424,542.370117188,460.556945801,259.048797607,516.413330078,140.300689697,54.658908844,61.3386421204,298.528045654,83.1788253784,421.067443848
2023-08-23,178.703018188,319.516418457,46.9718284607,135.520004272,131.122268677,291.448608398,137.957809448,26.2578620911,97.0938949585,140.472579956,149.995651245,542.07623291,457.844177246,261.761962891,518.801757812,141.612838745,54.8500213623,61.6747703552,300.009246826,83.2176055908,425.757202148
2023-08-24,174.026275635,312.64730835,47.0186920166,131.839996338,128.55670166,284.029663086,137.826751709,26.4147586823,96.3689727783,139.317047119,150.506164551,536.825500488,456.590637207,258.185913086,510.988739014,140.956787109,54.7044143677,61.0660972595,296.78918457,79.9598770142,419.856628418
2023-08-25,176.226486206,315.588409424,45.8771896362,133.259994507,128.655761719,282.791503906,137.65826416,26.3040065765,98.0906677246,140.357925415,152.664154053,542.360351562,457.544799805,261.311340332,513.19909668,141.880859375,54.9592247009,61.7383499146,297.037567139,80.8227767944,422.816589355
2023-08-28,177.785430908,316.29196167,46.6916999817,133.13999939,129.775085449,287.506317139,138.135650635,26.5439720154,98.9152603149,141.319412231,150.86428833,542.624694824,459.56539917,263.449401855,515.294006348,142.102615356,55.113948822,61.7928657532,299.843658447,81.5984344482,425.497741699
2023-08-29,181.662979126,320.894134521,48.6347312927,134.910003662,133.301559448,295.16305542,139.259033203,26.9223823547,99.5042495728,141.098892212,150.882659912,542.605285645,461.015258789,268.473144531,521.617675781,142.185791016,55.0593414307,61.754447937,303.036132812,81.8311386108,431.648254395
2023-08-30,185.145858765,321.265441895,49.1132621765,135.070007324,134.599182129,292.300476074,138.697357178,26.802400589,100.473823547,141.292922974,150.350067139,536.815734863,459.799224854,270.678161621,521.127502441,142.342849731,55.0320320129,61.3702468872,306.128631592,81.7147827148,433.426086426
2023-08-31,185.362930298,320.259002686,49.2039871216,138.009994507,134.886459351,293.08291626,136.984237671,26.6814174652,100.754737854,142.10446167,148.467559814,542.899108887,445.814331055,269.527740479,527.873901367,142.620101929,54.4495925903,61.1049728394,305.822998047,81.1330413818,432.791870117
2023-09-01,186.931732178,321.138458252,48.3605690002,138.119995117,134.381317139,293.56829834,137.442947388,26.9699134827,102.86605835,144.927124023,147.365631104,545.749694824,445.496276855,274.436340332,523.039916992,142.777191162,53.976360321,61.1690101624,308.397003174,79.1551437378,433.599060059
2023-09-05,187.168533325,325.916503906,48.3994483948,137.270004272,134.490249634,297.30255127,135.92640686,26.6628055573,102.87512207,146.832443237,147.549285889,546.807678223,449.771209717,270.007110596,523.501159668,140.864364624,53.5304145813,60.5561256409,303.489807129,78.7188339233,431.725067139
2023-09-06,180.469177246,325.261871338,46.9208641052,135.36000061,133.192581177,296.33190918,135.701721191,26.420835495,103.763153076,146.982406616,145.097503662,548.531921387,446.151092529,271.22467041,525.38494873,140.587142944,53.4940109253,60.0896072388,301.841674805,78.5152206421,428.822845459
2023-09-07,175.190536499,322.359863281,46.1033058167,137.850006104,133.985015869,295.836547852,134.540924072,26.1788711548,103.255691528,146.991226196,146.952423096,561.541015625,453.513092041,269.815307617,527.239624023,141.927047729,53.0844802856,60.6018638611,304.082366943,78.1177062988,427.506286621
2023-09-08,175.802230835,326.620025635,45.4362945557,138.229995728,135.094512939,295.063995361,134.643936157,26.3929195404,104.759918213,147.494018555,147.439117432,574.501281738,451.484588623,270.630279541,529.709655762,141.317169189,53.0844802856,61.1324157715,304.350860596,79.0969696045,428.150146484
2023-09-11,176.96647644,330.206054688,45.0434799194,143.100006104,135.629379272,304.642181396,135.233657837,26.5045948029,103.445991516,144.450790405,149.367492676,583.41583252,450.179290771,270.409759521,537.003662109,142.998931885,53.5850257874,61.7727279663,304.036071777,80.0083389282,430.9659729
2023-09-12,173.947311401,324.177246094,44.7363929749,141.229995728,134.064254761,298.798217773,136.993591309,26.9606075287,106.463478088,147.141159058,150.21232605,587.079467773,450.667602539,270.179626465,537.013305664,140.485488892,53.0571784973,61.9556999207,302.100982666,81.1330413818,428.601806641
2023-09-13,171.885253906,328.369049072,45.3495635986,144.850006104,135.42137146,302.165985107,137.059127808,26.8768501282,105.512023926,146.603103638,150.588821411,586.667907715,450.611297607,264.532714844,537.945495605,141.464996338,53.184589386,62.5960121155,301.730621338,80.9391326904,429.1015625
2023-09-14,173.394821167,330.948699951,45.4452705383,144.720001221,136.798309326,308.762756348,139.71774292,27.174654007,107.396820068,147.511657715,150.35925293,579.546264648,454.142272949,270.898681641,542.760192871,143.017425537,53.6248931885,63.3735313416,305.202697754,81.908706665,432.801422119
2023-09-15,172.674545288,322.662719727,43.76927948,140.38999939,136.10484314,297.460998535,139.305847168,26.8396244049,105.747634888,146.867752075,148.256362915,563.921447754,457.053375244,267.629425049,534.677978516,141.816146851,53.1478919983,62.7881088257,297.582611084,82.9752197266,427.586975098
2023-09-18,175.595062256,321.529266357,43.8350830078,139.979995728,136.907226562,299.679748535,139.596038818,26.7651729584,106.599403381,147.502838135,149.19303894,559.630859375,456.452392578,269.345581055,540.790100098,142.352127075,53.4781265259,62.4222106934,293.749359131,82.4322662354,427.837646484
2023-09-19,176.680389404,321.128601074,43.3904151917,137.630004883,136.738830566,302.175872803,139.418182373,26.6628055573,106.318489075,147.485183716,148.945114136,563.235839844,451.381347656,268.12802124,542.356567383,141.936248779,53.3680496216,61.8276252747,291.295806885,79.4460144043,426.950378418
2023-09-20,173.148147583,313.428985596,42.1132202148,135.289993286,132.479354858,296.82711792,138.828414917,26.5697402954,105.475776672,147.035339355,149.597076416,558.024291992,462.152679443,267.111694336,541.856872559,141.816146851,53.606552124,61.6080856323,287.823669434,80.0471343994,423.02532959
2023-09-21,171.608947754,312.217315674,40.894859314,129.330001831,129.210464478,292.924499512,137.742492676,26.1044178009,103.989692688,145.712188721,148.44921875,538.91204834,470.613800049,260.803314209,533.447937012,140.587142944,52.7809829712,61.2056045532,284.027526855,80.2119598389,416.033355713
2023-09-22,172.457458496,309.755065918,41.4861068726,129.119995117,129.022262573,296.242706299,136.422561646,25.7228565216,104.152793884,146.673660278,147.384017944,539.313720703,475.271759033,261.790740967,536.821105957,140.069671631,52.8360137939,61.928237915,283.073822021,78.7770080566,415.097930908
2023-09-25,173.730285645,310.272888184,42.0962791443,131.270004272,129.874145508,297.976074219,137.096588135,25.6856307983,105.321739197,148.817138672,147.163619995,541.028076172,479.197052002,262.950775146,536.849914551,139.219528198,52.2856445312,61.7178459167,283.777496338,78.5443191528,416.843505859
2023-09-26,169.665252686,304.996520996,41.7861976624,125.980003357,127.358108521,296.123748779,135.67364502,25.2854576111,105.484855652,148.014434814,146.024963379,538.794555664,474.661315918,258.396850586,531.410583496,137.981307983,51.8545150757,59.769443512,280.12020874,77.6135406494,410.719512939
2023-09-27,168.155670166,305.631622314,42.3415374756,125.980003357,129.309524536,294.915344238,136.469329834,25.3785209656,108.919143677,150.872390747,144.27104187,538.549743652,473.046051025,261.455200195,541.56854248,136.151641846,51.3224983215,54.8481178284,279.453582764,77.4681015015,410.883514404
2023-09-28,168.412216187,306.462188721,42.9606933594,125.980003357,131.062820435,301.076385498,138.163757324,25.6484069824,108.257637024,150.475463867,144.059829712,533.348022461,479.028045654,264.839508057,546.469726562,135.22756958,51.1940689087,52.2136535645,280.999816895,77.6910934448,413.265533447
2023-09-29,168.92527771,308.523864746,43.3694725037,127.120002747,129.626525879,297.361999512,135.757919312,25.480890274,106.545043945,148.737762451,143.022186279,526.177185059,473.478027344,261.733276367,542.942810059,134.784011841,51.3500061035,52.4057502747,279.7684021,78.5830993652,412.262634277
2023-10-02,171.431335449,314.435455322,44.648651123,129.460006714,132.905303955,303.909301758,134.587768555,24.8480587006,104.778038025,146.902999878,142.471221924,527.313537598,483.225769043,260.50604248,549.045288086,134.164916992,50.8913574219,47.7039604187,277.611022949,79.184211731,412.098632812
2023-10-03,170.099411011,306.217895508,43.3874206543,124.720001221,131.181716919,298.085083008,133.595443726,24.1128520966,104.959274292,147.247009277,142.645690918,514.480529785,478.436462402,257.869567871,543.01965332,134.442092896,50.3409881592,48.2802429199,270.305755615,77.1190567017,406.582244873
2023-10-04,171.342605591,311.660400391,43.9098587036,127,133.965240479,302.681030273,134.194549561,24.1407737732,101.035644531,143.815689087,142.81098938,520.622741699,479.516357422,254.092178345,549.516357422,134.885696411,50.4877471924,46.304397583,270.722412109,76.9057617188,409.542938232
2023-10-05,172.575881958,312.051208496,44.5549354553,125.959999084,133.796844482,301.898498535,134.760391235,24.252450943,98.7611999512,144.574310303,144.298583984,530.438354492,484.784698486,250.036712646,547.325134277,132.880432129,48.0477600098,45.2341461182,270.083526611,78.350402832,409.388671875
2023-10-06,175.12147522,319.770477295,45.6257362366,127.959999084,136.283187866,312.437591553,136.835083008,24.2617549896,97.1120147705,143.101211548,144.757720947,553.694335938,492.84197998,255.060470581,535.802368164,133.148406982,48.7448997498,45.9567909241,271.120513916,80.4155731201,414.249328613
2023-10-09,176.601455688,322.271881104,45.1381950378,128.259994507,137.115249634,315.339752197,136.523849487,24.4851074219,100.51008606,147.061782837,145.584182739,560.101135254,494.438446045,260.10345459,537.186340332,132.473861694,48.5064048767,45.1152267456,273.472320557,82.1219940186,416.901367188
2023-10-10,176.009460449,320.874572754,45.6616249084,129.479995728,136.758666992,318.786773682,137.353744507,25.1365566254,100.084190369,146.902999878,145.418914795,567.496948242,492.30670166,261.934539795,540.184814453,133.786026001,49.5612831116,47.1825561523,277.046203613,82.4031677246,419.071289062
2023-10-11,177.400634766,324.812347412,46.6666297913,131.830001831,139.225189209,324.710021973,137.825241089,25.145860672,96.4958267212,142.10446167,143.417022705,592.93762207,492.203460693,261.570251465,543.481079102,132.141204834,49.2677536011,48.9754562378,275.96295166,82.2674331665,420.787963867
2023-10-12,178.29850769,323.581176758,46.8052139282,132.330001831,137.660064697,321.084716797,137.504638672,25.0341854095,96.4777069092,142.219100952,143.55480957,598.051147461,493.527496338,258.483093262,541.808898926,132.436904907,48.4421882629,48.4814872742,271.305725098,81.7826538086,418.222595215
2023-10-13,176.46333313,320.229736328,45.3256263733,129.789993286,136.065231323,311.704589844,139.569885254,24.9038944244,99.5586166382,144.715438843,144.032318115,596.777648926,506.543365479,256.882110596,544.749572754,133.702865601,48.5155792236,49.8444595337,270.287231445,81.7826538086,416.139465332
2023-10-16,176.33505249,325.02734375,45.9577484131,132.550003052,137.788864136,318.103302002,139.428436279,25.1179428101,99.6311035156,145.897415161,144.656707764,604.065795898,505.256622314,259.614440918,549.939025879,134.97807312,49.0109138489,49.7438392639,275.296325684,83.1012649536,420.517883301
2023-10-17,174.785980225,324.460632324,43.8071670532,131.470001221,138.402999878,320.926269531,139.126663208,25.704246521,100.935966492,147.829208374,143.334411621,595.905639648,503.960845947,261.397644043,551.957336426,135.153640747,49.5979728699,49.551738739,274.009307861,83.5763397217,420.498565674
2023-10-18,173.493484497,322.555236816,42.070350647,128.130004883,136.659591675,313.96295166,137.598953247,25.4157466888,102.349563599,149.002365112,140.248977661,594.85760498,503.406738281,248.52192688,552.245666504,138.637390137,49.5796318054,48.7010307312,268.731750488,82.1026153564,414.895385742
2023-10-19,173.118545532,323.737579346,41.9756355286,128.399993896,136.451583862,309.842407227,137.01423645,25.0900249481,102.412979126,149.16116333,139.8724823,578.752746582,499.246612549,242.453201294,543.586791992,137.857177734,49.8548202515,47.9234962463,265.518890381,80.7161331177,411.249969482
2023-10-20,170.572967529,319.194000244,41.2637634277,125.169998169,134.32182312,305.721923828,134.807540894,24.4851074219,100.655059814,147.158828735,140.496917725,572.718383789,494.926757812,240.149978638,531.381713867,137.671203613,50.0566253662,47.5301513672,265.185546875,80.1343917847,406.196502686
2023-10-23,170.691390991,321.783325195,42.8470344543,126.559997559,135.213348389,311.031005859,132.968597412,23.7964382172,99.1780395508,141.733963013,139.018478394,564.891418457,489.799346924,238.338287354,530.766601562,137.764190674,49.6071548462,47.1276664734,263.944885254,80.5706939697,405.492462158
2023-10-24,171.12550354,322.965576172,43.5329818726,128.559997559,137.501556396,309.584869385,133.128936768,23.703371048,98.2175140381,138.179168701,138.871520996,580.34954834,493.020507812,240.48727417,530.334106445,139.391479492,51.0381240845,50.4207420349,262.3152771,80.0471343994,408.5496521
2023-10-25,168.816741943,332.873535156,41.6546020508,121.38999939,124.425994873,296.688415527,132.402786255,23.7778205872,98.3987579346,137.491119385,139.183776855,574.501281738,497.913146973,236.044692993,528.556213379,140.042434692,51.4784317017,51.6465072632,260.111663818,78.1370925903,402.686035156
2023-10-26,164.662918091,320.386047363,40.2059211731,119.569999695,121.127380371,285.614501953,132.742263794,24.3082885742,97.5016555786,136.503189087,136.823791504,556.515686035,496.175750732,233.625869751,526.259399414,139.298522949,51.1665420532,52.6618728638,257.398803711,77.3517532349,397.864013672
2023-10-27,165.97517395,322.262084961,40.3793983459,127.739997864,121.018440247,293.915008545,127.961074829,23.4241790771,95.6440505981,127.329475403,133.701660156,548.806152344,492.70111084,229.896392822,521.867431641,136.843597412,50.6712150574,51.4452705383,255.972885132,76.9154510498,396.060577393
2023-10-30,168.017547607,329.590484619,41.0384292603,132.710006714,123.286834717,299.788726807,129.592529297,23.9081134796,95.9430847168,128.864303589,135.014801025,554.174438477,497.706420898,233.365661621,533.255737305,138.796401978,51.5059509277,52.323425293,260.620941162,78.224357605,400.795776367
2023-10-31,168.491149902,330.372131348,40.6585731506,133.089996338,122.910423279,298.411865234,131.13911438,24.5130310059,95.9158935547,128.546737671,136.217712402,542.634643555,502.937133789,217.840713501,530.910766602,139.512435913,51.8178291321,53.3296356201,263.592987061,79.1066513062,403.312957764
2023-11-01,171.6484375,338.150024414,42.19896698,137,125.258079529,308.891540527,131.0259552,24.5688648224,95.7256088257,127.003089905,136.539108276,543.153808594,499.218414307,223.410812378,535.100769043,139.121841431,51.7719573975,53.4485588074,265.389251709,78.6024780273,407.61416626
2023-11-02,175.200378418,340.348510742,43.3764457703,138.070007324,126.288276672,307.92086792,133.3646698,25.704246521,98.8699493408,131.219482422,137.962463379,568.45715332,503.472442627,230.436065674,535.283630371,140.823577881,52.3681983948,54.8023719788,272.703796387,80.7549133301,415.425872803
2023-11-03,174.292648315,344.725982666,44.8709869385,138.600006104,127.883102417,311.615478516,134.854705811,26.4487571716,97.6647720337,130.205062866,138.972564697,556.231628418,498.561096191,232.006866455,540.030395508,139.549636841,52.0471496582,54.3175621033,273.703735352,82.4807434082,419.215881348
2023-11-06,176.838226318,348.370605469,45.6147651672,139.740005493,129.022262573,312.804046631,135.873199463,26.3649959564,95.9340209961,129.667007446,139.303131104,583.053161621,500.965087891,229.626571655,548.618408203,140.358612061,52.2581253052,54.0065460205,272.740844727,81.4627075195,420.180328369
2023-11-07,179.393707275,352.279052734,45.8181610107,142.710006714,129.735473633,315.795410156,135.807144165,26.2067928314,94.4298095703,127.382400513,138.56854248,587.696594238,505.068939209,226.388580322,550.014648438,140.03314209,52.450756073,53.4759979248,272.926025391,82.015335083,421.376159668
2023-11-08,180.449401855,354.887939453,46.4353103638,142.080001831,130.597290039,316.746307373,136.476745605,25.9555206299,93.2699356079,125.609405518,138.063446045,606.505126953,504.035797119,226.292236328,546.269287109,139.493789673,52.3681983948,52.5978469849,273.990814209,81.9280929565,421.684814453
2023-11-09,179.975784302,352.43536377,46.8101921082,140.600006104,129.012359619,317.508972168,136.071212769,25.6204853058,93.2971191406,125.203651428,135.372924805,579.262207031,506.167602539,225.64654541,542.312133789,139.809997559,51.9737586975,50.0548591614,266.537322998,87.5903244019,418.396118164
2023-11-10,184.154846191,361.209899902,48.1910705566,143.559997559,131.340179443,325.651000977,138.089309692,25.7600841522,94.0129928589,126.094535828,135.216827393,585.521850586,508.242950439,230.975692749,555.646850586,140.795669556,52.0288047791,50.4390487671,269.981658936,85.5833358765,424.925140381
2023-11-13,182.574142456,358.288330078,48.4752197266,142.589996338,130.844924927,326.067077637,137.476348877,25.7786979675,95.0006790161,127.020729065,135.565750122,600.215881348,509.520233154,232.893432617,556.715454102,141.772064209,52.2214355469,49.8536109924,266.72253418,86.7177352905,424.520111084
2023-11-14,185.182327271,361.796142578,49.508140564,145.800003052,132.360473633,333.119476318,139.984832764,27.1932678223,95.3664627075,127.946922302,135.593322754,599.470153809,507.538726807,238.858657837,568.817871094,141.455871582,52.377368927,52.6435813904,281.129455566,88.2981185913,432.756103516
2023-11-15,185.745422363,361.943023682,48.7424278259,143.199996948,133.351043701,329.553619385,141.210769653,27.5655250549,94.7903900146,128.39680481,136.640136719,577.604187012,505.613555908,241.971343994,574.575378418,140.804962158,52.4782714844,52.1404685974,285.351531982,91.0710678101,433.672332764
2023-11-16,187.425003052,368.307159424,49.332660675,142.830001831,135.639266968,331.019592285,142.823410034,27.4910736084,93.6930389404,126.364555359,137.833908081,577.810180664,506.937683105,239.195983887,557.05255127,142.116119385,52.4232368469,51.7745704651,283.731201172,91.6334152222,434.202728271
2023-11-17,187.405227661,362.119232178,49.1512069702,145.179992676,134.034561157,331.86151123,144.115325928,27.9005527496,95.9791412354,128.762252808,137.549224854,580.715209961,503.622741699,243.879470825,555.67565918,140.479476929,52.5241355896,52.4789276123,284.499725342,91.2843704224,434.742736816
2023-11-20,189.14402771,369.550628662,50.258895874,146.130004883,134.96572876,336.744812012,144.558578491,27.9284687042,95.5585021973,128.690933228,138.76184082,586.495788574,502.505126953,241.35458374,559.189880371,139.735595703,52.6525611877,52.4514884949,285.351531982,92.1375808716,438.089324951
2023-11-21,188.343780518,365.272003174,49.7952804565,143.899993896,135.678909302,333.783172607,144.256820679,27.6027488708,95.5219192505,128.387863159,139.881835938,581.588623047,506.721679688,240.352355957,562.559631348,139.121841431,53.2304573059,53.0369262695,282.712738037,91.5752334595,437.134521484
2023-11-22,189.005691528,369.95199585,48.570941925,146.710006714,137.18460083,338.250305176,144.596298218,27.5748291016,95.1104354858,128.646392822,139.604156494,584.032470703,510.63772583,237.07585144,567.16192627,140.433013916,53.5881996155,52.9981956482,286.286682129,92.1763687134,438.822235107
2023-11-24,187.681869507,369.540802002,47.6337394714,146.740005493,135.401550293,335.021270752,144.794326782,27.6678905487,95.6225204468,129.154403687,141.159210205,589.930725098,513.774230957,238.376846313,569.357116699,140.767745972,53.7257881165,53.0719642639,287.675598145,93.1362304688,439.092224121
2023-11-27,187.50402832,370.696105957,48.0983505249,147.729995728,135.124206543,331.524749756,144.464263916,27.5096874237,95.0646972656,128.673095703,140.029968262,580.538635254,510.478088379,238.40574646,572.765197754,140.637588501,53.6248931885,53.0996322632,287.879241943,92.2733230591,438.301452637
2023-11-28,188.106658936,374.700714111,47.6786079407,147.029998779,135.906738281,335.774047852,144.794326782,27.4817657471,95.0098266602,129.698135376,140.353897095,580.607299805,507.604492188,238.511734009,571.898864746,141.613967896,53.7349700928,53.6344985962,290.119873047,89.6845932007,438.73538208
2023-11-29,187.089096069,370.931091309,47.9966545105,146.320007324,133.717590332,329.048492432,145.529891968,28.2076644897,93.5833206177,128.272018433,140.798217773,580.862548828,502.392425537,240.390914917,565.987121582,140.53527832,53.4139099121,53.8189353943,289.905548096,89.6845932007,438.42678833
2023-11-30,187.662078857,370.989898682,46.63073349,146.089996338,131.280776978,324.046447754,147.189651489,28.6016521454,93.9490814209,127.995704651,143.158569336,580.057556152,519.286743164,241.614776611,570.685668945,142.757751465,54.0333900452,53.9572677612,292.207794189,89.8688201904,440.153106689
2023-12-01,188.936538696,366.68182373,46.6257514954,147.029998779,130.617095947,321.738525391,147.906356812,29.0425415039,94.1777038574,129.07421875,146.601959229,573.187805176,515.583496094,247.43548584,574.065063477,141.958053589,54.2183113098,54.5659065247,297.921630859,89.7621612549,442.75692749
2023-12-04,187.148361206,361.424072266,45.3744812012,144.839996338,128.051483154,316.984039307,148.990890503,28.9112148285,93.6656265259,129.127670288,147.064743042,574.797180176,516.63885498,245.498443604,576.789794922,141.400085449,54.1535797119,54.1048202515,302.022918701,89.2095108032,440.432769775
2023-12-05,191.090301514,364.733428955,46.4314231873,146.880004883,129.755279541,315.270477295,148.972015381,28.6860790253,91.8458938599,127.336112976,146.75932312,577.221435547,518.504577637,245.922485352,582.826416016,136.471618652,54.2368087769,53.699054718,301.538238525,88.0266494751,440.345947266
2023-12-06,190.003570557,361.091156006,45.3714904785,144.520004272,128.794448853,314.438415527,147.406539917,28.639175415,90.6296768188,127.041946411,144.972808838,578.300964355,517.816711426,246.674118042,584.829101562,136.369354248,54.1813240051,55.5157661438,303.971038818,88.7150268555,438.571472168
2023-12-07,191.930084229,363.196289062,46.4613418579,146.880004883,135.639266968,323.491668701,147.859191895,28.7611217499,89.9987258911,126.94392395,143.843551636,577.339111328,516.629333496,248.061828613,588.218139648,136.229904175,54.3107757568,55.1929931641,304.027038574,89.5391616821,441.917907715
2023-12-08,193.352737427,366.407714844,47.3687019348,147.419998169,133.717590332,329.593261719,149.490661621,29.0425415039,91.0320510864,128.628540039,142.936431885,586.937438965,518.042785645,250.075912476,588.054504395,134.974533081,54.190574646,55.0546760559,304.30657959,90.2881546021,443.817871094
2023-12-11,190.853210449,363.53894043,46.4922370911,145.88999939,132.033599854,322.194122314,150.037643433,28.9393577576,91.0960540771,128.664199829,143.528839111,573.187805176,512.304199219,251.444366455,600.647827148,135.597518921,54.5881500244,55.0638961792,308.836700439,89.6850585938,445.5440979
2023-12-12,192.364746094,366.55456543,47.5192680359,147.479995728,131.270889282,331.049377441,151.376754761,28.8361644745,89.6603851318,127.015220642,143.538101196,573.894348145,514.226623535,251.935821533,606.077880859,135.709136963,54.9394950867,54.8886795044,310.579711914,88.5858917236,447.578979492
2023-12-13,195.575637817,366.544769287,47.9490280151,148.839996338,131.320404053,331.56439209,151.886001587,30.0556564331,90.455947876,128.895935059,144.204544067,586.397583008,517.326721191,258.238342285,618.112854004,138.164077759,55.4110450745,57.6460189819,320.087280273,90.2978897095,453.751098633
2023-12-14,195.723815918,358.281158447,48.2102584839,147.419998169,130.69631958,330.009307861,154.649108887,31.837978363,92.8883590698,133.6378479,145.204238892,563.010437012,503.409057617,274.813690186,607.310302734,134.518829346,54.5881500244,57.8950080872,327.926330566,91.3776016235,455.207336426
2023-12-15,195.190338135,362.980895996,48.7487030029,149.970001221,131.350128174,331.742675781,155.818466187,31.5190353394,92.2665405273,133.120880127,143.621414185,561.410705566,500.469146729,275.363037109,634.307067871,133.867950439,54.1813240051,56.7146072388,329.967712402,90.9106903076,454.45791626
2023-12-18,193.530548096,364.860717773,49.9322738647,154.070007324,134.519943237,341.350646973,156.761474609,31.3595657349,92.9523696899,133.415023804,143.880569458,568.987243652,496.162811279,275.334075928,655.89276123,135.922988892,54.5696563721,56.2535133362,326.994262695,90.3270645142,457.014251709
2023-12-19,194.567901611,365.458007812,49.4606437683,153.789993286,135.361923218,347.03616333,158.855072021,31.4346160889,94.1777038574,135.162017822,144.824752808,569.036315918,493.797668457,282.320831299,652.523071289,135.922988892,54.3939933777,56.7791557312,328.168701172,91.3678741455,459.793304443
2023-12-20,192.483337402,362.873138428,47.971950531,152.119995117,137.03604126,345.966461182,157.063278198,30.9374351501,92.6048660278,133.923095703,141.871948242,559.614685059,486.155731201,279.188751221,636.405883789,133.821456909,53.2659759521,55.1837730408,324.990234375,88.7804412842,453.421875
2023-12-21,192.335144043,365.732177734,48.8484191895,153.839996338,139.096374512,350.730773926,157.959152222,31.1438140869,93.0255203247,134.333084106,143.325164795,561.371459961,489.877868652,279.535736084,640.411193848,134.146881104,53.6173286438,54.9624519348,325.279144287,89.509979248,457.721130371
2023-12-22,191.2681427,366.750366211,48.6888771057,153.419998169,140.156311035,350.037475586,157.864868164,31.3595657349,93.1901092529,134.636138916,143.899108887,559.791320801,490.282989502,279.815185547,646.611450195,135.09538269,53.9224433899,55.1007843018,324.924987793,88.5372543335,458.641052246
2023-12-26,190.724777222,366.828735352,49.1365776062,153.410003662,140.186065674,351.463745117,158.798477173,31.7629375458,93.400428772,135.848373413,144.528518677,560.066223145,490.019165039,284.893859863,649.519104004,135.709136963,54.1443481445,55.5249900818,325.596069336,88.4691696167,460.577636719
2023-12-27,190.823547363,366.251068115,49.2741851807,153.339996338,139.046875,354.435302734,159.750946045,31.7441768646,92.9615020752,135.40272522,144.722900391,570.704833984,492.619903564,287.293395996,656.589172363,135.82069397,54.2830352783,55.8661994934,324.86895752,87.9147109985,461.410369873
2023-12-28,191.24836731,367.435791016,49.3788795471,153.380004883,138.908172607,354.920654297,160.599655151,31.7817001343,91.6172943115,133.495223999,144.935791016,570.056945801,494.608154297,286.098449707,652.945800781,135.513870239,54.320022583,56.2719573975,323.778442383,87.9341659546,461.584716797
2023-12-29,190.211013794,368.179901123,49.3788795471,151.940002441,138.373275757,350.602020264,160.411071777,31.5847034454,91.4252471924,132.951507568,145.083908081,572.088562012,496.087493896,284.932434082,649.972106934,136.267059326,54.4864425659,56.0137519836,323.0234375,87.8271713257,460.248474121
2024-01-02,183.404006958,363.117919922,48.028793335,149.929992676,136.867614746,343.00479126,162.278305054,31.8004608154,93.6015930176,133.236740112,148.073699951,581.196105957,508.214752197,282.079925537,640.686523438,138.312835693,55.3093338013,56.7791557312,321.653167725,88.235710144,457.672729492
2024-01-03,182.03074646,362.85357666,47.4315223694,148.470001221,137.610519409,341.202056885,161.570999146,31.4533672333,94.3880157471,135.777038574,148.999343872,606.222412109,510.749572754,273.975280762,634.817687988,137.475921631,55.4387817383,57.1664848328,315.296203613,89.1500701904,453.935028076
2024-01-04,179.718948364,360.249145508,47.8592758179,144.570007324,135.104385376,343.826904297,162.643218994,31.706659317,93.565032959,134.288528442,148.684631348,603.081848145,513.943847656,275.70993042,638.421691895,138.229141235,55.2538566589,56.991268158,315.603851318,88.0897979736,452.472869873
2024-01-05,178.99772644,360.063171387,48.9551010132,145.240005493,134.450622559,348.611083984,163.459274292,32.2976379395,93.8485031128,134.056777954,149.14743042,607.05657959,506.367889404,278.437133789,645.964416504,137.085372925,55.1706428528,57.2494735718,319.658569336,88.4205322266,453.092590332
2024-01-08,183.324966431,366.858093262,52.1019859314,149.100006104,137.531295776,355.257476807,163.222015381,32.0443611145,92.2848129272,133.254577637,149.517715454,614.397583008,505.5574646,281.63659668,651.557434082,138.266342163,55.5774688721,58.0241203308,324.309783936,89.0527954102,459.560943604
2024-01-09,182.91003418,367.935150146,52.9864196777,151.369995117,139.621414185,354.039093018,161.931564331,31.5471858978,91.1417770386,129.867523193,149.61026001,613.857727051,507.300811768,281.675109863,656.963317871,138.833557129,55.4757614136,57.1849250793,322.687866211,87.2240829468,458.863800049
2024-01-10,183.947372437,374.769165039,54.1929244995,153.729995728,140.938873291,366.955413818,162.273193359,31.5190353394,90.2456359863,128.797851562,149.832397461,618.480224609,506.612915039,282.696655273,662.457702637,139.428695679,55.6606826782,57.4339179993,332.577575684,86.8544387817,461.458831787
2024-01-11,183.354629517,376.590332031,54.6635627747,155.179992676,140.740768433,366.163024902,161.589981079,31.0969142914,90.2273483276,129.493148804,149.165939331,623.907409668,508.53515625,281.453491211,663.265380859,139.958755493,55.3000907898,55.995300293,332.325958252,87.0100708008,461.255493164
2024-01-12,183.680603027,380.350006104,54.5518875122,154.619995117,141.305389404,370.937286377,160.403915405,30.7685832977,91.3978042603,131.266891479,150.313735962,630.973632812,491.413757324,279.863433838,672.777404785,140.042434692,55.8363571167,56.2904052734,331.56161499,87.8855209351,461.575012207
2024-01-16,181.418228149,382.112426758,56.2190513611,153.160003662,141.146881104,363.973968506,159.398132324,30.1306972504,89.3311920166,128.075912476,148.582794189,622.778747559,489.189971924,276.798858643,671.054260254,139.289215088,55.4665222168,55.6540908813,334.096923828,90.5118789673,459.880462646
2024-01-17,180.479660034,381.32913208,55.891002655,151.710006714,140.136505127,364.875335693,158.544174194,29.8305187225,88.6819458008,127.567848206,148.49949646,617.224060059,494.645812988,268.511199951,673.71282959,139.428695679,55.4665222168,53.7359390259,331.552215576,87.875793457,457.324157715
2024-01-18,186.357971191,385.637237549,56.9419631958,153.5,142.127578735,372.561706543,158.857315063,29.7648525238,88.5173568726,126.409126282,149.221511841,611.767272949,486.542144775,271.662445068,676.78515625,138.624893188,55.6236953735,53.164188385,333.602905273,89.6948013306,461.391052246
2024-01-19,189.252700806,390.33682251,59.3190689087,155.339996338,145.000244141,379.812316895,161.599456787,30.2245082855,88.654510498,126.783477783,149.656509399,616.900085449,474.499633789,276.193389893,684.327880859,138.091522217,55.3185768127,52.8045310974,337.80670166,90.5216140747,467.142822266
2024-01-22,191.554626465,388.222015381,59.4815979004,154.779998779,144.613891602,378.158081055,161.409698486,30.5340671539,88.5356292725,127.006309509,150.387802124,619.157409668,483.385498047,279.475402832,681.905395508,138.362869263,55.0781822205,52.4264259338,332.475097656,92.4865112305,468.130523682
2024-01-23,192.829116821,390.561981201,59.6999664307,156.020004272,145.653991699,381.545654297,160.346984863,30.740442276,89.5323791504,126.649780273,147.925598145,617.979553223,485.769470215,279.630310059,677.060791016,144.089767456,55.3370704651,52.9151916504,326.966278076,91.2122421265,469.495727539
2024-01-24,192.157272339,394.14553833,61.1846618652,156.869995117,147.298339844,386.993499756,161.779785156,30.9374351501,91.0777740479,129.172241211,147.138809204,621.924926758,483.611572266,281.421356201,675.997375488,142.349227905,54.4679489136,52.5739822388,323.694580078,90.9496078491,470.009094238
2024-01-25,191.831253052,396.407226562,61.4389190674,157.75,150.438476562,389.449951172,164.094970703,31.3220462799,93.3912887573,132.425628662,147.694168091,615.957946777,464.925964355,291.190002441,669.488647461,145.624420166,54.699092865,53.4685096741,327.143341064,92.2725143433,472.565368652
2024-01-26,190.102355957,395.486907959,60.8546218872,159.119995117,150.755477905,390.400939941,163.468704224,31.3595657349,94.1868438721,132.933685303,147.638641357,627.371887207,474.160461426,289.892669678,676.361694336,146.111038208,54.8932647705,53.929599762,331.179412842,92.7588806152,471.965057373
2024-01-29,189.420654297,401.155853271,62.2844772339,161.259994507,152.063018799,397.215576172,163.895706177,31.5284175873,94.3057174683,132.880187988,147.509063721,633.015014648,475.423126221,293.591003418,683.382507324,146.129760742,55.2261199951,54.9347839355,331.552215576,94.8307723999,475.702667236
2024-01-30,185.775131226,400.049499512,62.5925712585,159,150.032333374,396.26473999,167.254638672,32.6353378296,95.8785476685,133.807189941,146.96295166,632.995422363,474.54675293,295.05291748,690.009460449,147.374343872,55.3833007812,54.667350769,332.857269287,94.2957839966,475.334716797
2024-01-31,182.178939819,389.269592285,61.3491859436,155.199996948,138.779403687,386.438812256,165.442352295,31.9036464691,94.0131072998,131.409484863,147.083251953,633.613708496,482.207519531,290.744628906,684.239196777,147.046813965,55.0042152405,54.0679283142,328.998260498,93.4300537109,467.578582764
2024-02-01,184.609298706,395.340057373,62.8448524475,159.279998779,139.829452515,391.034820557,164.844543457,31.4721336365,93.6290283203,131.819519043,146.5834198,648.15826416,477.873046875,297.889587402,694.711853027,148.955780029,56.3818664551,55.1007843018,335.625579834,94.4124984741,473.69833374
2024-02-02,183.611465454,402.624572754,65.9688034058,171.809997559,141.03793335,470.483856201,165.793411255,31.3970870972,93.2449798584,135.69682312,144.963577271,655.244140625,480.784729004,305.053894043,699.64251709,147.935791016,55.9750442505,53.6252822876,332.978424072,94.4805908203,478.685058594
2024-02-05,185.419448853,397.170959473,69.1316375732,170.309997559,142.325668335,455.05166626,165.575180054,30.9468212128,92.8609237671,135.777038574,144.213790894,693.077880859,473.934265137,311.16293335,701.299316406,148.048095703,55.5127449036,51.6149024963,331.030303955,94.0136871338,476.942138672
2024-02-06,187.019927979,397.014251709,68.0258331299,169.149993896,142.741729736,450.406158447,166.144515991,30.9937229156,93.5010299683,135.79486084,146.305740356,691.929626465,481.199310303,312.440887451,700.934448242,148.749923706,55.4202880859,51.854675293,332.064941406,96.5816726685,478.326843262
2024-02-07,187.128616333,405.395355225,69.8964080811,170.529998779,144.168151855,465.135070801,166.457595825,31.1250514984,93.4735946655,135.598770142,146.231674194,711.901489258,489.416137695,313.283081055,709.799804688,148.899642944,55.4665222168,51.9930000305,338.067779541,96.435760498,482.316223145
2024-02-08,186.051742554,405.454101562,69.4397354126,169.839996338,144.534667969,465.541137695,165.859832764,31.0687637329,95.0738372803,137.319046021,144.769180298,722.010131836,490.075744629,311.743743896,714.119018555,148.450439453,55.3185768127,51.9100112915,339.027801514,107.52481842,482.529296875
2024-02-09,186.813446045,411.759460449,71.9245300293,174.449996948,147.595535278,463.669128418,166.05909729,31.0218658447,93.0620727539,134.627212524,145.102401733,726.406738281,488.313598633,307.057983398,713.369628906,147.308807373,55.068939209,52.177444458,338.496490479,105.433456421,485.318054199
2024-02-12,185.131759644,406.580108643,72.0391921997,172.339996338,146.139389038,464.451660156,166.799194336,31.5378036499,94.3422927856,135.554229736,146.111343384,723.56072998,487.767120361,311.385559082,712.393310547,147.018707275,55.1983795166,53.0719642639,340.640411377,106.308906555,485.105041504
2024-02-13,183.044494629,397.826934814,71.9195480347,168.63999939,143.771911621,455.754882812,165.347442627,30.7216835022,93.5301055908,134.235046387,144.833953857,729.164611816,487.022644043,302.875518799,704.346435547,146.232681274,54.8747711182,50.9509277344,333.313964844,107.446983337,478.423614502
2024-02-14,182.164077759,401.672027588,73.6864318848,170.979995728,144.564376831,468.790100098,167.026916504,31.0781497955,93.0686569214,134.600494385,144.15826416,744.54095459,487.10748291,306.622283936,712.166442871,145.633804321,54.8193054199,51.6517982483,333.910491943,108.516983032,482.771392822
2024-02-15,181.877243042,398.798034668,72.4480285645,169.800003052,141.424255371,479.438110352,170.670532227,31.9599285126,95.7359390259,139.177886963,146.176132202,745.002990723,490.820159912,312.779724121,714.464172363,146.92515564,54.921005249,52.8137512207,336.567047119,109.382705688,486.102416992
2024-02-16,180.343978882,396.34576416,72.4031448364,169.509994507,139.195480347,468.829681396,169.873474121,31.9786930084,95.7359390259,139.331085205,146.008285522,768.873596191,491.451446533,311.656646729,713.95123291,147.393035889,54.9117622375,52.5924263,337.750854492,108.555892944,483.681610107
2024-02-20,179.602050781,395.100006104,69.2512817383,167.080001831,139.789794922,467.274597168,170.53767395,31.8567390442,94.8314590454,138.763381958,147.230056763,742.918823242,490.989715576,303.746917725,715.627746582,148.328811646,56.1229782104,52.2051086426,337.955841064,106.454818726,481.018707275
2024-02-21,180.353851318,394.501647949,67.2770004272,168.589996338,141.206344604,464.081726074,171.647857666,31.6128463745,96.7696075439,140.060928345,147.994842529,733.333129883,491.847137451,307.038604736,712.994873047,150.097427368,56.6222610474,52.6569824219,339.409942627,104.733093262,481.454498291
2024-02-22,182.381729126,403.790924072,78.3110275269,174.580001831,142.731796265,482.02911377,173.706893921,31.5284175873,96.6865539551,140.051895142,149.6456604,756.662963867,496.115844727,311.830963135,724.217041016,150.247131348,56.5390510559,52.260433197,346.130523682,104.703910828,491.418395996
2024-02-23,180.551712036,402.505859375,78.589225769,174.990005493,142.603057861,479.946777344,174.579803467,31.8192214966,95.8374557495,139.358078003,150.942062378,756.564697266,496.813049316,313.563903809,727.698059082,150.686935425,56.5852775574,52.3618774414,346.708343506,104.801185608,491.757293701
2024-02-26,179.206375122,399.759277344,78.8634262085,174.729995728,136.273284912,477.676055908,173.982025146,31.5284175873,96.2158584595,139.16885376,149.962722778,758.904541016,495.00390625,315.016143799,735.015319824,149.928970337,56.1322250366,51.3242301941,346.372802734,104.74282074,489.956207275
2024-02-27,180.660507202,399.700469971,78.4735565186,173.539993286,137.570907593,482.94128418,174.067428589,32.1569213867,96.012802124,137.105453491,150.139968872,752.101196289,483.790649414,317.194488525,734.384094238,149.068054199,55.7901191711,51.705783844,350.064025879,106.43536377,490.866455078
2024-02-28,179.463516235,399.935882568,77.4385604858,173.160003662,135.094512939,479.936828613,174.949874878,32.1850662231,96.280456543,137.267623901,150.671554565,744.865356445,469.524353027,319.063018799,737.589111328,149.76991272,55.8455963135,51.2218551636,351.974853516,107.77772522,490.217681885
2024-02-29,178.80078125,405.742858887,78.8833694458,176.759994507,137.154907227,485.995300293,176.543945312,32.610168457,96.4650421143,136.970275879,150.513046265,740.972229004,465.114471436,323.322875977,733.575500488,148.731185913,55.4942512512,51.3614463806,354.771118164,108.536445618,491.980010986
2024-03-01,177.72253418,407.567382812,82.0411987305,178.220001221,135.847335815,498.062683105,175.813308716,32.4495735168,97.683303833,137.691131592,151.203201294,768.932556152,461.279296875,325.975524902,739.048583984,148.647003174,55.0412063599,51.3800621033,358.350463867,108.896347046,496.598876953
2024-03-04,173.211715698,406.998474121,84.9906539917,177.580001831,132.093063354,493.987335205,177.132202148,33.2053184509,96.3173828125,134.149963379,149.076721191,778.921325684,454.06137085,327.863464355,748.653442383,149.311355591,55.3000907898,51.1567153931,354.547485352,110.588890076,496.066253662
2024-03-05,168.285415649,394.962646484,85.7195892334,174.119995117,131.419448853,486.084564209,178.906585693,33.4320373535,97.4987335205,134.78968811,149.197982788,764.479003906,445.844604492,322.906555176,749.412780762,149.086791992,55.031955719,51.556892395,352.7578125,109.791259766,491.108551025
2024-03-06,167.296188354,394.413391113,88.4477996826,173.509994507,130.161437988,491.905059814,179.836471558,33.4603767395,98.5416412354,133.65435791,148.61038208,766.622253418,445.326324463,324.939666748,762.518432617,149.320709229,55.0596885681,51.6778678894,353.920593262,107.057907104,493.597106934
2024-03-07,167.177490234,401.328826904,92.4055252075,176.820007324,133.113327026,507.86920166,178.261367798,33.6587600708,99.0954208374,134.59147644,148.172042847,767.00567627,451.149688721,329.383422852,774.697265625,150.303268433,54.957988739,52.3479270935,353.085998535,107.174629211,498.496734619
2024-03-08,168.888824463,398.464538574,87.2791366577,175.350006104,134.133621216,501.681884766,178.593475342,33.6304206848,100.027557373,135.051010132,148.778274536,749.289428711,450.837463379,328.386260986,715.499694824,150.050628662,55.031955719,53.7997016907,350.085418701,107.310813904,495.504669189
2024-03-11,170.887054443,396.79699707,85.5301361084,171.960006714,136.372329712,479.510467529,178.659881592,33.9043693542,100.618240356,136.961257935,150.37310791,721.987670898,462.738250732,324.300720215,704.178894043,151.173553467,55.6976661682,53.8555412292,348.369415283,109.246520996,495.078643799
2024-03-12,171.361877441,407.351593018,91.6516571045,175.38999939,137.194488525,495.534210205,180.130630493,33.9705047607,99.9721908569,136.862167358,151.781433105,742.220703125,462.927459717,326.498321533,726.662658691,151.529144287,55.9380645752,53.1854858398,351.201263428,109.392433167,500.40435791
2024-03-13,169.284515381,407.174957275,90.6295852661,176.559997559,138.472320557,491.389434814,181.59185791,34.0838623047,101.088951111,138.664260864,150.25189209,745.061950684,461.65032959,330.642059326,724.019897461,151.87538147,56.5113105774,55.4096908569,355.373962402,109.431350708,499.619995117
2024-03-14,171.134353638,417.101806641,87.6939544678,178.75,141.751144409,487.680999756,178.356277466,33.7154388428,102.879440308,140.295181274,148.489151001,747.903198242,462.596313477,331.029327393,721.801086426,151.126785278,56.3854942322,55.4096908569,351.885742188,109.003349304,498.632324219
2024-03-15,170.758453369,408.46975708,87.5872650146,174.419998169,139.849212646,480.016204834,180.567077637,33.4509239197,102.694839478,140.16003418,147.528503418,741.453857422,464.318115234,335.918457031,715.568664551,151.014480591,55.8076629639,55.9122314453,349.972900391,108.896347046,495.208404541
2024-03-18,171.846572876,409.352661133,88.2034988403,174.479995728,146.287948608,492.787536621,182.806396484,34.0177230835,103.645477295,140.033889771,146.204101562,749.800720215,460.751647949,340.69140625,721.396728516,150.855407715,56.0406570435,55.9959831238,348.735137939,110.744514465,498.151550293
2024-03-19,174.181137085,413.364471436,89.1438217163,175.899993896,145.644073486,492.05380249,183.878601074,34.0366249084,104.374580383,141.124130249,145.691162109,759.75012207,466.683044434,342.627746582,722.017944336,151.435562134,56.1338539124,57.0196838379,355.76776123,111.386520386,500.919799805
2024-03-20,176.74319458,417.111541748,90.1150436401,178.149993896,147.337997437,501.255432129,186.288665771,34.7167930603,104.282287598,139.258956909,145.271453857,759.828674316,467.544006348,345.096466064,730.449462891,151.585281372,56.6184883118,57.8851699829,360.456207275,113.283332825,505.552947998
2024-03-21,169.52192688,421.172546387,91.1750259399,178.149993896,146.208709717,503.476654053,188.879058838,35.4347457886,104.743759155,139.538269043,145.262130737,757.272583008,465.141113281,352.948181152,732.263977051,151.463623047,56.3575363159,57.1034393311,370.573883057,113.516784668,507.223632812
2024-03-22,170.422119141,420.554595947,94.020904541,178.869995117,149.348846436,505.281219482,186.563842773,35.0001983643,104.743759155,139.358078003,144.777160645,757.616699219,463.608581543,346.703613281,724.611450195,151.276489258,56.3761672974,57.494304657,365.960449219,112.709434509,506.262084961
2024-03-25,169.007553101,414.786834717,94.7318878174,179.710006714,148.655426025,498.776580811,184.855926514,34.8207092285,105.814369202,140.989013672,144.767837524,760.104064941,459.644805908,344.612457275,720.824768066,149.900894165,56.2922821045,58.2667236328,359.612304688,116.104225159,504.86340332
2024-03-26,167.879852295,413.599914551,92.2978210449,178.300003052,149.249771118,491.706756592,185.719345093,35.0379867554,105.020629883,139.907730103,145.280776978,761.834350586,465.72756958,345.038421631,720.844482422,150.237792969,56.4227676392,57.1685829163,356.255371094,116.658683777,503.930847168
2024-03-27,171.44102478,413.384155273,89.9934005737,179.830001831,149.447906494,489.693847656,189.31552124,35.7181510925,106.109695435,140.880874634,147.323318481,765.059020996,466.475006104,353.035339355,721.929321289,152.165481567,56.8794441223,59.3648681641,361.844024658,117.680030823,508.165740967
2024-03-28,169.630722046,412.687683105,90.099105835,180.380004883,149.50730896,481.483673096,190.055633545,35.8220596313,107.281837463,142.133377075,147.537841797,764.842712402,467.988616943,354.758605957,722.471557617,151.828582764,57.0192375183,59.4765434265,359.696685791,119.022392273,508.068725586
2024-04-01,168.196380615,416.464202881,90.1060791016,180.970001221,154.024368286,487.205078125,188.765197754,35.444190979,107.974029541,143.340789795,147.155426025,747.726318359,463.258544922,352.154266357,711.239562988,150.265853882,56.5532493591,58.9833068848,345.096954346,118.215034485,507.184814453
2024-04-02,167.019210815,413.393951416,89.1976623535,180.690002441,153.103103638,493.174224854,188.689285278,35.236366272,110.087539673,143.971511841,147.108795166,751.078796387,433.402679443,353.209564209,701.437438965,150.256484985,56.0592956543,58.517993927,340.380401611,119.469848633,503.96005249
2024-04-03,167.820465088,412.422821045,88.7110366821,182.410003662,153.459732056,502.465209961,188.157928467,35.3686218262,110.106010437,144.566207886,143.872467041,762.906005859,434.916229248,363.820526123,695.905151367,146.120391846,55.7610549927,58.2108879089,337.47354126,115.734596252,504.513671875
2024-04-04,166.999420166,409.901947021,85.660736084,180,149.111099243,506.609954834,186.726318359,34.8773841858,110.493637085,144.791488647,142.230987549,755.129272461,430.791687012,358.011627197,695.106384277,145.465362549,55.2671012878,59.3090286255,335.391815186,113.896141052,498.355560303
2024-04-05,167.751220703,417.396026611,87.7577667236,185.070007324,151.062530518,522.891418457,188.444244385,35.0568733215,112.016479492,145.611450195,142.128417969,770.987365723,431.132202148,367.218658447,703.823791504,146.073608398,55.4628181458,59.7278137207,335.570037842,115.1509552,503.561767578
2024-04-08,166.63343811,416.483825684,86.8852615356,185.190002441,153.390380859,514.869689941,189.427261353,35.4253044128,111.259674072,145.314086914,141.382278442,764.184020996,431.378204346,361.574371338,701.940246582,146.017440796,55.2391433716,60.3606452942,339.489501953,114.149055481,503.843444824
2024-04-09,167.840270996,418.141571045,85.1113128662,185.669998169,155.123886108,512.539489746,188.157928467,35.6425704956,111.841133118,145.971862793,142.035095215,744.472045898,434.897338867,360.054382324,708.626342773,146.597640991,55.6585426331,60.8445739746,338.898803711,114.75214386,504.426239014
2024-04-10,165.97064209,415.179168701,86.7915344238,185.949996948,154.668212891,515.444885254,186.554550171,34.6223297119,112.78250885,146.575576782,140.085861206,749.132141113,425.749450684,360.218994141,712.561096191,147.140396118,54.912940979,59.5696105957,328.715515137,113.993415833,499.375396729
2024-04-11,173.15234375,419.760040283,90.3583526611,189.050003052,157.907424927,518.746582031,186.516372681,34.338924408,112.40411377,145.872756958,138.770797729,746.782531738,417.869232178,360.131866455,722.19543457,145.830307007,55.0340995789,59.5044631958,325.724304199,113.95451355,503.144104004
2024-04-12,174.646072388,413.845184326,87.9352493286,186.130004883,156.243255615,507.581665039,174.452865601,33.8099060059,111.093544006,143.232681274,137.58631897,738.96661377,415.485321045,353.984069824,721.16998291,145.353088379,54.3164634705,58.7041168213,321.504760742,110.900154114,496.199188232
2024-04-15,170.827697754,405.742858887,85.7564544678,183.619995117,153.400314331,496.010162354,174.548324585,33.9610557556,110.456710815,141.998214722,137.651611328,738.111206055,421.568115234,352.318908691,708.320495605,145.465362549,54.1859893799,58.3970108032,316.872558594,109.869064331,489.982727051
2024-04-16,167.553405762,406.664916992,87.1664581299,183.320007324,152.944625854,495.544067383,172.553634644,32.7613182068,109.543014526,140.8177948,134.72303772,734.149230957,443.57220459,348.417236328,706.042541504,145.933242798,54.1114311218,57.4198570251,313.96572876,110.773704529,489.089111328
2024-04-17,166.188278198,403.977233887,83.7960662842,181.279998779,154.004547119,490.001281738,171.866485596,33.2808914185,109.487640381,140.925918579,135.021499634,738.111206055,453.126800537,346.906982422,705.2734375,146.878356934,54.5308303833,59.3648681641,312.090301514,109.859344482,486.194580078
2024-04-18,165.238601685,396.551757812,84.4302444458,179.220001221,154.539459229,497.566894531,172.983123779,33.7910118103,109.386123657,141.980178833,135.926193237,733.372436523,466.550598145,346.52935791,701.388061523,148.137557983,54.9036254883,59.5696105957,312.146575928,109.363265991,485.194122314
2024-04-19,163.220657349,391.50012207,75.9833450317,174.630004883,152.637527466,477.01171875,177.3256073,34.9246292114,110.641304016,144.169754028,137.950088501,714.063659668,474.071380615,344.615142822,699.672119141,148.938110352,56.0779342651,59.8394927979,314.46270752,109.538352966,480.95916748
2024-04-22,164.051589966,393.304962158,79.2919082642,177.229995728,154.806915283,477.666168213,180.770935059,35.6425704956,111.268890381,145.899810791,139.078598022,718.999023438,464.705963135,347.481628418,705.539672852,151.198455811,56.4320907593,60.77942276,315.165924072,108.935256958,485.388366699
2024-04-23,165.100128174,399.788757324,82.1886444092,179.539993286,156.768234253,491.91494751,183.376434326,36.2471656799,111.702682495,146.737792969,139.488952637,733.116882324,459.928588867,352.96182251,712.659606934,152.102615356,56.5159721375,61.6076812744,317.875854492,110.608337402,491.148284912
2024-04-24,167.197265625,401.250244141,79.4504547119,176.589996338,157.630065918,489.336975098,184.27355957,36.1999359131,111.721153259,147.386550903,138.528305054,719.854309082,460.988128662,353.224273682,713.852905273,153.138626099,57.3640823364,61.9427223206,312.259155273,110.812614441,490.915161133
2024-04-25,168.057891846,391.421630859,82.3970718384,173.669998169,154.529525757,437.656585693,184.550338745,35.8126106262,111.979560852,148.927352905,136.933486938,712.647949219,467.193908691,328.427032471,712.993469238,153.091506958,57.5411643982,62.2591285706,311.293334961,109.693977356,489.050292969
2024-04-26,167.474258423,398.56262207,87.4855499268,179.619995117,170.329208374,439.550476074,184.664871216,35.7370376587,108.869277954,149.476989746,136.299240112,721.142150879,468.603424072,333.654663086,720.223571777,151.904830933,57.5411643982,61.4122467041,314.209533691,109.655075073,493.683410645
2024-04-29,171.628936768,394.570281982,87.507484436,180.960006714,164.583831787,428.970428467,184.464431763,35.4725265503,110.419807434,149.873474121,136.933486938,724.769958496,462.624725342,339.892822266,717.408630371,152.25328064,57.8207588196,62.7430534363,315.812927246,109.02280426,495.431854248
2024-04-30,168.493164062,381.896942139,86.1563339233,175,161.245681763,426.541137695,182.994689941,34.9624099731,109.155380249,145.314086914,134.853622437,767.929870605,457.582519531,325.094177246,714.020812988,153.703689575,57.5691146851,62.3242683411,313.393737793,108.069526672,487.583587646
2024-05-01,167.474258423,387.399902344,82.8048858643,179,162.315460205,435.485076904,183.109191895,34.9057312012,107.088012695,143.836349487,140.999847412,763.653137207,457.970397949,321.693328857,713.349060059,153.89201355,57.7182426453,63.8505058289,311.283966064,107.466453552,486.000305176
2024-05-02,171.164047241,390.244445801,85.5729904175,184.720001221,165.049423218,437.954071045,182.918334961,34.8395996094,107.281837463,144.827514648,139.82472229,743.164611816,466.351989746,325.939575195,723.443481445,154.306442261,57.7741622925,64.0738372803,314.62210083,109.548080444,490.546142578
2024-05-03,181.402404785,398.896148682,88.5365447998,186.210006714,165.663589478,448.147277832,181.820755005,35.1891326904,107.060325623,144.395004272,139.218505859,722.577575684,465.860137939,327.212402344,734.762756348,154.890380859,57.9419174194,65.2743759155,321.485992432,110.559715271,496.626617432
2024-05-06,179.750427246,405.644775391,91.8780136108,188.699996948,166.515457153,461.751617432,183.24281311,35.6047859192,107.752532959,146.242202759,138.574951172,753.752929688,467.685852051,332.410888672,747.158691406,154.871520996,58.1096763611,66.3073806763,320.960876465,113.293060303,501.755157471
2024-05-07,180.43296814,401.524963379,90.2965240479,188.759994507,169.635787964,464.290008545,183.004211426,35.7464866638,107.217224121,146.575576782,138.705535889,764.655883789,473.910552979,335.228759766,761.835998535,156.114715576,58.3613128662,66.9588012695,319.460571289,102.515289307,502.308776855
2024-05-08,180.769317627,402.702056885,90.1549377441,188,167.783432007,468.613189697,186.726318359,35.6236763,107.198768616,146.4584198,138.920028687,761.932617188,476.0390625,334.742858887,754.03302002,155.464904785,58.5756721497,67.79637146,317.716461182,102.563926697,502.35736084
2024-05-09,182.579589844,404.4480896,88.4946670532,189.5,168.357955933,471.409454346,188.491973877,36.162147522,109.312301636,149.080535889,139.759460449,758.54083252,479.652770996,341.816711426,769.471069336,156.378433228,58.6036338806,69.4063568115,325.78994751,102.914108276,505.251953125
2024-05-10,181.321548462,406.821899414,89.6224594116,187.479995728,167.060302734,472.182830811,189.704040527,36.3227424622,108.869277954,149.413925171,139.815414429,747.185668945,485.120758057,344.741516113,777.521057129,157.141296387,58.9577903748,68.6711654663,324.842895508,102.904373169,505.902740479
2024-05-13,184.521087646,405.821350098,90.1419677734,186.570007324,167.545684814,464.061950684,189.665847778,36.0960121155,108.823127747,148.251571655,141.03717041,744.924377441,484.108520508,346.577941895,765.62890625,156.218322754,59.2560272217,69.4063568115,319.713745117,102.943283081,505.97064209
2024-05-14,185.660186768,408.607147217,91.0962524414,187.070007324,168.734344482,467.869537354,192.319061279,36.3605232239,109.48374176,147.422576904,141.186416626,751.098510742,486.132965088,348.035461426,768.345153809,156.114715576,58.8086662292,70.1880874634,319.28237915,102.476379395,508.292144775
2024-05-15,187.928573608,415.751159668,94.3609390259,185.990005493,170.883926392,477.477783203,192.891708374,36.7572937012,110.330421448,146.917999268,142.389541626,775.068908691,489.604736328,349.842834473,777.372924805,156.821075439,58.8366279602,71.7050247192,326.943328857,99.9667434692,514.586303711
2024-05-16,188.047439575,413.697387695,94.0907058716,183.630004883,172.538192749,469.237945557,193.23526001,37.0501403809,109.669822693,146.617645264,143.89112854,759.41027832,493.123931885,340.786773682,783.328857422,158.092529297,59.0137062073,71.1094207764,321.373443604,100.550384521,513.527526855
2024-05-17,188.077163696,412.930908203,92.2160491943,184.699996948,174.400482178,467.929016113,195.449447632,37.116268158,111.316688538,148.055709839,144.226867676,758.307312012,496.302581787,346.179504395,786.035095215,157.885345459,58.7434272766,70.811630249,322.761199951,100.433654785,514.26574707
2024-05-20,189.23614502,417.972076416,94.5105056763,183.539993286,175.252365112,464.884918213,186.65953064,36.6722717285,110.414161682,146.663146973,142.224243164,771.287109375,489.302032471,352.476074219,783.259643555,157.574523926,58.3147125244,70.606880188,316.769348145,100.093208313,514.858276367
2024-05-21,190.5337677,421.607971191,95.1147842407,183.149993896,176.173583984,460.710449219,190.419815063,37.4563484192,109.6512146,145.598251343,142.196029663,790.973571777,495.280792236,348.900268555,791.092285156,158.554031372,58.6315917969,71.6119537354,315.203430176,100.200210571,516.120910645
2024-05-22,189.097442627,423.062316895,94.6800231934,183.130004883,174.717437744,463.833831787,189.264984131,37.5602722168,107.446090698,143.413894653,144.320907593,790.717529297,493.199615479,345.858947754,792.010864258,158.045425415,58.7154693604,71.025642395,309.989959717,100.20993042,514.634887695
2024-05-23,185.11541748,419.603271484,103.503868103,181.050003052,171.914108276,461.850738525,187.938400269,37.0028991699,105.61315155,142.840454102,140.748138428,796.173400879,488.923675537,340.767303467,786.558654785,155.860427856,57.8673629761,70.0950241089,306.52053833,97.9143066406,510.875823975
2024-05-24,188.186141968,422.708526611,106.166275024,180.75,173.340545654,474.185760498,191.55557251,37.5035820007,105.529403687,143.577713013,138.181350708,795.168884277,480.731262207,339.018280029,799.784240723,155.709762573,57.7834854126,71.2955322266,304.842041016,98.9842987061,514.25604248
2024-05-28,188.196044922,422.865814209,113.577140808,182.149993896,174.737213135,475.871490479,190.400741577,37.1446113586,106.869224548,144.751815796,135.746261597,795.592285156,476.483703613,336.657104492,803.181945801,153.618911743,57.6157226562,72.1517181396,308.217681885,99.6457519531,514.61541748
2024-05-29,188.49319458,421.735748291,114.498504639,182.020004272,174.241973877,470.35836792,189.074127197,36.5778007507,105.724807739,142.80406189,135.802658081,799.206604004,458.547454834,328.533874512,796.613586426,152.243881226,57.5038833618,71.3606948853,305.601531982,98.1282958984,511.01184082
2024-05-30,189.483764648,407.486907959,110.185813904,179.320007324,170.487701416,463.109985352,190.238479614,36.4927787781,106.059745789,144.041900635,136.592437744,802.683105469,455.643218994,329.641601562,805.325256348,153.119766235,57.7555236816,72.7659301758,310.813537598,98.9259338379,507.62197876
2024-05-31,190.4347229,407.938903809,109.321289062,176.440002441,170.87399292,462.891876221,193.388000488,37.7775421143,109.102256775,147.718933105,137.899337769,807.882873535,468.622375488,328.932312012,799.942260742,154.965698242,58.6502342224,74.4689941406,316.186126709,101.075653076,512.245361328
2024-06-03,192.197921753,406.356781006,114.673019409,178.339996338,171.537704468,473.461914062,192.61491394,37.6736297607,106.487739563,143.313766479,138.905349731,818.637023926,470.580627441,321.975067139,805.374694824,155.069290161,58.6502342224,72.7876815796,309.708862305,99.9667434692,512.663024902
2024-06-04,192.514892578,408.862609863,116.105934143,179.339996338,172.151824951,472.966156006,190.076248169,37.4846916199,104.831588745,142.103256226,138.961776733,819.946838379,478.195983887,318.292419434,817.227172852,157.291976929,59.5915374756,72.2631530762,309.944915771,100.511474609,513.23614502
2024-06-05,194.020523071,416.665100098,122.091873169,181.279998779,173.756607056,490.883728027,188.262924194,37.7492027283,105.250289917,141.056549072,137.241195679,819.129516602,475.953948975,320.119171143,824.052368164,156.387832642,59.5729026794,72.1695098877,311.833343506,98.7313995361,519.336181641
2024-06-06,192.643630981,417.166290283,120.653968811,185,175.06413269,489.594726562,187.928878784,37.5035820007,106.041137695,141.921234131,137.664260864,824.575439453,474.818725586,318.99206543,832.289978027,158.667037964,59.7872581482,71.8416595459,312.626434326,98.4492950439,519.32623291
2024-06-07,195.030914307,416.507904053,120.544281006,184.300003052,172.815536499,488.801452637,190.830215454,37.8077125549,104.906013489,142.057739258,138.284805298,837.082580566,464.195129395,319.623596191,835.193725586,157.339065552,59.5635795593,70.6146316528,308.783538818,98.7703094482,518.695007324
2024-06-10,191.296508789,420.458190918,121.443725586,187.059997559,173.559326172,498.360107422,190.505737305,37.7031707764,105.213058472,142.658447266,138.331832886,851.864685059,468.272338867,320.274658203,837.91986084,157.612213135,59.2653427124,72.0945587158,314.004974365,99.9375762939,520.297607422
2024-06-11,205.194015503,425.184906006,120.576133728,187.229995728,175.155960083,503.189056396,185.495162964,36.9333305359,104.366371155,142.430892944,137.983917236,852.672180176,469.426513672,318.039764404,838.878051758,157.734619141,59.228061676,68.1324920654,316.988708496,98.1185760498,521.55065918
2024-06-12,211.058135986,433.41973877,124.854278564,186.88999939,176.316253662,504.547454834,182.794235229,37.4560623169,103.212638855,140.364837646,136.714675903,854.129699707,466.446594238,319.419555664,837.396484375,155.568481445,58.6036338806,67.6829071045,324.938903809,98.0504837036,525.834106445
2024-06-13,212.217056274,433.930725098,129.252090454,183.830001831,173.708084106,499.847473145,184.827102661,37.3134994507,102.384544373,139.108810425,136.752319336,869.916381836,470.448181152,317.116699219,835.569213867,156.726913452,58.7061538696,68.5446243286,328.470214844,97.3598480225,526.892883301
2024-06-14,210.483596802,434.903564453,131.515823364,183.660003662,175.324554443,500.403289795,184.941650391,37.2944908142,101.519241333,138.863067627,136.836898804,865.110351562,470.277893066,312.36517334,845.159912109,157.084793091,58.7484130859,68.4322280884,327.488250732,97.2431335449,527.213439941
2024-06-17,214.62411499,440.603118896,130.618331909,184.059997559,175.770843506,502.854919434,186.086898804,37.5511016846,100.821426392,139.427368164,137.222366333,871.570800781,464.777313232,313.268859863,857.249572754,157.753463745,58.8141555786,67.7297363281,329.999847412,98.7508468628,531.409606934
2024-06-18,212.266586304,438.608215332,135.205612183,182.809997559,173.638656616,495.768127441,188.014770508,38.0073051453,101.770462036,139.554779053,136.940307617,877.922851562,457.006134033,315.931243896,860.0546875,158.751785278,58.823551178,65.9781951904,334.125976562,98.7313995361,532.75958252
2024-06-20,207.700149536,437.979370117,130.418869019,186.100006104,174.838653564,497.961700439,189.608581543,38.0073051453,103.966270447,142.567428589,138.942932129,872.535888672,460.302703857,319.808227539,851.846679688,157.913574219,58.4009056091,67.8702392578,333.720001221,99.0621109009,531.312438965
2024-06-21,205.530792236,441.988647461,126.220497131,189.080001831,178.141021729,491.093200684,187.346710205,37.5320930481,103.054466248,141.329589844,139.854934692,870.458007812,458.469238281,318.554748535,837.890319824,158.46925354,58.9550476074,68.1980743408,335.948303223,99.4803848267,530.600036621
2024-06-24,206.1746521,439.915252686,117.783843994,185.570007324,177.734436035,495.192443848,189.809020996,38.0358200073,106.115577698,144.997528076,140.202819824,876.593322754,465.489837646,320.653594971,837.7421875,158.648193359,60.0821151733,69.1721725464,331.30279541,99.1983032227,528.875305176
2024-06-25,207.09588623,443.138427734,125.74180603,186.339996338,182.50453186,506.795379639,189.035980225,37.4275512695,106.413314819,144.223922729,138.38822937,890.87310791,460.283691406,318.127258301,845.00189209,157.141296387,59.960018158,68.3573074341,319.443603516,99.4123001099,530.911987305
2024-06-26,211.236419678,444.327484131,126.050971985,193.61000061,182.355804443,509.296569824,188.425140381,37.0663948059,106.450538635,141.939407349,138.040344238,887.574035645,459.846710205,317.476226807,846.315612793,157.706390381,60.1572494507,68.7225875854,322.748321533,99.3928451538,531.574584961
2024-06-27,212.078399658,445.005493164,123.647605896,197.850006104,183.873138428,515.688537598,190.085769653,37.3040008545,106.906440735,142.276184082,137.081344604,895.235839844,462.126800537,318.185577393,840.171875,156.924682617,60.0257530212,69.0504302979,322.436737061,99.3831176758,532.412597656
2024-06-28,208.631225586,439.207763672,123.198867798,193.25,180.640136719,500.462890625,193.034835815,37.7982139587,107.11113739,142.367172241,137.419815063,891.631469727,483.806182861,323.665740967,839.549743652,155.32359314,59.7815666199,66.3247375488,325.03326416,96.5816726685,530.317504883
2024-07-01,214.703369141,448.818267822,123.956748962,197.199996948,181.473190308,500.919403076,196.079360962,38.0263061523,106.962257385,142.458206177,137.683074951,900.484863281,469.926391602,319.759643555,835.282592773,153.251586914,59.434047699,65.4723815918,317.4324646,95.365776062,531.408935547
2024-07-02,218.190139771,451.324127197,122.331268311,200,183.704544067,505.703521729,199.30519104,38.9006958008,106.236526489,142.667556763,137.297592163,892.941345215,473.336975098,318.477050781,848.80456543,154.362930298,59.3119506836,66.0062713623,316.280548096,95.3171386719,534.985107422
2024-07-03,219.458053589,452.788299561,127.925788879,197.589996338,184.27973938,506.160095215,199.171600342,38.8721885681,106.776184082,142.631149292,136.977935791,884.461914062,465.404296875,321.246307373,852.064147949,154.297027588,59.4810142517,67.2801437378,315.024719238,95.9202194214,537.372558594
2024-07-05,224.202819824,459.460723877,125.482536316,200,189.020095825,535.88684082,196.532455444,38.4064826965,105.482879639,140.446762085,137.720703125,900.682006836,463.61831665,319.050323486,874.791442871,155.596740723,59.8848724365,67.5236663818,315.91229248,95.3171386719,540.471374512
2024-07-08,225.668838501,458.163574219,127.846000671,199.289993286,187.463119507,525.375976562,196.897155762,38.6060676575,104.375686646,140.464950562,136.780471802,904.059814453,464.88180542,319.740203857,870.020812988,156.830505371,59.1334953308,67.5424041748,320.652191162,95.151008606,541.095031738
2024-07-09,226.520706177,451.579650879,131.017196655,199.339996338,187.413513184,526.05078125,199.257965088,39.3664054871,103.221946716,139.236236572,138.256591797,918.33972168,467.513336182,316.825195312,875.956848145,156.02053833,58.8799057007,67.5517578125,318.282226562,94.8383102417,541.621154785
2024-07-10,230.78012085,458.173370361,134.537445068,199.789993286,189.595291138,530.705871582,199.421112061,39.6705474854,104.133758545,141.193084717,140.494262695,925.509155273,475.89251709,319.17666626,873.448120117,157.094223022,59.0113983154,68.2823638916,324.976623535,94.7601165771,546.980712891
2024-07-11,225.421218872,446.823425293,127.048210144,195.050003052,184.031784058,508.879699707,199.085205078,39.737071991,105.37121582,141.311401367,140.748138428,919.954772949,479.151092529,321.751556396,836.19152832,155.907501221,59.2649841309,69.9683532715,334.050506592,94.3985519409,542.264221191
2024-07-12,228.363143921,445.693328857,128.883117676,194.490005493,183.535934448,495.152740479,196.676422119,39.5279769897,105.389831543,141.61177063,140.917388916,933.99822998,485.96270752,326.085235596,832.546875,156.915267944,59.8285217285,71.1860046387,339.696807861,94.9164810181,545.684631348
2024-07-15,232.186691284,446.096282959,128.085342407,192.720001221,184.983825684,492.462921143,201.58039856,39.8131027222,107.194877625,143.841659546,140.315643311,936.026794434,489.610809326,335.976959229,838.305053711,155.003372192,59.5561447144,66.4746170044,338.459869385,94.6624069214,547.18536377
2024-07-16,232.602737427,441.733184814,126.011077881,193.020004272,182.395477295,486.140411377,205.00642395,41.9420471191,107.967140198,143.595916748,141.979797363,927.301452637,521.436340332,350.367462158,840.320129395,157.235458374,60.3638801575,67.3457107544,348.525115967,96.2259368896,550.430236816
2024-07-17,226.718856812,435.837127686,117.66418457,187.929992676,179.519500732,458.547546387,208.125366211,41.7994880676,109.455825806,146.745040894,147.21673584,891.838256836,544.626403809,347.666229248,835.885375977,159.580596924,61.2467460632,66.4090499878,351.140594482,95.092376709,542.712524414
2024-07-18,222.063201904,432.741668701,120.755622864,183.75,176.217132568,472.304260254,201.513198853,40.8775749207,110.535133362,147.418563843,146.126083374,836.009155273,536.133178711,345.946350098,829.060180664,158.638763428,61.227973938,67.1302642822,345.654724121,94.5842285156,538.541870117
2024-07-19,222.191986084,429.538146973,117.604354858,183.130004883,176.187347412,473.23727417,201.321258545,40.7730331421,107.995033264,144.851928711,145.439743042,844.448974609,537.073608398,337.78427124,827.835266113,159.138092041,61.3218917847,67.4393768311,343.086486816,93.5581588745,534.965637207
2024-07-22,221.845306396,435.267181396,123.198867798,182.550003052,180.164108276,483.768188477,201.801086426,40.2027816772,107.250694275,142.885986328,145.01663208,852.820007324,530.613647461,339.394134521,837.011230469,159.412857056,60.8334846497,68.2823638916,342.982635498,91.9848480225,540.481018066
2024-07-23,222.885360718,437.144073486,122.251480103,186.410003662,180.283111572,485.048553467,201.849105835,40.3073196411,105.520111084,140.246520996,143.239654541,864.952941895,526.974914551,335.78427124,841.643615723,157.868484497,61.0119400024,67.5424041748,339.555145264,88.8675460815,539.633300781
2024-07-24,216.476455688,421.470428467,113.934509277,180.830001831,171.199035645,457.832855225,200.179244995,40.0982246399,107.008789062,141.13848877,146.934661865,846.82244873,531.772583008,327.852294922,820.615112305,159.175979614,61.8102798462,70.6333770752,330.76461792,87.7535247803,527.403808594
2024-07-25,215.43637085,411.152282715,111.969955444,179.850006104,165.893386841,450.031433105,200.255996704,39.6135177612,109.260429382,143.386550903,150.093734741,808.719970703,531.706054688,335.911071777,805.92779541,158.133758545,62.054473877,68.7881698608,333.578369141,87.1769638062,524.656005859
2024-07-26,215.901947021,417.90322876,112.747802734,182.5,165.615707397,462.229919434,203.682067871,39.6040115356,109.167388916,143.659591675,151.033950806,792.401550293,541.24432373,341.940460205,808.707214355,160.227706909,62.9749221802,69.5561981201,339.451385498,87.8805618286,530.531921387
2024-07-29,216.179290771,419.338012695,111.281845093,183.199996948,168.124710083,462.239837646,202.348114014,39.052772522,108.022949219,142.531036377,149.078323364,795.523376465,538.422607422,336.135437012,806.689331055,161.004638672,62.7682952881,69.6311416626,341.490783691,90.0401992798,530.843688965
2024-07-30,216.73399353,415.593994141,103.443565369,181.710006714,168.878448486,459.738616943,206.513137817,39.2333488464,109.948944092,145.234207153,151.682662964,778.210388184,547.523925781,333.393951416,801.219543457,153.20690918,63.5666427612,69.5749435425,343.398071289,91.65259552,528.15423584
2024-07-31,219.983032227,411.103149414,116.696861267,186.979995728,170.118087769,471.291870117,204.219512939,38.3114395142,110.339729309,146.053375244,148.41078186,792.05682373,547.362426758,337.764801025,813.059326172,152.316253662,62.6837692261,71.5513000488,347.618682861,91.5548706055,536.739257812
2024-08-01,216.298171997,409.884613037,108.908432007,184.070007324,169.344528198,494.03112793,199.574676514,37.5416030884,108.813827515,138.908584595,151.146759033,819.799133301,544.141845703,323.442443848,808.004943848,156.987335205,63.8295974731,73.4246063232,338.573150635,90.9294662476,529.13848877
2024-08-02,217.784011841,401.413909912,106.973777771,167.899993896,165.278533936,484.502746582,191.110290527,35.7167930603,108.748695374,135.204223633,154.324630737,792.244018555,560.349182129,313.0519104,813.13848877,161.146743774,65.116355896,74.183303833,335.598999023,87.528755188,519.286743164
2024-08-05,207.294021606,388.305023193,100.172615051,161.020004272,157.929962158,472.185150146,187.041229248,34.8329048157,106.785469055,131.663726807,151.607452393,763.487426758,541.472290039,309.081085205,793.108764648,159.232833862,63.9611091614,71.8229217529,330.481384277,85.779548645,504.16317749
2024-08-06,205.273254395,392.687744141,103.962112427,161.929992676,156.977905273,490.408294678,192.261901855,35.0895118713,106.217918396,130.362182617,149.463775635,781.135314941,539.942687988,318.486236572,807.995117188,159.261245728,63.9141464233,72.0945587158,334.163818359,87.9196548462,508.811340332
2024-08-07,207.838821411,391.528198242,98.6368713379,162.770004272,157.622528076,485.276885986,192.319473267,35.4506797791,107.632171631,129.615844727,149.397994995,760.414794922,537.786193848,317.861785889,801.486633301,161.089904785,64.2992172241,72.6471786499,323.295959473,84.0010299683,505.410369873
2024-08-08,211.295852661,395.714447021,104.680145264,165.800003052,160.686920166,505.832550049,195.83190918,36.3155555725,109.688423157,131.509002686,150.639053345,832.473693848,537.938110352,327.969360352,830.299865723,161.895248413,64.5528259277,72.6284408569,328.904541016,84.0010299683,517.094177246
2024-08-09,214.198196411,398.986724854,104.460762024,166.940002441,162.313339233,513.911987305,197.501739502,36.3820915222,110.581642151,131.964065552,151.01512146,878.139526367,530.83203125,330.018218994,845.631103516,161.582565308,64.5058517456,72.5535202026,329.187835693,84.2453384399,519.374389648
2024-08-12,215.725418091,399.763031006,108.718963623,166.800003052,160.944747925,512.10546875,197.876022339,36.2775421143,110.721199036,131.991378784,150.319396973,870.950439453,537.035705566,327.842559814,854.177185059,158.048492432,64.0268478394,72.6659240723,326.515716553,83.9912567139,519.647277832
2024-08-13,219.434387207,406.838348389,115.81930542,170.229995728,162.79927063,524.601623535,199.555450439,36.5531616211,109.660522461,131.199554443,148.91847229,894.260986328,545.538330078,330.545074463,855.413574219,158.503295898,64.2992172241,73.1717224121,330.538024902,83.6492385864,528.193237305
2024-08-14,219.880661011,409.638977051,117.753929138,170.100006104,159.040664673,522.834960938,201.762741089,36.8858146667,110.674682617,131.672805786,149.003082275,917.532165527,550.696838379,329.364532471,853.326660156,159.93397522,64.4119338989,73.068687439,335.816131592,84.3332824707,529.85949707
2024-08-15,222.855758667,414.482421875,122.520736694,177.589996338,159.962966919,533.32611084,203.019882202,37.0949020386,111.359375,133.611465454,149.576599121,918.715454102,550.639892578,337.218414307,867.807250977,159.10017395,64.4776763916,72.5066833496,339.980072021,86.7665405273,538.941345215
2024-08-16,224.174713135,411.962310791,124.235984802,177.059997559,161.609222412,523.489929199,205.342315674,37.3895301819,110.834136963,134.039230347,149.858688354,909.386169434,548.806335449,335.111053467,861.120910645,159.071777344,64.9754714966,73.593208313,341.859039307,87.2649154663,540.149719238
2024-08-19,224.016052246,414.97467041,129.64100647,178.220001221,165.288452148,525.336120605,206.762634277,37.7031707764,111.171791077,135.13444519,150.084335327,909.080444336,549.851379395,336.252502441,862.861633301,159.573944092,64.7876281738,74.3237991333,342.812713623,88.7502746582,545.31439209
2024-08-20,224.63092041,418.193786621,126.898620605,178.880004883,165.794219971,522.805114746,205.870147705,36.7717552185,107.46698761,133.164916992,150.58265686,936.851623535,551.628051758,334.935394287,866.669799805,161.45942688,65.1633148193,73.9772415161,346.778289795,87.6948852539,544.42755127
2024-08-21,224.52180481,417.544036865,128.145187378,180.11000061,164.475250244,531.172302246,205.946914673,36.8287849426,106.782310486,133.744720459,151.776657104,938.823974609,549.176940918,334.613494873,871.833068848,161.222549438,65.341758728,74.5954360962,349.790374756,88.652557373,546.298522949
2024-08-22,222.667358398,409.087646484,123.398300171,176.130004883,162.442230225,527.966369629,207.895065308,37.2944908142,107.607688904,134.122055054,152.641662598,940.993530273,549.794433594,334.018280029,868.015014648,161.213058472,65.116355896,73.9210357666,344.974884033,87.8707885742,542.010864258
2024-08-23,224.958190918,410.308410645,129.012756348,177.039993286,164.247177124,524.065673828,209.507324219,37.7982139587,109.098968506,135.861495972,154.315246582,939.583435059,555.295043945,339.92086792,869.647094727,160.284545898,65.5483932495,74.6141738892,354.634155273,88.4962005615,547.769958496
2024-08-26,225.295379639,407.059661865,126.110801697,175.5,164.782699585,517.236938477,210.33265686,37.9407806396,111.434387207,136.671432495,154.766525269,937.403991699,557.784118652,342.603942871,882.802490234,161.402572632,66.5345687866,75.532081604,353.236724854,89.6883926392,546.464294434
2024-08-27,226.138320923,407.404266357,127.945709229,173.119995117,163.314941406,515.231933594,211.3019104,37.7031707764,110.374557495,135.244888306,154.368667603,941.299316406,557.993041992,342.564880371,899.014160156,160.360366821,67.1544647217,74.5673294067,352.358612061,88.828453064,547.214599609
2024-08-28,224.611099243,404.214660645,125.263153076,170.800003052,161.500106812,512.929260254,212.367156982,37.9692878723,109.286567688,134.370559692,155.287567139,935.8359375,559.123596191,339.716033936,878.390869141,160.180343628,67.3892669678,74.3800125122,351.895935059,87.450592041,544.037719727
2024-08-29,227.883712769,406.695404053,117.265289307,172.119995117,160.438980103,514.358520508,213.250045776,38.1783828735,110.796615601,135.677459717,155.581237793,927.216552734,562.00213623,343.072235107,876.98638916,161.099365234,67.6710357666,74.9607315063,348.685119629,87.7632904053,544.086547852
2024-08-30,227.100250244,410.652954102,119.040374756,178.5,162.025756836,517.425598145,215.735610962,38.7296295166,110.618415833,136.165237427,157.125427246,946.762817383,560.700622559,347.423522949,882.67376709,162.530075073,68.0655059814,75.8987503052,350.053039551,88.3203048706,549.280395508
2024-09-03,220.921920776,403.072692871,107.701766968,176.25,156.055633545,507.946655273,211.41708374,38.6821022034,108.301742554,133.137298584,158.356933594,943.321105957,568.756774902,331.949951172,869.014099121,165.353530884,68.5727081299,75.3519668579,346.481292725,87.0987930298,537.976745605
2024-09-04,219.017868042,402.541137695,105.9167099,173.330001831,155.153167725,508.919342041,210.486175537,38.4920196533,106.979270935,130.753585815,158.546432495,933.2421875,573.981811523,328.545013428,880.339538574,166.661056519,68.1500244141,76.4360961914,346.414794922,87.2160568237,536.875610352
2024-09-05,220.535186768,402.039031982,106.913948059,177.88999939,155.93661499,513.008666992,208.854751587,38.1498718262,106.14453125,129.704406738,156.301208496,900.145629883,565.726257324,325.432739258,876.343444824,166.253631592,66.8445205688,75.7290496826,343.735961914,86.6297302246,535.569763184
2024-09-06,218.988098145,395.453063965,102.546058655,171.38999939,149.668991089,496.542266846,203.893234253,37.0784568787,105.647438049,127.52318573,155.723342896,890.24420166,567.04675293,321.33505249,867.14453125,166.367324829,66.8163375854,75.3991088867,342.026031494,85.9359207153,526.556152344
2024-09-09,219.077392578,399.410491943,106.175994873,175.399993896,147.673034668,501.028594971,208.067810059,37.7576522827,107.870300293,129.124572754,157.835922241,895.727478027,564.405639648,325.901031494,886.739135742,166.812637329,67.4831924438,76.5397949219,347.222259521,86.3267822266,532.451538086
2024-09-10,218.284011841,407.758666992,107.801483154,179.550003052,147.62336731,501.028594971,197.271392822,37.5758972168,103.940406799,127.219444275,158.565338135,888.804321289,569.089355469,326.018127441,884.563110352,168.451782227,67.2014160156,77.586227417,352.304412842,86.3854293823,534.770751953
2024-09-11,220.812850952,416.461181641,116.587173462,184.520004272,150.105941772,508.016143799,198.874099731,37.308052063,102.908706665,126.897354126,156.140197754,908.173217773,560.273132324,326.837615967,890.606628418,164.785064697,66.7599945068,78.6514968872,351.94342041,86.3072509766,540.256896973
2024-09-12,220.921920776,420.359588623,118.821182251,187,153.611312866,521.683532715,198.269485474,37.0975952148,104.324943542,128.121414185,155.969650269,922.108093262,559.009521484,331.306060791,905.077453613,164.358673096,66.9008865356,78.6797790527,355.686218262,87.2649154663,544.807678223
2024-09-13,220.654174805,423.893768311,118.781280518,186.490005493,156.361999512,520.7109375,196.081436157,36.973236084,104.249931335,129.409896851,156.803314209,910.954345703,564.614685059,336.896392822,906.03692627,164.936660767,67.5297393799,79.8016281128,360.967895508,88.4864349365,547.653137207
2024-09-16,214.52545166,424.632080078,116.46749115,184.88999939,156.957809448,529.811279297,199.47869873,37.4037094116,105.71308136,130.771987915,158.19593811,910.786621094,561.678222656,339.481842041,897.995361328,167.930679321,68.1822357178,79.7921829224,362.88671875,89.7568054199,548.461853027
2024-09-17,214.991531372,428.382873535,115.280670166,186.880004883,158.209060669,532.831481934,200.812652588,37.8341789246,107.091827393,131.986862183,158.271713257,893.666259766,551.01940918,345.072235107,887.510681152,166.642105103,67.8985366821,80.1032943726,364.055145264,90.7437820435,548.685974121
2024-09-18,218.859207153,424.110351562,113.066619873,186.429992676,158.695602417,534.450866699,199.161972046,37.9011535645,107.46698761,132.493041992,157.400115967,892.473022461,553.584106445,346.467407227,882.812316895,164.785064697,67.8512573242,79.4528198242,364.786621094,91.4473876953,547.058654785
2024-09-19,226.971328735,431.867797852,117.554573059,189.869995117,161.009368896,555.463317871,201.993026733,39.0969200134,108.798835754,133.440994263,156.140197754,902.403869629,550.170898438,364.214233398,890.942993164,162.530075073,66.7826690674,77.5767974854,370.79977417,91.3203430176,556.393798828
2024-09-20,226.306884766,428.500915527,115.689575195,191.600006104,162.449264526,557.698669434,202.578430176,38.5229454041,108.114143372,134.076019287,155.514938354,908.764892578,548.197387695,359.833618164,897.11505127,165.069290161,67.7472381592,78.0198669434,370.343780518,91.6135025024,555.432067871
2024-09-23,224.591247559,426.768371582,115.948883057,193.880004883,160.721389771,560.738708496,202.914337158,38.1403045654,110.074417114,135.787872314,154.624420166,905.83581543,546.68145752,362.126342773,907.105102539,164.642944336,67.8323364258,79.9618835449,372.338684082,90.8512802124,556.819946289
2024-09-24,225.483779907,422.495880127,120.546554565,193.960006714,161.158309937,559.665771484,203.058273315,37.73853302,109.783660889,135.705047607,154.207580566,911.664306641,548.378479004,376.526733398,891.73425293,164.140777588,67.4540939331,79.4622421265,380.603149414,91.5548706055,558.413330078
2024-09-25,224.492050171,425.390075684,123.179481506,192.529998779,160.36390686,564.61340332,201.71472168,37.547203064,107.645195007,132.502243042,152.142425537,911.792480469,549.446228027,369.033843994,898.539367676,163.212249756,67.567565918,79.7733383179,377.059875488,91.7796325684,557.18157959
2024-09-26,225.632553101,424.602508545,123.708053589,191.160003662,161.595230103,564.146484375,201.321258545,37.8054885864,105.79750061,130.679962158,152.890808105,896.763061523,548.016235352,381.434143066,891.635253906,164.112335205,67.5202865601,78.6797790527,376.841430664,93.030456543,559.39074707
2024-09-27,225.900283813,421.363708496,121.075119019,187.970001221,162.806747437,563.669555664,202.01222229,37.6906967163,108.630027771,133.901199341,152.900268555,865.668273926,554.728088379,381.551208496,875.987304688,164.434494019,67.8890914917,79.6979217529,379.529724121,93.8220062256,558.579528809
2024-09-30,231.067077637,423.60824585,121.115028381,186.330001831,164.693496704,568.71661377,202.357711792,37.9585533142,109.943107605,135.539398193,153.525527954,873.705810547,557.426086426,381.590301514,876.877624512,164.102859497,67.9552764893,79.6884918213,384.915863037,93.9978942871,560.817810059
2024-10-01,224.333404541,414.147735596,116.686897278,185.130004883,165.825546265,572.720336914,198.691726685,37.5185050964,112.48487854,137.775817871,153.459213257,872.265930176,556.110412598,382.829345703,867.836975098,163.951278687,67.8134307861,80.3861083984,388.573181152,91.9066772461,555.793762207
2024-10-02,224.898681641,410.643066406,118.531951904,184.759994507,164.703445435,569.084106445,198.931671143,37.5280723572,113.976173401,138.926269531,152.682388306,878.764953613,564.700561523,384.448883057,868.97454834,162.890106201,67.1514816284,80.5369415283,390.672454834,92.0043945312,556.028320312
2024-10-03,223.797866821,410.062255859,122.521247864,181.960006714,164.703445435,578.979370117,196.954711914,37.547203064,114.970375061,139.202362061,152.047668457,873.321166992,565.119995117,381.561004639,866.145629883,161.184646606,66.6880950928,80.1787185669,390.976470947,91.4962387085,555.011779785
2024-10-04,224.918502808,409.589752197,124.585708618,186.509994507,165.895050049,592.063659668,203.945373535,38.3698959351,117.080696106,138.73298645,151.848709106,874.908935547,563.642272949,387.414794922,873.504699707,160.009796143,66.3571090698,79.0474472046,387.917694092,92.9816055298,560.055297852
2024-10-07,219.850921631,403.171142578,127.378211975,180.800003052,161.843505859,580.976379395,203.665344238,38.2264060974,117.587173462,139.082733154,151.128738403,885.993774414,556.358337402,388.546539307,864.088317871,158.342208862,65.2601470947,75.6913375854,387.632751465,90.2845001221,554.992248535
2024-10-08,223.89704895,408.26071167,132.534378052,182.720001221,163.233764648,589.033569336,203.491546631,38.1977005005,114.463874817,136.901504517,151.280319214,901.102233887,554.47064209,378.507263184,880.735229492,159.327606201,65.4209136963,75.8893203735,393.446350098,90.401763916,560.241088867
2024-10-09,227.635772705,410.967956543,132.295013428,185.169998169,160.731338501,586.669067383,206.069595337,38.4464225769,114.510787964,137.729827881,152.189758301,907.0390625,563.661315918,386.536712646,899.211914062,160.379302979,65.7897186279,75.9647445679,395.241729736,91.4669189453,564.121520996
2024-10-10,227.139923096,409.373077393,134.449234009,186.649993896,160.949783325,580.032470703,205.50958252,38.2359657288,115.495605469,138.622543335,152.057159424,898.114013672,569.839233398,386.975830078,883.910217285,160.07611084,65.4871063232,76.3041152954,389.437561035,90.8708190918,563.134399414
2024-10-11,225.662277222,409.845703125,134.439285278,188.820007324,162.101699829,586.112792969,214.634078979,40.1300621033,115.936424255,139.358825684,152.957138062,919.188964844,570.172912598,392.22467041,879.360351562,162.103683472,65.7897186279,77.1714248657,391.280456543,91.9848480225,566.506530762
2024-10-14,229.38117981,412.621856689,137.700515747,187.539993286,163.8097229,586.579589844,213.851989746,40.0918006897,116.377250671,139.690139771,153.089752197,916.674133301,577.180297852,384.351318359,880.082397461,163.449127197,66.5178833008,78.1612854004,394.624298096,92.8057098389,571.139587402
2024-10-15,231.910018921,412.227996826,131.247802734,187.690002441,164.306243896,582.456604004,214.730667114,40.3118247986,112.878791809,135.96270752,155.458068848,900.707763672,530.359436035,378.536560059,884.879577637,164.453445435,66.5178833008,78.0481491089,394.776245117,92.0727920532,566.702087402
2024-10-16,229.857208252,409.648773193,135.356811523,186.88999939,164.00831604,573.038269043,215.937606812,40.9431877136,113.169563293,136.883087158,155.628601074,903.764892578,544.708068848,384.02935791,877.728271484,163.325942993,66.7353744507,79.5565109253,397.654602051,94.5451431274,569.165161133
2024-10-17,230.224121094,410.239501953,136.563552856,187.529998779,161.793823242,573.177307129,216.690750122,40.7518692017,112.878791809,139.156341553,155.80859375,904.45526123,539.645446777,384.878173828,875.660888672,163.231185913,66.1017837524,78.9814529419,394.795257568,94.3399200439,569.213989258
2024-10-18,233.050491333,411.657043457,137.630706787,188.990005493,162.280441284,572.720336914,217.608016968,40.4840202332,112.559906006,138.7421875,156.424377441,905.293518066,543.058532715,384.26348877,879.884521484,163.237884521,66.612449646,79.5470809937,394.225341797,95.0630569458,571.403503418
2024-10-21,234.518218994,412.26739502,143.325439453,189.070007324,162.925933838,571.418823242,215.319641113,39.9483108521,112.625564575,138.861846924,154.254974365,893.617004395,544.83190918,382.334625244,877.124938965,161.579559326,65.6762466431,79.2171401978,386.055755615,94.4181060791,570.465209961
2024-10-22,233.90335083,420.861694336,143.205749512,189.699996948,163.988449097,578.224365234,216.401062012,40.4648857117,113.207077026,138.898635864,154.842315674,896.595275879,543.296936035,380.356750488,883.771728516,161.732055664,65.6762466431,78.9060211182,381.733642578,94.5353622437,570.16217041
2024-10-23,228.84564209,417.996887207,139.186508179,184.710006714,161.64491272,560.023498535,215.715545654,40.5031509399,112.803756714,138.49369812,157.125427246,890.776733398,538.3203125,377.683746338,889.389953613,161.61769104,64.3144836426,80.0938644409,379.634216309,94.0467529297,564.952392578
2024-10-24,228.657241821,418.124847412,140.034255981,186.380004883,161.585327148,564.086791992,217.231460571,40.799697876,112.165977478,138.466094971,155.050735474,879.01159668,534.668823242,378.985961914,883.702453613,161.655792236,63.6430778503,78.0670013428,382.522003174,93.2259063721,566.174255371
2024-10-25,229.490264893,421.491668701,141.161224365,187.830001831,164.117553711,569.521362305,214.653411865,40.0726661682,112.072189331,138.797424316,152.407669067,880.372436523,538.244018555,377.918701172,881.526428223,160.321533203,63.2837142944,76.7660522461,378.940765381,92.8643341064,565.978637695
2024-10-28,231.463760376,419.955963135,140.143966675,188.38999939,165.557434082,574.399414062,217.733551025,40.7709999084,111.518821716,138.548919678,153.089752197,883.222595215,538.892272949,382.461883545,881.269348145,161.350860596,63.0473022461,78.1235733032,382.721557617,94.0076675415,567.728271484
2024-10-29,231.731521606,425.23260498,140.872009277,190.830001831,168.496780396,589.421020508,215.223098755,40.6849021912,109.99937439,136.689849854,151.65927124,891.102233887,535.927307129,379.426544189,877.342468262,159.320846558,61.9976196289,75.0031585693,375.29296875,93.9392623901,568.647216797
2024-10-30,228.191131592,425.803619385,138.96711731,192.729995728,173.243469238,587.950683594,216.681091309,40.4744529724,109.446006775,136.257263184,152.151885986,835.135864258,536.718688965,371.329040527,869.528381348,158.358276367,62.3380508423,74.5600738525,372.870635986,92.913192749,566.926757812
2024-10-31,224.035873413,400.030731201,132.404724121,186.399993896,169.9168396,563.888183594,214.276824951,40.0057144165,109.530426025,136.965927124,151.441390991,818.281921387,538.186767578,368.352478027,864.67175293,157.42427063,61.7611999512,74.7109069824,374.039031982,94.0076675415,555.813415527
2024-11-01,221.060760498,403.988189697,135.037658691,197.929992676,170.095550537,563.47088623,215.26171875,39.9483108521,107.814025879,140.87739563,151.697158813,807.62121582,541.104125977,371.7109375,868.920837402,157.34803772,61.4775009155,72.9197311401,372.937103271,93.6265563965,558.159118652
2024-11-04,220.168243408,402.107879639,135.685913086,195.779998779,168.059875488,557.033081055,212.21055603,39.5369682312,111.246810913,141.705734253,149.906707764,795.007873535,531.770568848,368.665802002,877.597045898,157.328979492,61.572063446,73.8813095093,375.767944336,93.6070251465,556.956970215
2024-11-05,221.596282959,405.061248779,139.535598755,199.5,168.556381226,568.706604004,213.861663818,40.0631065369,111.575088501,141.190322876,150.010910034,794.928894043,540.598815918,375.372924805,881.657714844,157.977050781,61.8179359436,74.1452789307,380.061676025,94.4278717041,563.69152832
2024-11-06,220.872360229,413.645629883,145.220336914,207.089996338,175.279144287,568.329040527,238.551010132,43.4399642944,113.488449097,145.157012939,149.565643311,765.658813477,568.876342773,408.183929443,890.651000977,153.488204956,60.2386817932,70.2518157959,368.928344727,96.6363677979,577.708007812
2024-11-07,225.592880249,418.814025879,148.481613159,210.050003052,179.489608765,587.851318359,228.238845825,42.8277282715,113.629135132,144.282684326,148.476211548,786.437805176,577.228027344,399.694763184,905.190612793,155.737380981,60.2008552551,70.3460922241,379.444213867,96.6754608154,582.174865723
2024-11-08,225.324829102,415.968933105,147.234909058,208.179992676,177.106338501,585.506652832,228.818161011,43.1721115112,113.591621399,144.429931641,147.282562256,820.057006836,587.105102539,385.164337158,934.774963379,159.835464478,60.4467277527,72.5614852905,385.580810547,96.7634048462,584.696716309
2024-11-11,222.614471436,411.509429932,144.871292114,206.839996338,179.092407227,579.37677002,231.048599243,44.0808982849,112.991340637,144.034194946,146.875213623,820.944641113,596.104980469,388.268218994,923.959472656,158.234359741,59.9171600342,71.5622177124,387.851196289,98.5614700317,585.253967285
2024-11-12,222.614471436,416.451324463,147.893157959,208.910003662,180.353546143,581.016052246,231.309310913,43.8704414368,112.878791809,142.920547485,144.601608276,807.552185059,586.018249512,384.811859131,923.464172363,158.05329895,59.7658462524,70.0067138672,382.901977539,98.6885070801,583.435852051
2024-11-13,223.498062134,418.587615967,145.878570557,214.100006104,177.632614136,576.227416992,232.854217529,43.8800048828,113.929275513,146.077346802,145.170013428,800.599487305,577.628417969,378.995758057,924.801208496,158.758544922,59.576713562,69.9878540039,389.656066895,100.379089355,583.719299316
2024-11-14,226.575744629,420.251281738,146.367233276,211.479995728,174.355667114,573.405822754,233.539749146,43.9087028503,114.004920959,148.912017822,143.872131348,775.372741699,565.501403809,379.279724121,915.055419922,159.235046387,59.1511726379,70.9682922363,385.409851074,106.633239746,579.965942383
2024-11-15,223.37890625,408.546203613,141.60005188,202.61000061,171.287216187,550.476013184,236.86126709,44.721824646,112.822883606,148.562301636,145.88999939,737.114257812,564.624206543,376.058349609,898.396240234,161.579559326,58.385181427,71.9770126343,387.746734619,112.457420349,572.537414551
2024-11-18,226.377182007,409.294403076,139.774932861,201.699996948,174.07762146,550.793823242,236.590911865,44.6931304932,113.768516541,149.464126587,146.619430542,718.345581055,562.164611816,376.440155029,910.717224121,162.732757568,58.498664856,72.0147247314,389.89352417,110.952507019,574.883361816
2024-11-19,226.635284424,411.292816162,146.616577148,204.61000061,176.877960205,557.440429688,234.717727661,44.3965759277,112.179855347,148.385650635,144.942642212,720.844787598,550.104125977,374.354614258,921.255554199,162.742294312,59.1890029907,72.6652069092,386.435760498,109.858039856,576.984680176
2024-11-20,227.350112915,409.028594971,145.499603271,202.880004883,174.752853394,561.84161377,232.487304688,44.0617675781,113.77796936,149.99407959,145.046859741,744.236450195,572.508728027,373.54196167,919.205322266,162.866165161,59.5672607422,72.4766464233,379.976165771,111.656105042,577.180175781
2024-11-21,226.873596191,407.262878418,146.277511597,198.380004883,166.461090088,559.427307129,236.330215454,44.4444084167,115.300437927,150.273025513,147.310974121,740.789001465,569.638977051,381.463195801,946.51171875,164.63885498,60.2954216003,72.9291610718,389.903045654,112.105621338,580.278686523
2024-11-22,228.21383667,411.336791992,141.570144653,197.119995117,163.611083984,555.503051758,239.989685059,44.9609832764,115.168045044,150.951690674,146.99836731,738.902282715,563.327636719,389.198364258,954.791748047,168.003082275,60.4467277527,72.1272277832,398.974975586,113.014419556,582.077270508
2024-11-25,231.192245483,413.102478027,135.656005859,201.449996948,166.480941772,561.434204102,241.66973877,45.4392929077,113.447006226,149.09223938,147.576248169,745.807128906,577.590270996,397.188171387,951.701599121,169.061004639,60.8817329407,72.7345962524,407.210968018,113.356445312,584.051696777
2024-11-26,233.366455078,422.17755127,136.553588867,207.86000061,167.940689087,569.809387207,241.360794067,45.6784477234,111.555747986,151.10975647,147.557159424,779.709228516,578.505493164,399.322662354,962.210021973,170.890838623,61.0424957275,73.5412902832,408.0184021,112.818977356,587.101318359
2024-11-27,233.237380981,417.245452881,134.977798462,205.740005493,168.049926758,565.497741699,241.186965942,45.6975746155,111.26259613,150.71925354,148.397506714,778.592956543,580.02142334,395.278900146,952.355224609,170.938491821,60.9290122986,74.5187911987,407.942016602,114.91998291,585.322265625
2024-11-29,235.620101929,417.709075928,137.8800354,207.88999939,167.771896362,570.584350586,241.119415283,45.4488563538,111.546279907,150.5519104,148.02507019,785.66583252,581.756530762,397.638549805,962.586425781,170.843170166,61.0576477051,74.6611709595,409.794647217,114.792945862,588.958374023
2024-12-02,237.863815308,425.126953125,138.259033203,210.710006714,170.294174194,588.973937988,237.768890381,44.9992523193,111.442276001,150.812240601,147.824539185,790.061706543,580.154968262,394.113677979,965.676696777,171.262527466,60.64793396,73.1427001953,407.722412109,114.490020752,590.014038086
2024-12-03,240.901763916,425.343963623,139.884658813,213.440002441,170.145202637,609.658508301,236.388153076,44.7887916565,111.27205658,150.542648315,145.494491577,803.426879883,577.018371582,390.931488037,972.758361816,167.18347168,60.524055481,72.4024429321,410.004730225,113.796180725,590.287658691
2024-12-04,241.259185791,431.479553223,144.751586914,218.160003662,173.154067993,609.787719727,235.017044067,44.3583145142,108.066375732,147.195602417,143.689666748,819.735900879,582.319091797,391.176269531,981.444396973,166.888031006,59.2758483887,71.8804702759,408.639160156,114.323875427,593.953063965
2024-12-05,241.288955688,436.608825684,144.681777954,220.550003052,171.436157227,604.969177246,237.025421143,44.9609832764,108.53918457,148.134613037,142.782440186,815.567260742,551.98236084,386.740722656,972.8671875,167.764831543,59.9523582458,72.3170318604,407.32131958,113.845054626,592.975646973
2024-12-06,241.090393066,437.54598999,142.068634033,227.029998779,173.491714478,619.71270752,238.840667725,44.9706001282,107.394981384,144.332015991,142.581924438,816.643981934,524.000488281,386.789703369,983.118225098,165.658599854,59.5807571411,71.4059448242,411.93371582,114.06980896,594.099731445
2024-12-09,244.972244263,439.962646484,138.448059082,226.089996338,174.346679688,609.579040527,235.412948608,44.1625671387,106.761413574,146.042724609,142.858840942,793.795593262,536.537658691,390.931488037,978.413696289,162.770874023,59.6474533081,70.8934631348,409.842346191,111.99811554,591.040405273
2024-12-10,245.984909058,437.309234619,134.717819214,225.039993286,184.089523315,615.291564941,234.495651245,44.0086631775,106.543914795,145.968338013,142.505523682,789.844299316,540.911315918,380.288208008,983.900695801,164.190917969,59.9428329468,70.3619995117,403.549316406,112.115394592,589.202880859
2024-12-11,244.714096069,442.89239502,138.946762085,230.259994507,194.259811401,628.564697266,235.142593384,44.3261070251,105.834686279,145.233825684,140.032226562,786.337524414,510.611450195,380.758209229,985.178405762,162.618392944,59.6855621338,70.2101516724,402.393798828,111.99811554,593.757751465
2024-12-12,246.173522949,443.454620361,136.981903076,228.970001221,190.839904785,626.687011719,233.211456299,44.3261070251,105.740127563,143.839263916,139.650253296,772.824157715,493.604766846,372.836975098,978.938659668,162.828048706,60.8289718628,69.4888916016,395.747467041,112.281517029,590.698181152
2024-12-13,246.342285156,441.195678711,133.899978638,227.460006714,188.712371826,616.315002441,231.676208496,43.9317054749,104.813423157,143.058258057,140.013137817,779.511657715,498.121948242,372.572601318,979.889404297,163.028198242,60.1429252625,69.8685073853,398.192047119,110.757064819,590.580932617
2024-12-16,249.231323242,445.45703125,131.655822754,232.929992676,195.512481689,620.679870605,231.328613281,43.7393226624,102.572280884,138.86517334,137.367935181,769.514892578,477.086151123,371.015777588,983.375854492,163.104431152,59.5998077393,69.0808029175,392.204620361,110.040542603,593.102722168
2024-12-17,251.653747559,448.28805542,130.050048828,231.149993896,194.279693604,615.907287598,230.150634766,43.3353042603,102.137290955,137.70300293,139.812606812,769.139526367,464.663726807,367.96081543,972.688903809,162.332458496,60.4097251892,68.5872879028,390.06552124,110.933738708,590.659118652
2024-12-18,246.262878418,431.449890137,128.573883057,220.520004272,187.300674438,593.784179688,222.435821533,41.8443031311,100.633735657,133.956161499,138.227386475,755.398986816,478.253753662,356.299346924,955.514709473,161.141174316,59.8856582642,66.9264678955,376.075622559,109.294563293,573.055480957
2024-12-19,247.990310669,431.094787598,130.339263916,223.289993286,187.410018921,592.173400879,224.936630249,41.7288703918,99.7732162476,131.232025146,137.110122681,748.316162109,468.23348999,352.85269165,945.66973877,161.246002197,59.5045318604,66.2146759033,367.672088623,109.314208984,572.879455566
2024-12-20,252.656478882,430.670623779,134.348770142,224.919998169,190.293106079,581.912231445,229.416824341,42.4887962341,100.11365509,132.812591553,137.960006714,758.411743164,478.646148682,358.404449463,944.946838379,160.169052124,59.5998077393,68.0178604126,374.910583496,109.962013245,579.760314941
2024-12-23,253.430847168,429.33895874,139.305831909,225.059997559,193.494338989,596.428955078,230.179611206,42.2194519043,100.520263672,132.92414856,138.723968506,786.584594727,484.589385986,357.768035889,940.826538086,160.216705322,59.4378356934,68.7960739136,374.767364502,109.343643188,583.232055664
2024-12-24,256.339813232,433.363525391,139.854400635,229.050003052,194.965698242,604.283874512,233.964584351,42.6908111572,100.614830017,133.733032227,139.277816772,785.981933594,484.359710693,359.902526855,949.651428223,161.007720947,59.8761367798,69.1946868896,378.291107178,110.48223114,589.71472168
2024-12-26,257.153839111,432.160125732,139.565155029,227.050003052,194.45866394,599.909057617,234.76600647,42.8543395996,100.699928284,133.863189697,139.020004272,784.470581055,489.192749023,359.461914062,946.997009277,162.170455933,59.6188659668,68.6821975708,377.336151123,110.472419739,589.753967285
2024-12-27,253.748550415,424.683044434,136.652755737,223.75,191.635223389,596.389160156,232.863861084,42.6523361206,100.690475464,133.881774902,138.513870239,773.634216309,488.082611084,357.249053955,930.714111328,161.570037842,59.5045318604,68.4354553223,375.158843994,109.490882874,583.545959473
2024-12-30,250.382965088,419.06048584,137.131515503,221.300003052,190.124099731,587.868041992,231.077590942,42.2386932373,100.009635925,133.01713562,136.880935669,764.417785645,485.986633301,355.437652588,913.391479492,159.24458313,59.1043357849,68.1032867432,371.883392334,108.754722595,576.88671875
2024-12-31,248.61579895,415.775665283,133.939849854,219.38999939,188.195419312,582.170837402,231.454147339,42.2771682739,101.721206665,134.662765503,138.103240967,762.600219727,484.129974365,355.192840576,907.508239746,159.778320312,59.3234825134,68.0368499756,371.463165283,109.294563293,574.788024902
2025-01-02,242.093139648,412.895324707,137.949371338,220.220001221,188.324645996,595.82244873,231.734161377,42.6042327881,101.475334167,136.401367188,137.530288696,768.596191406,482.838043213,352.265228271,901.110046387,158.186706543,58.9232940674,67.9609146118,370.957092285,108.774353027,573.375671387
2025-01-03,241.606658936,417.600585938,144.093338013,224.190002441,190.670883179,601.181762695,234.901199341,43.1044387817,101.995445251,137.461273193,137.692642212,772.458618164,490.963287354,356.20135498,907.815307617,157.376647949,58.8375434875,68.3215637207,371.644683838,109.108085632,580.544921875
2025-01-06,243.234832764,422.039489746,149.040390015,227.61000061,195.721237183,626.605895996,233.755950928,43.6719894409,101.881958008,136.912719727,137.186523438,755.784179688,491.604492188,356.602813721,913.886657715,153.059326172,57.9418792725,67.6097793579,371.82611084,109.000114441,583.889160156
2025-01-07,240.46496582,416.633850098,139.774597168,222.11000061,194.349304199,614.366088867,236.007598877,44.3261070251,102.837043762,139.078979492,139.640716553,763.874511719,492.159576416,355.427825928,912.559509277,153.72644043,57.9704627991,66.8410491943,366.917663574,109.333831787,577.288818359
2025-01-08,240.951400757,418.794128418,139.744674683,222.130004883,192.818283081,607.236999512,235.968795776,44.4511528015,101.116012573,139.739105225,135.859161377,777.63482666,501.988433838,353.538146973,918.50201416,154.488891602,58.7994308472,67.0593338013,369.75390625,107.733924866,578.132263184
2025-01-10,235.143554688,413.260375977,135.555648804,218.940002441,190.919433594,612.34765625,232.804779053,43.3930206299,100.747207642,142.379547119,135.658615112,790.160461426,498.322937012,343.678161621,927.98059082,151.115097046,58.1896133423,63.946472168,372.322662354,106.644416809,569.305664062
2025-01-13,232.711212158,411.524261475,132.882614136,218.460006714,189.895446777,604.860595703,237.016983032,43.3449287415,103.347694397,144.434280396,137.960006714,787.769836426,517.89453125,354.938293457,915.857727051,151.381942749,58.7422599792,63.5478782654,371.644683838,106.08493042,570.188415527
2025-01-14,231.599273682,410.024902344,131.41645813,217.759994507,188.553344727,590.860839844,240.180953979,44.0375213623,103.754318237,145.875350952,138.227386475,735.839904785,520.382751465,363.819091797,908.458984375,152.239715576,59.1138687134,64.5159072876,375.082458496,106.124198914,570.972900391
2025-01-15,236.156204224,420.520355225,135.884796143,223.350006104,194.408950806,613.600463867,244.917236328,45.3072814941,105.446983337,147.204879761,138.4375,737.647766113,520.076538086,367.069824219,914.669006348,152.153915405,58.8565940857,65.759147644,387.792755127,106.18309021,581.358886719
2025-01-16,226.615432739,418.813842773,133.221725464,220.660003662,191.784362793,607.813720703,246.780654907,44.8647918701,105.267318726,148.181091309,141.111328125,748.375427246,488.656829834,372.611785889,910.95501709,152.964019775,59.3139610291,67.7331542969,390.88671875,104.4948349,580.240905762
2025-01-17,228.323043823,423.203430176,137.350952148,225.940002441,194.856338501,609.275268555,251.526641846,44.758972168,106.212944031,150.124252319,140.404663086,716.883605957,487.862487793,377.96762085,934.170898438,153.564437866,59.7522583008,67.1542358398,390.93447876,105.044494629,586.066345215
2025-01-21,221.035964966,422.680633545,140.462783813,230.710006714,196.894378662,612.944335938,255.282653809,44.8840332031,105.409156799,147.121231079,141.474197388,733.311157227,502.438232422,391.480163574,938.667358398,154.126739502,59.4759407043,67.2396469116,399.576721191,106.693481445,591.431030273
2025-01-22,222.217376709,440.140289307,146.686538696,235.009994507,197.212493896,619.944091797,255.098251343,44.0471382141,103.574653625,145.419784546,138.723968506,744.799499512,497.394561768,390.743103027,935.666503906,157.004943848,58.8661231995,64.9999160767,391.62210083,106.801452637,594.755737305
2025-01-23,222.048583984,440.643310547,146.836151123,235.419998169,196.824798584,632.8203125,258.116668701,44.6243019104,104.160934448,145.047866821,140.032226562,757.265869141,507.013000488,399.381347656,933.15057373,158.348709106,58.6279182434,65.7022018433,395.718780518,108.99029541,598.00189209
2025-01-24,221.174942017,438.029327393,142.248138428,234.850006104,199.041778564,643.797241211,257.039337158,44.7493591309,102.751945496,144.713195801,140.204116821,775.846862793,509.635192871,400.590087891,930.694458008,157.36781311,58.9995231628,69.1187591553,395.823760986,110.089622498,596.256164551
2025-01-27,228.203933716,428.658355713,118.111236572,235.419998169,190.690750122,656.116638184,258.019592285,45.2976646423,104.179832458,146.182144165,146.000595093,798.329772949,520.172241211,388.158538818,956.019836426,162.679916382,60.8575515747,70.0678100586,405.7265625,111.247833252,587.821838379
2025-01-28,236.543380737,441.126678467,128.653671265,238.149993896,194.160415649,670.484191895,259.271606445,45.0571746826,102.165657043,145.233825684,143.603713989,795.188476562,519.176879883,383.549560547,949.502807617,159.352645874,59.4187736511,66.9454421997,399.958679199,110.069984436,592.872741699
2025-01-29,237.635467529,436.322814941,123.377479553,237.070007324,194.269760132,672.631835938,258.728088379,44.9706001282,102.761405945,144.750396729,144.339004517,794.289550781,514.985046387,386.438781738,954.801757812,159.39100647,59.866607666,67.2776107788,394.792510986,111.100608826,590.21484375
2025-01-30,235.878234863,409.354095459,124.325004578,234.63999939,199.697891235,683.08190918,260.329467773,44.9417419434,103.612464905,145.336120605,145.981506348,813.206420898,522.134277344,368.503997803,969.648376465,160.522460938,61.0290603638,67.6667251587,395.823760986,111.336174011,593.382629395
2025-01-31,234.299667358,409.423156738,119.75693512,237.679992676,202.829498291,685.249450684,259.426879883,44.5377311707,101.021438599,138.707107544,145.293945312,801.204284668,519.186462402,365.025115967,970.50994873,159.160888672,60.4859466553,67.9134750366,393.417358398,110.972999573,590.224731445
2025-02-03,226.367248535,405.339385986,116.355819702,237.419998169,200.055786133,693.48236084,258.951324463,44.4511528015,101.267303467,138.846557617,145.026535034,800.562133789,524.632080078,355.305847168,996.211914062,161.81690979,60.3620758057,67.4294586182,390.342498779,111.895652771,586.252807617
2025-02-04,231.122741699,406.769683838,118.340629578,242.059997559,205.17578125,700.173950195,260.048034668,44.9321212769,103.981262207,142.453918457,146.573547363,816.01184082,522.019287109,355.699035645,1012.08856201,161.21282959,59.7141494751,66.3380661011,392.949432373,111.208580017,590.18560791
2025-02-05,230.79510498,407.677185059,124.504524231,236.169998169,190.213546753,700.850036621,262.464691162,45.3168983459,103.905609131,142.240097046,147.719482422,831.925598145,516.621520996,352.652526855,1032.90759277,162.056640625,60.1429252625,65.6737289429,395.174438477,108.499526978,592.578430176
2025-02-06,231.539733887,410.172821045,128.344467163,238.830001831,190.482009888,707.929321289,268.74407959,45.9229202271,102.534446716,141.22668457,146.592651367,859.772399902,507.271270752,359.138549805,1040.93981934,161.931991577,60.3716087341,65.7401580811,395.49911499,110.020904541,594.638061523
2025-02-07,225.990005493,404.185272217,129.501449585,229.149993896,184.258529663,710.445007324,267.676483154,45.5958595276,102.969444275,141.896102905,146.220214844,867.615722656,504.390594482,357.595672607,1034.97106934,161.059417725,60.8289718628,64.7911224365,389.015075684,108.813613892,589.194946289
2025-02-10,226.258331299,406.621734619,133.221725464,233.13999939,185.38192749,713.30859375,263.056732178,44.8936462402,104.936347961,144.824768066,147.289779663,858.300598145,510.458312988,356.94708252,1052.92749023,160.637527466,61.5054779053,66.1482543945,395.336791992,107.262779236,593.196228027
2025-02-11,231.197937012,405.852355957,132.453765869,232.759994507,184.238632202,715.694946289,266.890380859,45.0090789795,105.59828186,146.377410889,149.094604492,854.467834473,510.984619141,355.974151611,1049.37792969,162.459350586,64.4116210938,66.7461547852,397.599945068,107.007583618,593.647399902
2025-02-12,235.421981812,403.484924316,130.798065186,228.929992676,182.538635254,721.243103027,267.336853027,44.4511528015,102.421173096,144.015884399,148.263809204,862.340698242,504.744720459,345.960144043,1056.10058594,162.60319519,65.4692611694,65.7496566772,388.795440674,107.2137146,591.735046387
2025-02-13,240.053497314,404.964508057,134.937240601,230.369995117,185.053848267,724.404968262,268.181243896,44.5665855408,103.165367126,144.927032471,150.164123535,861.244262695,508.362365723,347.591461182,1067.74108887,163.983947754,66.2220153809,65.1042938232,393.847045898,107.567054749,597.982299805
2025-02-14,243.104705811,402.883209229,138.487976074,228.679992676,184.149139404,732.46862793,268.443267822,45.1726036072,103.270309448,146.026870728,149.113693237,835.42755127,501.021881104,347.218017578,1062.7734375,156.188430786,65.6217193604,64.5918273926,391.049102783,108.342475891,597.952941895
2025-02-18,242.975524902,404.076751709,139.0365448,226.649993896,182.697677612,712.284423828,271.704315186,44.758972168,105.083084106,146.797714233,149.190704346,848.222106934,479.220367432,347.886291504,1047.08740234,158.623931885,65.7932357788,65.0093994141,385.137969971,107.537612915,599.708374023
2025-02-19,243.373062134,409.137054443,138.866973877,226.630004883,184.188934326,699.756347656,271.024902344,44.2587661743,105.235740662,147.80355835,151.982192993,857.968994141,489.087463379,346.903533936,1053.5423584,159.640319824,66.7651290894,65.5408630371,377.613006592,109.294563293,601.120544434
2025-02-20,244.327194214,411.301696777,139.744674683,222.880004883,183.483047485,690.877197266,258.941589355,43.5757904053,106.857688904,149.270050049,153.705200195,863.975341797,480.837738037,343.120056152,1026.0670166,160.330703735,66.7365493774,66.565826416,376.858673096,108.509338379,598.619812012
2025-02-21,244.048919678,403.473571777,134.079483032,216.580001831,178.611663818,679.651550293,256.456970215,43.1044387817,105.607833862,147.512145996,156.227203369,864.529541016,446.384246826,334.167388916,1026.26538086,163.22644043,67.9847488403,67.9324569702,367.939483643,106.65422821,588.38092041
2025-02-24,245.589447021,399.312408447,129.940307617,212.710006714,178.204071045,664.319580078,253.642425537,42.7677688599,106.161201477,148.42401123,157.613311768,872.168701172,441.694641113,333.066741943,1026.83044434,163.523681641,67.2605895996,67.1922073364,365.18927002,109.147331238,585.703491211
2025-02-25,245.529769897,393.283203125,126.299827576,212.800003052,174.396392822,653.750183105,249.818450928,42.2675552368,104.691902161,147.042129517,159.87538147,892.354980469,450.174102783,336.44732666,1046.72058105,165.546875,68.1181564331,67.6477508545,375.569458008,108.489707947,582.790710449
2025-02-26,238.890655518,395.092010498,130.937713623,214.350006104,171.722091675,669.857788086,251.167556763,42.2675552368,104.434295654,145.838882446,156.977996826,905.426635742,443.675750732,336.663482666,1023.23120117,164.252410889,67.4607009888,67.391494751,372.886108398,109.765708923,583.084960938
2025-02-27,235.849349976,387.975494385,119.836730957,208.740005493,167.516799927,654.485961914,251.41986084,42.4407043457,105.092628479,147.277145386,157.603652954,895.6796875,448.432250977,334.12802124,1013.05804443,164.894866943,67.5273971558,65.8445587158,372.685546875,109.255302429,573.777832031
2025-02-28,240.361587524,392.383758545,124.594291687,212.279998779,169.286392212,664.389221191,256.854919434,44.3453445435,106.218452454,149.110244751,158.845413208,910.987792969,454.557342529,338.009887695,1039.73034668,166.687927246,67.8513565063,67.1430206299,378.73034668,111.69934082,582.731933594
2025-03-03,236.574874878,383.98236084,113.762611389,205.020004272,166.035446167,651.314147949,252.943634033,43.8258972168,102.812355042,143.91178894,161.020858765,919.982543945,446.9871521,326.305541992,1037.98535156,168.365936279,68.908996582,68.5304718018,372.13168335,110.707984924,572.522399902
2025-03-04,234.487701416,384.100982666,115.687576294,203.800003052,169.922668457,636.350036621,242.879074097,41.0458908081,102.602455139,142.887130737,159.230453491,901.518005371,454.222381592,321.106933594,1028.08959961,166.055053711,66.8794708252,67.7936859131,364.48260498,106.997764587,565.745666504
2025-03-05,234.298873901,396.367034912,116.994163513,208.36000061,172.010406494,652.725952148,244.121368408,40.6803588867,100.598876953,141.768478394,158.941650391,919.982543945,455.533569336,332.644134521,1038.87768555,167.426254272,66.7746582031,67.4396591187,368.942138672,107.292221069,571.826171875
2025-03-06,233.891372681,392.284942627,110.281700134,200.699996948,171.344314575,624.348876953,239.278335571,39.8819503784,102.678787231,143.780181885,159.625091553,903.200195312,466.769256592,335.120635986,1017.92657471,167.474182129,67.1367263794,66.9899368286,364.53036499,103.483848572,561.675598145
2025-03-07,237.608535767,388.746459961,112.396179199,199.25,172.84552002,622.09173584,235.143814087,40.075553894,104.014503479,146.966918945,160.452941895,860.472473145,472.281799316,344.250152588,956.144226074,168.711105347,68.0609741211,69.6882781982,359.82244873,103.5623703,564.823608398
2025-03-10,226.089370728,375.749023438,106.701057434,194.539993286,165.092056274,594.579589844,225.380126953,38.5557746887,106.666877747,148.123199463,161.425140381,821.069519043,461.55557251,339.248077393,926.497314453,169.008346558,68.080039978,72.8746261597,357.769348145,101.177230835,549.77923584
2025-03-11,219.489974976,376.035705566,108.476417542,196.589996338,163.270614624,602.255493164,222.390853882,38.3428115845,104.148078918,144.842407227,159.653991699,815.429199219,467.149353027,333.902038574,922.610534668,165.997543335,67.6893692017,70.8365097046,351.571746826,96.0928497314,545.208984375
2025-03-12,215.653549194,378.822967529,115.448852539,198.88999939,166.32623291,616.026550293,221.187347412,38.6332168579,104.119445801,143.516952515,156.756607056,813.252258301,462.410949707,332.290344238,919.229492188,161.442977905,66.6412582397,69.7743911743,348.296325684,96.9369735718,548.102233887
2025-03-13,208.398193359,374.37512207,115.289253235,193.88999939,161.996627808,587.271606445,218.557189941,38.400894165,103.68057251,144.400588989,156.891372681,793.25390625,462.805053711,327.553588867,883.078186035,161.653930664,66.3363418579,69.5925979614,333.708282471,95.0818634033,540.795776367
2025-03-14,212.184906006,384.051605225,121.363929749,197.949996948,164.71383667,604.672241211,225.593658447,39.5818634033,106.762275696,147.606170654,156.718093872,804.960021973,469.657867432,333.774291992,896.26550293,161.059417725,66.3843460083,70.3772125244,337.609985352,96.819190979,551.966247559
2025-03-17,212.691772461,384.189971924,119.229309082,195.740005493,163.519470215,601.985229492,227.039749146,40.1142730713,108.536880493,149.204238892,156.746963501,816.121887207,479.624847412,336.722473145,908.848083496,162.775787354,67.3058166504,68.9993438721,340.320007324,97.5259017944,556.22265625
2025-03-18,211.389785767,379.070037842,115.139625549,192.820007324,159.916427612,579.553833008,228.049133301,40.3175506592,108.422386169,151.168945312,158.104217529,813.895385742,484.219085693,330.894866943,890.445251465,160.81010437,66.5955047607,67.6501617432,335.937805176,97.5160827637,550.21081543
2025-03-19,213.924194336,383.320159912,117.224357605,195.539993286,163.121322632,581.245727539,232.067199707,40.8596343994,110.111114502,154.214706421,156.891372681,828.243591309,483.64239502,332.771881104,896.39440918,161.634765625,66.4995117188,67.4587860107,339.637695312,98.4387283325,556.20300293
2025-03-20,212.791183472,382.351531982,118.231819153,194.949996948,162.036468506,583.176269531,231.970123291,41.1210021973,110.578620911,154.89151001,156.92024231,833.745300293,491.42755127,330.442871094,887.817749023,160.656707764,66.9122619629,68.0807495117,341.655731201,97.0351257324,554.594665527
2025-03-21,216.935684204,386.720245361,117.403907776,196.210006714,163.220855713,593.37689209,234.512969971,41.1113243103,110.196975708,154.872711182,157.50743103,828.797729492,496.76184082,329.980926514,901.56036377,159.832107544,65.9140090942,67.8223953247,337.456176758,97.6240539551,554.777587891
2025-03-24,219.380630493,388.519134521,121.10459137,203.259994507,166.893554688,615.867980957,240.753555298,41.6921234131,110.483215332,155.126541138,157.180114746,855.841552734,496.425476074,335.769256592,918.198181152,158.834869385,66.1827697754,67.0473403931,349.58404541,98.3307647705,564.71282959
2025-03-25,222.38218689,390.575012207,120.386390686,205.710006714,169.760055542,623.292175293,243.733169556,41.8954048157,111.236930847,155.991394043,154.99508667,843.422851562,493.474761963,336.702819824,922.382568359,156.15007019,66.0483932495,65.6311798096,346.912445068,99.7343597412,566.0703125
2025-03-26,220.175750732,385.445220947,113.473823547,201.130004883,164.285842896,608.035888672,243.636108398,41.4501228333,112.839797974,157.899688721,155.668884277,818.100952148,498.059417725,335.21887207,921.876831055,159.726608276,67.209815979,66.7220001221,348.007995605,98.9196777344,559.312438965
2025-03-27,222.481582642,386.048126221,111.149688721,201.36000061,161.479095459,599.676574707,240.811798096,41.1984443665,112.477249146,156.658828735,157.026138306,813.064208984,495.675720215,333.440155029,930.800598145,161.768981934,67.9009246826,67.0090713501,348.584625244,98.5957794189,557.827087402
2025-03-28,216.567932129,374.404785156,109.394111633,192.720001221,153.606185913,573.9609375,235.697021484,39.9303512573,112.32460022,156.132385254,157.584442139,813.895385742,495.983306885,323.99609375,921.787597656,161.116943359,67.5457839966,67.410949707,344.183227539,96.2597045898,546.593261719
2025-03-31,220.772079468,371.034423828,108.10735321,190.259994507,153.914718628,573.582885742,238.074874878,40.3949890137,113.469490051,157.260437012,159.634719849,817.25982666,503.393707275,324.104217529,937.771179199,163.408630371,68.7456207275,67.8319625854,352.197967529,96.878074646,550.262573242
2025-04-01,221.825592041,377.755493164,109.872909546,192.169998169,156.333343506,583.176269531,236.483200073,40.1626739502,113.574447632,158.407287598,147.515808105,796.796386719,502.78817749,324.860961914,946.318115234,163.54284668,68.9855880737,67.8606719971,351.265808105,95.8769073486,551.816772461
2025-04-02,222.52130127,377.706085205,110.142219543,196.009994507,156.303466797,581.116333008,238.579544067,40.5111541748,113.221435547,156.489608765,149.546844482,809.65032959,502.86505127,328.880340576,956.907653809,162.526504517,68.4672546387,67.4396591187,356.426452637,96.0732040405,555.308837891
2025-04-03,201.947875977,368.780792236,101.543922424,178.410003662,150.0131073,529.058349609,221.954116821,36.0292739868,107.267936707,146.760116577,153.839996338,780.825500488,519.435058594,300.479431152,958.890686035,165.297576904,70.2429962158,69.0280380249,342.030578613,87.2000808716,527.942749023
2025-04-04,187.228408813,355.664764404,94.0727539062,171,144.917144775,502.297973633,205.343429565,33.2898101807,99.549369812,134.689910889,147.50617981,730.478271484,504.643188477,283.104705811,908.719238281,157.013031006,67.1234436035,64.023651123,340.098968506,81.9881057739,497.035430908
2025-04-07,180.350708008,353.707794189,97.3943710327,175.259994507,146.061737061,513.762390137,209.405761719,34.4417457581,98.2136535645,131.747558594,144.984207153,716.150024414,504.306732178,275.223236084,900.439941406,153.637832642,65.6260604858,62.2534484863,328.192138672,81.7623443604,496.150146484
2025-04-08,171.365966797,350.446044922,96.0577545166,170.660003662,144.021331787,507.990386963,211.778701782,33.9093360901,96.1432952881,128.720626831,144.387435913,718.633728027,531.583679199,269.208953857,901.0546875,151.873565674,65.674041748,61.3444366455,322.166625977,80.2115097046,488.379058838
2025-04-09,197.634399414,385.95916748,114.042388916,191.100006104,157.965652466,582.94744873,228.838607788,35.961517334,100.942352295,137.275054932,145.321121216,745.816101074,556.015686035,295.811462402,957.016662598,155.641891479,67.1426315308,64.6647491455,341.530853271,89.7520980835,539.668334961
2025-04-10,189.255950928,376.925231934,107.29940033,181.220001221,152.103286743,543.657592773,221.778320312,34.7030982971,95.3418655396,126.887542725,143.126419067,713.35949707,571.297729492,284.166107178,956.144226074,156.830871582,67.920135498,63.8418502808,339.829864502,83.6567306519,516.020507812
2025-04-11,196.938674927,383.942840576,110.650947571,184.869995117,156.402984619,540.950805664,230.654922485,34.7999038696,98.4044799805,127.498565674,146.05267334,724.739135742,576.170593262,288.381988525,955.251708984,160.043045044,68.5632476807,62.9711036682,340.060516357,83.3229980469,525.227844238
2025-04-14,201.281936646,383.310272217,110.431495667,182.119995117,158.323974609,528.919067383,229.209671021,35.4968681335,98.6429977417,127.20715332,148.584289551,746.44934082,564.243041992,292.971343994,971.027099609,162.171707153,69.5422973633,64.7700042725,343.270294189,83.0972442627,530.323303223
2025-04-15,200.904281616,381.254455566,111.917747498,179.589996338,155.576889038,519.007019043,227.656997681,36.7746429443,98.366317749,126.473899841,147.87197876,749.249694824,560.907958984,288.362365723,968.647399902,161.538864136,68.9759902954,64.7412948608,340.300720215,83.4407806396,528.837890625
2025-04-16,193.082397461,367.298248291,104.227149963,174.330001831,152.61088562,499.889587402,224.21963501,36.135761261,99.4062728882,127.244743347,148.151107788,727.203063965,562.301574707,285.129180908,959.555053711,159.544448853,68.8032150269,62.8084411621,332.497406006,81.2421264648,517.082885742
2025-04-17,195.775817871,363.512664795,101.234687805,172.61000061,150.451034546,499.063659668,226.514480591,36.2131958008,102.010932922,129.604263306,151.577911377,831.162719727,436.460357666,289.168182373,986.078552246,163.61000061,70.0702285767,63.4495315552,341.213745117,83.244468689,517.820678711
2025-04-21,191.979187012,354.953155518,96.6662216187,167.320007324,146.977401733,482.324645996,223.614196777,35.7388687134,100.513008118,125.71245575,151.048492432,809.452575684,408.79888916,281.169708252,949.659545898,159.921432495,69.8494644165,61.8898544312,333.371948242,82.4494247437,505.495117188
2025-04-22,198.518966675,362.563812256,98.6412200928,173.179992676,150.759567261,497.869384766,230.059265137,37.0940856934,103.327560425,129.068450928,151.847427368,818.872741699,410.57699585,287.519134521,970.937805176,161.976531982,70.9341125488,63.765296936,340.60824585,84.5008468628,518.646972656
2025-04-23,203.349227905,370.04598999,102.451622009,180.600006104,154.621414185,517.763122559,235.225067139,37.5103263855,102.440261841,128.485610962,149.566131592,820.733032227,411.326721191,292.061431885,967.576538086,159.902130127,70.3581848145,64.3681182861,342.520690918,85.6786956787,526.68371582
2025-04-24,207.096191406,382.806152344,106.162254333,186.539993286,158.532958984,530.581054688,238.89680481,38.3137817383,103.642402649,130.732330322,149.132949829,850.725646973,407.760894775,303.012420654,967.219543457,153.920150757,69.6094970703,63.4878082275,345.615112305,88.348487854,537.769775391
2025-04-25,208.000640869,387.303436279,110.730751038,188.990005493,161.200408936,544.632995605,237.832382202,38.4202575684,103.585174561,130.412704468,148.796051025,875.275695801,402.368988037,302.607543945,968.885314941,155.357757568,69.0239944458,63.2390174866,343.635406494,88.6135025024,541.655334473
2025-04-28,208.855377197,386.621398926,108.456481934,187.699996948,159.856719971,547.091125488,237.510147095,38.5073738098,103.642402649,131.700576782,149.537231445,868.101623535,403.676086426,303.209899902,970.253601074,156.158584595,68.9088058472,63.3347129822,343.001190186,88.4957275391,541.861938477
2025-04-29,209.918838501,389.468017578,108.745758057,187.38999939,159.408828735,551.768432617,238.877258301,38.7106590271,103.384803772,130.948516846,150.076293945,875.928833008,393.324645996,303.545623779,983.302246094,156.554153442,69.4463195801,64.3489837646,345.000061035,89.4870758057,545.275268555
2025-04-30,211.200942993,390.673858643,108.645996094,184.419998169,158.055221558,546.354614258,238.877258301,38.6041870117,100.780158997,127.902778625,150.461288452,889.534851074,395.448760986,305.392150879,986.078552246,156.853256226,69.6382904053,63.9949493408,346.431945801,89.2711334229,545.491699219
2025-05-01,212.015960693,420.464080811,111.329231262,190.199996948,160.543487549,569.452880859,241.093963623,38.8848991394,100.92326355,128.090805054,148.680526733,785.782958984,385.106964111,310.023345947,990.58001709,154.354324341,68.428855896,63.200756073,344.327392578,89.1337127686,549.35748291
2025-05-02,204.094665527,430.229492188,114.211975098,189.979995728,163.260665894,594.143249512,246.582046509,39.7561073303,101.333526611,130.196502686,150.278411865,814.993835449,384.376556396,319.621520996,1001.06420898,154.875320435,68.7744064331,64.1958847046,350.30480957,90.7827072144,557.512268066
2025-05-05,197.674163818,431.109191895,113.533676147,186.350006104,163.439849854,596.382446289,246.630859375,39.8045043945,98.5285110474,127.376350403,149.200332642,812.856445312,389.076416016,319.058624268,1007.60699463,153.244796753,68.8223953247,63.2485847473,347.623626709,90.4097213745,554.315307617
2025-05-06,197.296478271,428.282348633,113.254386902,185.009994507,162.464416504,584.479980469,243.39855957,39.5334701538,99.9023895264,127.470367432,148.690170288,767.00177002,379.176757812,316.866485596,1003.24847412,153.649993896,68.8415908813,63.6696052551,345.365264893,90.4686126709,549.682189941
2025-05-07,195.05027771,428.321899414,116.765525818,188.710006714,150.670013428,593.934265137,243.535293579,39.6205825806,99.8069839478,127.648971558,151.414276123,768.585021973,375.860900879,316.274017334,999.922485352,153.688583374,69.4943161011,64.4542388916,348.603851318,100.205497742,551.993774414
2025-05-08,196.282714844,433.085998535,117.074745178,192.080001831,153.556396484,595.128601074,247.519470215,40.269153595,101.199958801,128.824005127,149.835632324,743.579589844,370.565002441,320.184356689,1000.47851562,153.071105957,68.3136749268,65.3728179932,350.631530762,103.179573059,555.840026855
2025-05-09,197.316329956,433.639404297,116.356559753,193.059997559,152.033599854,589.635131836,247.138656616,40.4530715942,102.383010864,130.187103271,148.449539185,726.876464844,365.84588623,321.53717041,1000.85577393,152.115921021,67.6897659302,67.2769851685,348.565368652,103.984443665,555.131774902
2025-05-12,209.776123047,444.047271729,122.690582275,208.63999939,157.716796875,636.348937988,253.944992065,41.9728469849,104.148078918,133.129425049,148.372497559,747.656494141,364.029327393,338.254882812,1008.85797119,155.241973877,66.7394943237,66.6837234497,361.904083252,108.450439453,573.477478027
2025-05-13,211.905838013,443.928710938,129.603149414,211.369995117,158.781784058,652.86895752,256.835571289,42.8634147644,104.434295654,133.815673828,142.885787964,738.246154785,299.277740479,348.119659424,991.860839844,153.148284912,66.1923675537,68.9993438721,359.030700684,109.324012756,577.264709473
2025-05-14,211.308731079,447.68460083,134.999526978,210.25,164.594390869,656.182922363,259.403808594,43.3087005615,103.499305725,133.176452637,140.883621216,708.065551758,296.038787842,345.275787354,984.424499512,152.463256836,66.3843460083,69.075881958,358.271575928,110.855224609,578.002441406
2025-05-15,210.432952881,448.694610596,134.490814209,205.169998169,163.19102478,640.777526855,261.210357666,42.9602203369,104.548828125,133.731079102,144.012023926,725.609802246,263.686981201,345.423858643,1003.21868896,156.698883057,68.7360229492,71.3340835571,363.864562988,110.148513794,580.825561523
2025-05-16,210.243865967,449.823455811,135.059387207,205.589996338,165.41053772,637.254516602,261.278686523,43.2602996826,104.173316956,133.580673218,145.667663574,750.993713379,280.56451416,349.146575928,1018.46838379,157.538269043,69.1103591919,71.7646636963,365.930725098,111.32636261,584.504516602
2025-05-19,207.775787354,454.378417969,135.228973389,206.160003662,165.758895874,637.344116211,258.661621094,43.3377380371,102.517173767,131.772827148,146.784240723,748.732849121,303.612487793,348.149230957,1026.91723633,158.975891113,69.0431747437,70.6738510132,364.585296631,110.58039093,585.143859863
2025-05-20,205.865036011,453.685272217,134.041946411,204.070007324,163.210906982,634.030151367,259.442840576,43.2602996826,101.053596497,130.611999512,147.910461426,740.70135498,309.081329346,345.107879639,1029.37963867,159.815292358,68.8128051758,71.2001190186,362.346160889,110.285926819,583.176513672
2025-05-21,201.117980957,448.140075684,131.468460083,201.119995117,167.769439697,632.437805176,254.911773682,41.8663673401,99.8114929199,128.984924316,147.448425293,718.827636719,291.204223633,338.215393066,1017.94226074,159.612670898,68.9663848877,68.4539260864,356.378326416,108.42099762,573.349609375
2025-05-22,200.39151001,450.407684326,132.495864868,203.100006104,170.068618774,633.502624512,254.550476074,41.9244499207,99.1471099854,128.728012085,146.899765015,709.159973145,285.139465332,340.861785889,1010.82373047,159.226745605,68.2848815918,64.0523529053,351.852050781,109.07862854,573.575866699
2025-05-23,194.330795288,445.773498535,130.959716797,200.990005493,167.679855347,624.038391113,254.589508057,41.8179702759,99.2048797607,129.917388916,147.217422485,707.682556152,284.082244873,339.084381104,1001.26281738,160.027557373,68.8895950317,64.8369979858,348.565368652,107.694664001,569.660705566
2025-05-27,199.247024536,456.18057251,135.159118652,206.020004272,172.089065552,639.224853516,259.062011719,42.8053398132,99.6766815186,131.144821167,148.780441284,719.095336914,283.534393311,347.10256958,1010.48620605,161.860748291,68.8991928101,65.1049041748,355.955474854,110.285926819,581.504333496
2025-05-28,199.455993652,452.883178711,134.470870972,204.720001221,171.551620483,640.478881836,257.304260254,42.6504592896,98.3190460205,129.422622681,147.984359741,713.31463623,286.523498535,345.107879639,1005.86956787,161.474822998,68.2944793701,64.3107147217,353.706695557,109.461433411,578.140136719
2025-05-29,198.988265991,454.1902771,138.839859009,205.699996948,171.053939819,641.941772461,258.163635254,42.8246994019,98.8775100708,131.220962524,149.100830078,716.467773438,286.581207275,347.37902832,1001.50115967,162.632598877,68.6208267212,66.013923645,353.927764893,109.952201843,580.422302246
2025-05-30,199.88394165,455.853820801,134.79006958,205.009994507,170.934524536,644.370056152,257.802276611,42.7182121277,98.501991272,130.069641113,150.683273315,731.440185547,290.175811768,343.666229248,1032.71557617,163.915847778,69.2063522339,67.5927505493,353.927764893,110.95337677,579.773010254
2025-06-02,200.72984314,457.4480896,137.034408569,206.649993896,168.237228394,667.667236328,258.446807861,42.6698188782,99.2241363525,131.154342651,150.867736816,740.810302734,292.876586914,340.348297119,1049.26586914,161.8800354,69.1103591919,67.6670227051,353.610656738,110.865036011,583.038879395
2025-06-03,202.292312622,458.438293457,140.864730835,205.710006714,165.400604248,663.63671875,260.018981934,43.2215843201,99.9463043213,132.781417847,149.91633606,744.43951416,289.512634277,345.019012451,1048.01477051,160.98274231,68.3040847778,68.4387054443,358.530975342,111.50302887,586.363769531
2025-06-04,201.844451904,459.329467773,141.562988281,207.229995728,167.26184082,684.635131836,258.017120361,42.9408607483,98.501991272,130.707138062,148.751312256,759.372375488,288.705291748,344.949890137,1044.14294434,160.114379883,68.5056533813,67.406578064,357.877532959,111.395057678,586.206359863
2025-06-05,199.665008545,463.102142334,139.637832642,207.910003662,167.421081543,681.321105957,255.800430298,42.9602203369,98.0494384766,130.259933472,149.178497314,759.213623047,284.34173584,344.584503174,1003.55627441,157.075180054,68.0641098022,68.9692306519,357.084625244,110.452789307,583.373291016
2025-06-06,202.939193726,465.775726318,141.363479614,213.570007324,172.86541748,694.348083496,259.491699219,43.7878761292,100.398841858,133.409393311,150.508529663,763.378234863,291.434906006,348.919464111,1007.65667725,158.25227356,68.4864501953,69.6058807373,355.198974609,111.797492981,589.363952637
2025-06-09,200.481063843,468.122558594,142.271209717,216.979995728,175.476303101,690.715576172,260.477966309,43.6904983521,101.072853088,133.93270874,150.702697754,767.17590332,291.40612793,353.580291748,998.959411621,156.843612671,68.8895950317,69.3550872803,353.139343262,113.525016785,589.895141602
2025-06-10,201.69519043,466.31048584,143.597854614,217.61000061,177.977523804,699.01550293,262.294311523,43.9047203064,103.239334106,136.397094727,151.887115479,800.37310791,291.982757568,354.074005127,1000.04168701,157.113769531,69.4463195801,70.2328720093,355.759857178,116.538352966,593.239685059
2025-06-11,197.823913574,467.993804932,142.48059082,213.199996948,176.731903076,690.795227051,261.854888916,43.5541801453,105.251731873,137.757736206,150.731826782,801.78112793,298.489624023,358.586730957,989.626953125,156.409423828,69.1775512695,70.4161453247,348.555847168,117.31375885,591.547729492
2025-06-12,198.241882324,474.182647705,144.645294189,213.240005493,175.087646484,690.019042969,261.942749023,43.4470710754,105.656135559,137.938522339,152.091003418,805.172302246,306.121032715,356.434051514,995.514404297,157.44178772,69.3407287598,71.2264175415,351.166717529,116.420547485,593.898742676
2025-06-13,195.505096436,470.310913086,141.622695923,212.100006104,174.061233521,679.579589844,258.730010986,42.9310035706,107.95740509,138.832931519,152.518173218,812.440429688,301.344177246,352.5730896,983.104125977,154.643783569,68.6543807983,72.133140564,342.947418213,115.762924194,587.258850098
2025-06-16,197.465621948,474.450012207,144.336044312,216.100006104,176.153930664,699.274475098,264.012969971,43.2425918579,108.304039001,138.947113037,150.692993164,800.759887695,297.801483154,357.895507812,977.296081543,155.222702026,68.1710357666,71.1685333252,341.883728027,117.274497986,592.846191406
2025-06-17,194.699005127,473.360778809,143.767440796,214.820007324,175.336776733,694.40423584,263.192687988,43.067325592,109.767601013,141.630325317,147.935821533,784.557739258,298.972717285,353.19519043,970.703674316,152.94569397,67.3010101318,69.3164978027,337.261627197,115.949417114,587.780273438
2025-06-18,195.634475708,475.539245605,145.124099731,212.520004272,172.7159729,692.950134277,267.528442383,43.8755073547,108.987678528,141.002319336,146.333953857,778.40032959,297.356231689,355.288604736,967.903869629,152.463256836,66.9046707153,69.0367584229,335.569396973,115.684402466,587.691711426
2025-06-20,200.033233643,472.727020264,143.49810791,209.690002441,166.05921936,679.584533691,268.544036865,44.3039398193,110.441619873,142.29637146,145.421340942,756.288574219,292.332519531,355.999542236,973.255310059,153.485992432,66.5469894409,68.9981765747,338.073822021,115.458648682,586.311523438
2025-06-23,200.530822754,481.242858887,143.817321777,208.470001221,164.61428833,695.699035645,271.73727417,45.0829124451,107.591514587,139.736831665,146.90675354,764.131835938,291.045135498,361.637969971,997.27166748,155.367401123,67.4170074463,68.2264938354,345.171478271,115.576431274,592.102722168
2025-06-24,199.336578369,485.312591553,147.53817749,212.770004272,166.188766479,709.313659668,274.657104492,45.4334526062,104.317741394,136.587402344,147.751358032,771.509033203,295.826812744,368.342834473,994.730041504,154.720962524,67.8713607788,68.8727798462,348.517242432,116.956451416,598.643859863
2025-06-25,200.590515137,487.451507568,153.932495117,211.990005493,170.085144043,705.807922363,277.391357422,45.6184539795,104.346633911,136.282913208,147.838745117,785.608825684,292.342193604,366.920898438,979.460327148,153.379852295,67.3106842041,67.8502960205,349.909637451,117.715461731,598.979248047
2025-06-26,200.033233643,492.580780029,154.640762329,217.119995117,172.935165405,723.147277832,281.971252441,46.2124214172,105.906486511,137.43421936,147.57661438,788.405029297,292.92300415,377.09173584,975.856506348,153.051818848,67.1560134888,68.4772949219,351.495483398,119.726341248,603.665588379
2025-06-27,200.112838745,491.085571289,157.364074707,223.300003052,177.907775879,730.656799316,280.369750977,45.8813552856,105.319137573,136.815734863,147.964950562,768.901184082,299.204986572,379.886260986,978.07043457,154.238540649,67.9873657227,68.380821228,356.562408447,120.593780518,606.664794922
2025-06-30,204.183151245,492.54119873,157.603515625,219.38999939,175.615814209,735.098693848,283.104003906,46.0760955811,103.797798157,136.244873047,148.295013428,772.946716309,301.973358154,383.342376709,982.835998535,153.717544556,68.3933792114,66.9628601074,354.531829834,122.239944458,609.565368652
2025-07-01,206.820419312,487.233612061,152.924957275,220.460006714,175.227157593,716.305053711,283.592315674,46.8842811584,105.184318542,138.509429932,151.372558594,769.347351074,315.689331055,386.018432617,978.884521484,155.550720215,69.2827224731,70.4740142822,360.836486816,121.727363586,609.368164062
2025-07-02,211.418197632,486.28302002,156.865310669,219.919998169,178.017425537,710.678100586,285.144958496,47.4295578003,106.927139282,140.802505493,151.023071289,772.698852539,297.704650879,393.434234619,975.310424805,155.531433105,68.5480499268,70.4354400635,359.569732666,121.224647522,612.130554199
2025-07-03,212.522857666,493.957183838,158.950195312,223.410003662,178.904312134,716.095947266,290.443572998,47.6437721252,108.034423828,141.173599243,151.459960938,774.077026367,298.662902832,392.871368408,979.937011719,155.174438477,68.9733963013,71.2649917603,359.405334473,122.230079651,616.954956055
2025-07-07,208.940155029,492.848144531,157.852905273,223.470001221,176.173858643,715.438659668,286.489257812,47.3808708191,106.984901428,140.250656128,150.741531372,766.343017578,293.978057861,386.601013184,985.059997559,154.856033325,68.6447143555,72.1042098999,355.498779297,121.402076721,612.357421875
2025-07-08,208.99987793,491.758880615,159.608581543,219.36000061,173.752334595,717.749206543,277.47177124,45.9105682373,109.950546265,145.807403564,151.246337891,771.092468262,297.840179443,389.346160889,978.76550293,152.337814331,67.9003601074,69.8952636719,355.363342285,120.081207275,612.021972656
2025-07-09,210.124435425,498.581481934,162.481536865,222.539993286,176.004455566,729.810241699,277.844665527,45.6087150574,109.575050354,145.598068237,151.722076416,780.274353027,293.203704834,397.137237549,975.042419434,151.98085022,67.1656799316,71.0431365967,358.786499023,118.888473511,615.692138672
2025-07-10,211.38835144,496.57131958,163.698547363,222.259994507,177.000961304,724.292602539,282.780212402,45.7353019714,110.663078308,146.692306519,153.0909729,783.972839355,289.912658691,403.210083008,963.207885742,152.916732788,67.4460144043,71.9981002808,360.971862793,119.824913025,617.428527832
2025-07-11,210.144348145,498.393310547,164.516540527,225.020004272,179.56199646,714.602050781,281.475128174,45.5016059875,111.144523621,147.777008057,152.323989868,786.312866211,294.35559082,400.830352783,963.366699219,151.527374268,67.5426940918,71.7665939331,357.848510742,118.159034729,615.257995605
2025-07-14,207.616577148,498.096252441,163.668640137,225.690002441,180.927230835,717.99822998,283.280639648,45.8326683044,109.690574646,144.294509888,152.246337891,792.589416504,290.94833374,400.682189941,973.870727539,148.353057861,67.1560134888,72.3839416504,357.887176514,118.257606506,616.432067871
2025-07-15,208.104217529,500.868835449,170.282424927,226.350006104,181.365692139,707.510986328,281.17098999,44.9368515015,108.718078613,143.381103516,150.644454956,765.232421875,282.362548828,399.566375732,960.735778809,147.311035156,67.0496749878,72.0559692383,346.795959473,117.281738281,613.797973633
2025-07-16,209.149169922,500.670806885,170.950759888,223.190002441,182.332321167,700.061157227,280.454711914,44.8200035095,108.063323975,142.648422241,159.974151611,783.130004883,283.117614746,407.703063965,944.54284668,148.324111938,66.9626617432,72.1234817505,345.596954346,118.10974884,615.849975586
2025-07-17,209.009841919,506.69128418,172.576766968,223.880004883,182.940200806,698.567321777,284.458099365,45.7839851379,107.514480591,144.037597656,158.226654053,755.069030762,278.839233398,412.82800293,947.064575195,150.147644043,68.2387008667,72.5189819336,347.182800293,120.465629578,619.618713379
2025-07-18,210.164245605,505.057434082,171.988235474,226.130004883,184.415023804,701.425720215,285.802368164,46.0760955811,103.76889801,142.76260376,158.925674438,765.192810059,273.59286499,408.522644043,944.125915527,150.669311523,67.5233535767,73.2617263794,347.530883789,119.686912537,619.165039062
2025-07-21,211.458007812,505.067321777,170.960739136,229.300003052,189.437469482,710.080505371,285.507995605,46.2318916321,104.038505554,142.420059204,159.566436768,755.743225098,273.099273682,406.411682129,940.760131836,150.601303101,67.7360229492,73.4739379883,352.01763916,119.115188599,620.338989258
2025-07-22,213.368774414,500.324249268,166.621383667,227.470001221,190.673126221,701.953491211,285.959381104,46.5142669678,104.510314941,142.76260376,163.032302856,769.8828125,275.993408203,413.468139648,934.852783203,153.797332764,67.3396835327,74.7954483032,358.757476807,119.332046509,620.427734375
2025-07-23,213.1199646,500.918334961,170.362213135,228.289993286,189.567016602,710.687927246,291.189361572,46.8745384216,105.848709106,145.693222046,164.168182373,792.143249512,283.136962891,423.77532959,934.435913086,153.758468628,66.8563461304,70.242515564,363.921112061,121.185218811,625.705993652
2025-07-24,212.7318573,505.879302979,173.314987183,232.229995728,191.500259399,711.903015137,290.98324585,47.1179656982,106.676780701,148.271774292,164.614776611,798.627929688,269.653320312,425.688140869,927.098876953,154.273330688,66.7983398438,69.4226074219,360.768737793,120.209342957,625.913208008
2025-07-25,212.851272583,508.681640625,173.075576782,231.440002441,192.506729126,709.791564941,293.014404297,47.1763916016,106.301261902,147.329788208,163.391525269,805.826660156,272.053833008,429.880401611,928.766784668,153.777908325,66.8660049438,69.3068389893,362.944488525,119.736198425,628.557250977
2025-07-28,213.020446777,507.483459473,176.317626953,232.789993286,191.908828735,714.721618652,292.680786133,46.9621772766,107.302658081,148.699951172,161.372177124,801.28527832,273.079833984,429.077636719,927.287414551,152.621887207,65.821975708,68.8149032593,364.772064209,118.651901245,628.399353027
2025-07-29,210.253814697,507.552764893,175.080627441,231.009994507,195.067779541,697.163024902,291.464111328,46.6895370483,108.689178467,149.413589478,163.207046509,756.506713867,252.704376221,426.213378906,927.863342285,152.136169434,67.0690078735,69.4033050537,364.878387451,118.19846344,626.741943359
2025-07-30,208.044494629,508.216186523,178.831451416,230.190002441,195.845062256,692.392456055,294.005462646,46.6992759705,107.745574951,146.111877441,162.381835938,753.660949707,257.515106201,430.24710083,920.854003906,148.51272583,66.4599990845,68.4772949219,359.792114258,117.833747864,625.952697754
2025-07-31,206.571624756,528.277832031,177.434860229,234.11000061,191.231170654,770.305358887,290.679077148,46.0274162292,107.495223999,144.284988403,159.935348511,733.820007324,241.563217163,434.112304688,932.897033691,146.171569824,65.6286392212,68.5448226929,355.373046875,117.409881592,623.604675293
2025-08-01,201.406585693,518.979797363,173.295028687,214.75,188.470870972,746.970397949,283.938049316,44.4597358704,105.569480896,144.056640625,162.449798584,755.891967773,230.151000977,424.865570068,946.994750977,146.346420288,66.5663299561,67.9081726074,361.319976807,114.925849915,613.383422852
2025-08-04,202.371932983,530.397033691,179.559677124,211.649993896,194.360229492,773.223571777,288.73626709,44.6447372437,103.383758545,143.714096069,166.051605225,762.505615234,233.258117676,429.830841064,949.828186035,146.453262329,66.6630020142,68.0335693359,368.243499756,117.646453857,622.706726074
2025-08-05,201.943984985,522.584228516,177.823898315,213.75,193.991546631,760.365844727,285.900512695,44.3623657227,103.258575439,145.617080688,165.760360718,759.481384277,242.957061768,430.356140137,938.15625,146.210418701,66.75,68.6605682373,372.681945801,116.631164551,619.549621582
2025-08-06,212.224304199,519.801696777,178.981079102,222.309997559,195.406585693,768.861206055,285.880889893,44.2260398865,102.555686951,145.3697052,165.614715576,740.066772461,237.904342651,423.904174805,962.941650391,148.493301392,67.1946792603,68.0432128906,374.026031494,113.526115417,624.295227051
2025-08-07,218.971679688,515.741882324,180.327774048,223.130004883,195.835098267,758.742431641,281.55368042,43.7391815186,102.016479492,145.731277466,166.527297974,635.447814941,236.82989502,413.398742676,971.780029297,149.105316162,68.0840377808,70.0110092163,373.416809082,111.268806458,623.772338867
2025-08-08,228.246871948,516.930053711,182.253051758,222.690002441,200.718017578,766.182189941,283.339477539,44.8005332947,102.834922791,147.491531372,168.274810791,620.366271973,242.850585938,412.804077148,975.289672852,149.124725342,67.9970321655,69.8470306396,375.041351318,110.825233459,628.636169434
2025-08-11,226.343902588,516.662780762,181.614624023,221.300003052,200.299484253,762.766113281,284.124481201,44.9465942383,101.900932312,146.007202148,168.750549316,629.855407715,244.283157349,404.895294189,983.004516602,150.552749634,68.3933792114,69.8856124878,374.731903076,110.943519592,627.393005371
2025-08-12,228.804794312,524.059570312,182.711929321,221.470001221,202.631317139,786.798278809,287.352722168,46.2513694763,102.189781189,146.949188232,167.740875244,634.029846191,253.18838501,409.028106689,985.5,150.659591675,68.3547058105,69.3164978027,382.922180176,112.096824646,634.07220459
2025-08-13,232.471252441,515.484436035,181.145767212,224.559997559,201.256149292,776.918518066,285.076324463,45.9982032776,103.60521698,148.309814453,169.333007812,654.91204834,263.100250244,410.009307861,973.171936035,150.970458984,68.1130371094,69.7409210205,393.732940674,114.975143433,636.242858887
2025-08-14,231.923278809,517.365783691,181.57472229,230.979995728,202.232727051,778.960144043,288.638122559,46.4558448792,103.393386841,147.634277344,169.624267578,678.649841309,262.790496826,413.775360107,969.732055664,149.34815979,67.2333450317,69.6830444336,387.099487305,114.649841309,636.302062988
2025-08-15,230.737640381,515.078369141,180.008560181,231.029998779,203.189361572,782.047607422,285.037017822,45.7060813904,103.490570068,148.956863403,171.48828125,696.835144043,294.268432617,404.152008057,966.401489258,149.950439453,67.5910186768,72.7408447266,386.190551758,113.742980957,634.812194824
2025-08-18,230.040222168,512.038391113,181.564727783,231.490005493,202.790771484,764.260009766,286.057495117,46.6603279114,103.714096069,147.786514282,171.109649658,693.675048828,298.604858398,408.958709717,973.669006348,151.271606445,66.8273391724,73.0398712158,381.665100098,114.886428833,634.674194336
2025-08-19,229.71144104,504.780181885,175.210327148,228.009994507,200.867477417,748.434448242,285.203857422,46.8161201477,104.394371033,146.237548828,172.614456177,698.80279541,294.49105835,412.377960205,975.160339355,153.875015259,67.7940216064,73.8019104004,393.752319336,114.610412598,631.230957031
2025-08-20,225.178192139,500.769836426,174.970916748,223.809997559,198.625320435,744.689575195,286.754180908,47.0790176392,105.473106384,147.4112854,173.62411499,701.018798828,290.232055664,416.837799072,988.80078125,154.953323364,68.3450393677,73.483581543,388.472625732,115.369430542,629.553710938
2025-08-21,224.072265625,500.12512207,174.5519104,221.949996948,199.053848267,736.104492188,285.998657227,46.9913825989,106.153396606,149.65296936,173.711486816,705.371337891,293.629577637,414.161895752,964.055175781,154.195602417,68.3063735962,73.3871307373,384.566040039,114.551269531,627.028076172
2025-08-22,226.92175293,503.090759277,177.554580688,228.839996338,205.371734619,751.730957031,290.679077148,48.1793136597,108.145645142,152.183242798,174.06098938,707.219665527,297.56918335,431.783233643,952.979736328,154.137313843,67.7940216064,73.6186294556,399.157684326,117.163452148,636.657226562
2025-08-25,226.323974609,500.144989014,179.370117188,227.940002441,207.763381958,750.246948242,289.364257812,48.1793136597,108.592681885,152.202484131,173.20664978,690.972167969,295.091217041,428.443328857,936.118225098,151.689315796,66.6340026855,72.6540298462,395.396148682,116.02986145,633.855224609
2025-08-26,228.466049194,497.943084717,181.325332642,228.710006714,206.418075562,751.043762207,292.965362549,48.9290771484,108.349723816,151.394363403,172.600341797,731.417053223,290.803131104,427.412597656,935.879577637,151.514450073,66.4406661987,72.1910095215,394.081054688,115.970726013,636.509155273
2025-08-27,229.641708374,502.604736328,181.155761719,229.119995117,206.756896973,744.351074219,293.662017822,49.0556564331,109.574249268,153.203079224,172.893692017,729.568725586,294.142608643,428.810028076,944.012145996,152.476196289,66.537322998,71.2746429443,394.757965088,116.404434204,637.959472656
2025-08-28,231.704101562,505.481079102,179.729232788,231.600006104,210.902389526,748.065917969,295.418426514,49.1627693176,110.157348633,153.280044556,171.583251953,727.372619629,292.603515625,431.030059814,939.47857666,151.203598022,66.0829849243,70.0760803223,393.99407959,115.960868835,640.21875
2025-08-29,231.285629272,502.555145264,173.753875732,229,212.167984009,735.706237793,295.76184082,49.4062004089,111.070861816,154.511505127,173.265335083,727.988647461,299.940643311,415.301635742,937.848022461,152.553894043,66.6919937134,70.0372085571,393.336486816,116.690299988,636.400634766
2025-09-02,228.874557495,500.997924805,170.362213135,225.339996338,210.613418579,732.130737305,294.074157715,49.0946044922,111.459602356,155.694885254,174.135726929,730.582275391,298.904937744,412.338287354,933.374206543,153.476760864,66.7596664429,70.6204452515,392.891693115,116.581871033,631.684753418
2025-09-03,237.592346191,501.226043701,170.202606201,225.990005493,229.856109619,734.062866211,293.887756348,48.7440719604,108.757904053,152.0677948,174.077041626,733.205810547,298.014465332,411.416595459,944.270629883,153.651611328,66.6919937134,69.6289367676,394.245452881,115.704574585,635.108215332
2025-09-04,238.897521973,503.824707031,171.24005127,235.679992676,231.490402222,745.615905762,298.116821289,49.289352417,109.234100342,151.711837769,174.820281982,738.25390625,300.434356689,416.471099854,950.355102539,154.642486572,65.9766540527,68.8901748657,400.352508545,117.11415863,640.41619873
2025-09-05,238.807830811,490.960540771,166.611419678,232.330001831,234.180984497,749.40045166,288.854034424,48.7312469482,106.153396606,147.834609985,174.497558594,722.65234375,305.283782959,419.305541992,957.891113281,155.448760986,65.6963119507,68.9193267822,407.412628174,116.227012634,638.561340332
2025-09-08,237.004501343,494.134460449,167.898269653,235.839996338,233.432907104,749.250976562,287.411621094,48.4277153015,106.75592041,148.161727905,174.204193115,734.010681152,309.988067627,419.008300781,966.212524414,154.467605591,65.1839675903,67.820892334,408.375335693,117.143737793,640.129943848
2025-09-09,233.487503052,494.342712402,170.342269897,238.240005493,239.008407593,762.596740723,292.258880615,49.240398407,107.53339386,148.979522705,173.059951782,745.905700684,336.77142334,414.360107422,973.569702148,154.904769897,65.599647522,68.1125183105,403.902008057,115.694725037,641.609863281
2025-09-10,225.955322266,496.286712646,176.896179199,230.330001831,238.549621582,748.932312012,294.898406982,49.0837364197,109.331291199,151.808029175,171.915740967,749.890563965,335.667938232,419.137115479,950.742797852,152.855026245,65.5609741211,69.0554199219,401.850097656,114.137268066,643.464660645
2025-09-11,229.183395386,496.921508789,176.746551514,229.949996948,239.746505737,747.856811523,299.824127197,49.6907958984,108.981430054,152.250610352,174.56602478,751.540100098,342.279083252,427.531524658,958.726257324,154.098480225,65.3676376343,69.3275985718,411.759490967,115.408859253,648.811950684
2025-09-12,233.208557129,505.738952637,177.394989014,228.149993896,240.175384521,752.527770996,301.148803711,49.5243453979,109.000862122,151.153839111,174.135726929,750.655761719,341.214324951,427.670288086,962.285583496,153.389328003,64.7779541016,69.6386566162,411.049591064,114.304847717,648.594970703
2025-09-15,235.828842163,511.154388428,177.325180054,231.429992676,250.957351685,761.600769043,303.10144043,49.5341377258,109.185508728,151.346237183,173.490264893,743.500854492,338.866851807,432.050872803,954.530700684,152.349884033,64.4954605103,69.502571106,411.069030762,113.969703674,652.047912598
2025-09-16,237.273513794,504.885955811,174.462036133,234.050003052,250.508514404,775.842834473,303.386016846,49.6026725769,111.449882507,153.491699219,172.570999146,759.917358398,330.967193604,436.738647461,946.547302246,153.535064697,64.5246887207,67.8792190552,409.84375,113.585273743,651.15020752
2025-09-17,238.110443115,505.857971191,169.882980347,231.619995117,248.882736206,772.57611084,305.897918701,50.3272285461,112.042709351,154.020858765,173.294677734,755.366088867,332.749694824,446.639526367,957.443725586,155.749908447,65.3039703369,68.3458099365,405.516235352,114.442840576,650.341247559
2025-09-18,237.004501343,504.30078125,175.818786621,231.229995728,251.376251221,777.08782959,307.350189209,51.0419960022,110.721008301,152.818222046,170.321670532,758.1484375,326.13583374,462.794128418,946.835571289,152.825912476,64.7389831543,68.8124008179,405.983093262,113.220542908,653.379943848
2025-09-19,244.596466064,513.703430176,176.247741699,231.479995728,254.059280396,775.225402832,308.871063232,51.159488678,109.64226532,150.287948608,172.306945801,747.276977539,327.957305908,462.37789917,945.642578125,151.582443237,64.7097625732,69.0943069458,404.242340088,112.136245728,656.616027832
2025-09-22,255.137512207,510.251831055,183.171157837,227.630004883,251.874954224,762.573303223,306.574981689,50.8363723755,108.8647995,150.134002686,170.370559692,750.218444824,332.447753906,467.888275146,937.788452148,148.697296143,64.4954605103,70.3288116455,400.653961182,110.953369141,659.72253418
2025-09-23,253.493591309,505.074432373,178.003540039,220.710006714,251.007217407,752.846374512,306.869354248,50.620967865,110.740440369,151.452056885,172.688339233,742.298339844,338.672027588,467.055755615,938.126403809,148.143569946,64.9825134277,70.299659729,399.594024658,110.64780426,656.131225586
2025-09-24,251.381408691,505.986907959,176.547027588,220.210006714,246.498947144,758.088500977,307.536621094,50.620967865,111.333259583,153.145339966,172.795913696,737.200561523,342.685180664,465.598876953,939.786804199,148.065856934,64.7292404175,71.7674789429,398.48538208,111.810958862,654.043701172
2025-09-25,255.924606323,502.892364502,177.265304565,218.149993896,245.152450562,746.378234863,307.566040039,50.7678337097,112.334251404,154.626968384,173.81300354,710.111450195,336.597259521,459.583007812,937.838134766,147.803573608,64.2714233398,72.5645751953,396.229309082,111.377235413,651.026306152
2025-09-26,254.519805908,507.286193848,177.76411438,219.779998779,245.900482178,741.235656738,310.127044678,51.1203193665,113.918334961,154.08821106,175.749343872,719.999023438,335.155639648,461.604827881,910.63684082,148.143569946,63.9694404602,73.731048584,398.796600342,111.850387573,654.756103516
2025-09-29,253.493591309,510.40057373,181.415359497,222.169998169,243.41696167,740.886901855,309.764007568,51.3259391785,111.002845764,150.182113647,177.617263794,721.956787109,336.227111816,467.402648926,911.551513672,149.144165039,64.3298568726,74.0809936523,395.597198486,113.141685486,656.596252441
2025-09-30,253.692871094,513.723266602,186.134063721,219.570007324,242.469436646,731.897338867,309.508850098,50.5132637024,109.574249268,149.402801514,181.333511353,758.218078613,336.343994141,472.893218994,920.260681152,149.260726929,64.6026153564,73.3810958862,394.031494141,112.865684509,659.069519043
2025-10-01,254.509841919,515.46887207,186.792480469,220.630004883,244.26473999,714.914978027,304.877471924,49.622253418,108.835647583,148.719741821,181.949630737,820.246765137,339.266204834,476.530487061,912.018798828,148.804138184,65.0507049561,76.4722671509,386.086517334,111.337806702,661.315307617
2025-10-02,256.183654785,511.531311035,188.438552856,222.410003662,245.052703857,724.592163086,301.776763916,49.4264259338,108.15536499,147.555603027,181.881164551,814.711669922,344.545623779,486.193511963,911.452087402,147.706436157,64.3883056641,75.9959564209,384.131896973,110.539367676,662.076965332
2025-10-03,257.070373535,513.128112793,187.171569824,219.509994507,244.713592529,708.157836914,304.210205078,49.5830879211,110.069885254,147.728790283,184.482559204,834.606262207,350.857543945,493.408538818,910.070129395,147.920166016,64.9240722656,77.823425293,384.180480957,110.86466217,662.067199707
2025-10-06,255.745300293,524.256591797,185.096542358,220.899993896,249.780380249,713.240661621,304.851104736,49.338306427,110.983398438,148.180953979,184.013122559,839.75378418,349.464630127,490.960540771,905.655883789,146.113296509,64.3883056641,79.8161773682,378.60824585,111.140663147,664.441589355
2025-10-07,255.536056519,519.704040527,184.597747803,221.779998779,245.122512817,710.669433594,303.382019043,49.240398407,111.041717529,149.037216187,184.727035522,838.342651367,354.227813721,482.367919922,909.493530273,148.182434082,65.0604400635,80.8854370117,376.157684326,110.923805237,661.978149414
2025-10-08,257.110229492,520.566955566,188.658004761,225.220001221,243.985473633,715.413269043,299.773223877,48.799785614,110.80847168,147.911590576,185.509414673,840.419494629,360.325439453,497.640411377,909.493530273,146.385269165,64.4077911377,81.6922531128,373.220855713,110.292938232,665.925537109
2025-10-09,253.105010986,518.136962891,192.109741211,227.740005493,240.903488159,731.030273438,301.252197266,48.750831604,109.729743958,145.891189575,186.868759155,849.989196777,358.153289795,495.896148682,937.420593262,146.278427124,64.6513137817,81.3714675903,367.288818359,109.405776978,663.996398926
2025-10-10,244.36730957,506.790283203,182.722229004,216.369995117,235.956359863,702.915649414,296.677215576,47.6346282959,107.61113739,143.255081177,186.516708374,828.266174316,345.305389404,486.91696167,924.61529541,145.413864136,65.3039703369,81.0215301514,365.402252197,107.631477356,646.049987793
2025-10-13,246.748519897,509.855102539,187.869903564,220.070007324,243.516693115,713.280517578,303.658081055,47.8402404785,109.078605652,146.179840088,186.692733765,814.264587402,349.35748291,500.25692749,930.133056641,143.276702881,65.0701828003,81.944984436,368.922546387,108.696060181,655.963012695
2025-10-14,246.858108521,509.378967285,179.599716187,216.38999939,244.813308716,706.254394531,297.850524902,49.0445671082,109.127197266,146.612762451,186.643844604,807.258728027,350.594543457,522.764282227,941.019592285,144.899002075,65.7618026733,82.2754821777,377.042633057,109.583213806,655.161682129
2025-10-15,248.422317505,509.24017334,179.400192261,215.570007324,250.378845215,715.124206543,301.410003662,51.1888618469,108.46635437,146.34336853,186.956802368,821.389648438,351.782928467,529.285583496,949.450378418,143.208694458,65.3429336548,83.3933639526,377.606658936,110.115501404,658.070251465
2025-10-16,246.539276123,507.434967041,181.375442505,214.470001221,250.807739258,709.662780762,294.360076904,49.3872642517,107.523681641,145.958526611,187.885848999,814.244628906,347.419128418,536.134033203,920.250671387,145.326431274,65.8397216797,82.674041748,376.721740723,108.31162262,653.588684082
2025-10-17,251.361465454,509.388946533,182.782089233,213.039993286,252.642974854,714.496398926,293.393829346,50.2097320557,109.078605652,147.276596069,188.961593628,797.798400879,347.350921631,522.377807617,930.898620605,147.074996948,66.66771698,82.1685562134,381.107543945,109.09034729,657.29864502
2025-10-20,261.274841309,512.572753906,182.203460693,216.479995728,255.884536743,729.694824219,298.126586914,50.9538726807,109.525642395,148.623519897,189.450576782,803.890014648,355.026550293,527.953735352,930.67980957,147.619018555,66.66771698,82.4018630981,378.180419922,110.361938477,664.13482666
2025-10-21,261.802886963,513.43560791,180.727020264,222.029998779,249.810333252,730.791137695,292.930358887,50.4447250366,109.535369873,147.959671021,187.651138306,794.558776855,355.893463135,521.463317871,932.061767578,147.288711548,69.3757247925,81.6436462402,380.135040283,112.668540955,664.124938965
2025-10-22,257.498809814,516.292053223,179.849121094,217.949996948,251.037139893,730.930664062,289.992126465,50.0334854126,111.479042053,149.672210693,188.687789917,807.338134766,352.114074707,510.788574219,939.200195312,147.852157593,68.9763336182,80.5257720947,378.258178711,111.465950012,660.672180176
2025-10-23,258.624603271,516.311950684,181.724639893,221.089996338,252.423538208,731.518676758,290.416107178,50.6797103882,112.713272095,150.624679565,188.228149414,815.894165039,351.101074219,517.338562012,936.585449219,147.861862183,68.1288833618,80.9243164062,374.42666626,111.416664124,664.58996582
2025-10-24,261.852722168,519.337097168,185.814804077,224.210006714,259.245788574,735.863891602,296.23348999,51.4728088379,112.139884949,149.662582397,186.20375061,820.276611328,353.097900391,519.555053711,926.732910156,149.169754028,67.9048309326,82.0519180298,376.03125,110.0859375,670.021362305
2025-10-27,267.820678711,527.182556152,191.032333374,226.970001221,268.571502686,748.281799316,299.891540527,51.9134216309,112.6743927,149.393203735,186.105957031,821.230529785,356.487640381,523.868652344,924.456176758,148.436096191,68.245765686,83.626663208,374.660095215,110.73651123,677.926025391
2025-10-28,268.009979248,537.646362305,200.549514771,229.25,266.7762146,748.899719238,301.084594727,51.766544342,111.790023804,148.286804199,182.81022644,814.960144043,358.299377441,521.284423828,918.799194336,148.074142456,68.3431777954,81.2353820801,375.126861572,110.056365967,679.726623535
2025-10-29,268.707397461,537.130615234,206.545166016,230.300003052,273.857818604,749.12890625,301.232513428,51.4826011658,113.170013428,149.220046997,182.487518311,808.431335449,346.045715332,581.933776855,907.127319336,145.53074646,66.580039978,79.475944519,367.629211426,108.666488647,680.053161621
2025-10-30,270.401123047,521.469543457,202.405075073,222.86000061,280.74987793,664.216918945,305.107513428,51.9232063293,111.459602356,147.699920654,184.883499146,839.207275391,335.808288574,579.608093262,914.842346191,146.323120117,67.1937332153,79.3592987061,369.097625732,110.243652344,672.573913574
2025-10-31,269.374938965,513.584350586,202.006027222,244.220001221,280.460601807,646.158203125,306.763977051,52.3344421387,111.138893127,151.740707397,184.707473755,857.452209473,332.701019287,573.75378418,907.445007324,147.095916748,67.1157989502,79.1259994507,369.136535645,111.012527466,674.780029297
2025-11-03,268.059753418,512.81072998,206.385543823,254,282.984069824,635.554138184,305.018768311,52.442150116,110.555801392,148.200195312,182.154998779,890.911193848,325.132568359,567.124328613,923.962036133,144.797088623,66.2098846436,79.4953765869,367.930664062,110.51966095,676.046386719
2025-11-04,269.046173096,510.132781982,198.215118408,249.320007324,276.820098877,625.19934082,304.920166016,52.4225616455,110.925094604,147.574829102,182.741775513,901.176391602,322.249298096,544.254089355,936.606201172,143.965591431,66.8820266724,79.4079055786,372.53036499,109.878936768,668.032836914
2025-11-05,269.145812988,503.021331787,194.743453979,250.199996948,283.572540283,633.800170898,307.316101074,51.3553123474,110.478057861,146.872543335,181.900726318,920.007629395,319.239440918,565.693115234,930.921386719,142.615631104,66.7359008789,79.8453292847,363.54486084,109.770500183,670.347839355
2025-11-06,268.777130127,493.043395996,187.630477905,243.039993286,284.011383057,616.847595215,309.031799316,52.1777839661,111.274963379,147.141906738,182.849349976,931.564819336,313.21975708,566.319274902,919.52166748,142.948242188,67.2716522217,79.7092514038,358.906219482,108.912918091,663.155456543
2025-11-07,267.481933594,492.765686035,187.700302124,244.410003662,278.106719971,619.608276367,309.810668945,52.0896606445,113.918334961,149.143066406,182.458190918,918.576660156,315.800994873,559.679748535,918.685241699,143.779724121,68.7230834961,81.585319519,360.890014648,109.159355164,663.808349609
2025-11-10,268.698608398,501.870788574,198.574264526,248.399993896,289.347503662,629.624267578,312.453216553,52.305065155,114.890182495,149.749160767,184.257629395,960.581787109,313.239196777,567.382751465,911.536865234,142.331939697,68.6938400269,82.4018630981,360.228759766,110.637939453,674.166625977
2025-11-11,274.502807617,504.528900146,192.69833374,249.100006104,290.554321289,624.960083008,311.200958252,52.510684967,116.406234741,150.316802979,189.558166504,982.42401123,318.957000732,564.48046875,909.844360352,145.305755615,69.7556304932,83.3642044067,363.933868408,113.21068573,675.709960938
2025-11-12,272.727661133,506.968811035,193.33682251,244.199996948,285.966278076,606.951171875,315.923919678,52.9806671143,114.792991638,147.507507324,190.105834961,1011.40118408,330.265869141,569.539550781,909.983703613,144.78729248,69.6582107544,83.4905700684,360.909484863,114.98500061,676.0859375
2025-11-13,272.209075928,499.182891846,186.413375854,237.580001831,277.847442627,607.82824707,305.146942139,51.766544342,115.444122314,149.68182373,190.946868896,1016.45935059,323.895477295,550.187744141,921.015075684,144.738388062,69.2296142578,81.6436462402,357.933776855,106.074028015,664.867004395
2025-11-14,271.670501709,506.016662598,189.71546936,234.690002441,275.693023682,607.399719238,299.359100342,51.5119743347,116.944030762,151.644470215,191.611877441,1020.3505249,313.511962891,550.664916992,918.924255371,144.454696655,69.3172836304,81.5367202759,352.381011963,104.289863586,664.758117676
2025-11-17,266.733947754,503.348602295,186.154006958,232.869995117,284.280670166,599.974853516,296.164459229,50.4055595398,115.365692139,148.950622559,195.181427002,1016.78778076,312.206726074,548.696899414,908.579956055,142.644989014,68.8497161865,83.3544845581,348.170257568,104.181434631,658.564941406
2025-11-18,266.714019775,489.760437012,180.926528931,222.550003052,283.542602539,595.669372559,295.217895508,50.5622215271,116.68914032,149.446792603,195.592193604,1025.09753418,305.446716309,543.558288574,891.146911621,143.789505005,69.3757247925,82.2754821777,327.213745117,104.763008118,653.034606934
2025-11-19,267.830963135,483.144866943,186.074188232,222.690002441,292.050476074,588.324401855,299.023864746,50.9342880249,115.042182922,147.578948975,198.046859741,1044.55358887,301.073181152,549.750488281,886.686523438,143.789505005,69.2685775757,81.9158172607,325.288238525,103.175987244,655.557434082
2025-11-20,265.527252197,475.413909912,180.208251953,217.13999939,288.699188232,587.15838623,294.202331543,49.9355773926,114.718666077,146.22668457,198.594512939,1038.27404785,303.459655762,542.812866211,889.364746094,144.963378906,69.3659820557,81.944984436,323.226654053,101.234107971,645.565246582
2025-11-21,270.752990723,469.14364624,178.452468872,220.690002441,298.882720947,592.241088867,293.847351074,50.4838867188,114.777488708,145.905670166,199.406204224,1054.60498047,311.67098999,547.086791992,895.059631348,147.63394165,71.0609207153,81.6973876953,333.865356445,102.791557312,651.995849609
2025-11-24,275.17098999,471.01184082,182.113708496,226.279998779,317.753601074,610.977539062,293.827667236,50.8461685181,113.689323425,145.681915283,201.508850098,1065.01489258,310.774841309,556.201049805,882.226196289,143.779724121,70.7102432251,82.4313735962,327.310943604,100.484962463,661.592285156
2025-11-25,276.218170166,473.982940674,177.394989014,229.669998169,322.601013184,634.069152832,298.757629395,51.3846855164,112.258026123,144.495056152,203.398452759,1104.60339355,317.817352295,563.168518066,890.400146484,145.256835938,70.7297363281,83.0185623169,341.401947021,101.835395813,667.815185547
2025-11-26,276.796569824,482.439300537,179.829162598,229.160003662,319.12008667,631.468017578,303.332702637,51.8840408325,112.512916565,145.448440552,204.274368286,1099.03051758,321.158325195,570.245178223,904.268920898,145.022064209,70.9927368164,83.7134017944,345.680786133,101.953697205,672.425415039
2025-11-28,278.093048096,488.908294678,176.576950073,233.220001221,319.349487305,645.75958252,308.696533203,52.5302734375,113.640296936,147.02444458,203.644500732,1070.29919434,321.216766357,572.262939453,909.575561523,144.934036255,71.226524353,84.4473876953,347.09085083,102.978851318,676.095825195
2025-12-01,282.331512451,483.671478271,179.489974976,233.880004883,314.073242188,638.703430176,304.594787598,52.1288223267,114.336341858,148.396102905,202.089523315,1052.80371094,314.826965332,564.609680176,907.952697754,144.229721069,70.5790939331,82.8424072266,347.489501953,105.246017456,673.009094238
2025-12-02,285.413116455,486.910949707,181.026306152,234.419998169,314.990844727,644.912353516,303.569335938,52.0798683167,113.110923767,146.168334961,202.168243408,1041.09033203,316.122467041,578.932128906,917.97845459,142.684112549,69.3234863281,82.7739028931,344.280426025,103.333717346,674.25567627
2025-12-03,283.378662109,474.718292236,179.160766602,232.380004883,318.80090332,637.437744141,307.75982666,52.9610862732,115.483329773,147.471939087,202.079666138,1028.59069824,330.899017334,587.897399902,918.207458496,143.515609741,69.4608078003,83.1359939575,348.05355835,104.23072052,676.590515137
2025-12-04,279.938018799,477.808685303,182.951904297,229.11000061,316.796112061,659.293579102,311.674255371,53.0296287537,114.836303711,148.123733521,199.274765015,1009.61236572,324.840301514,595.510925293,891.923400879,142.195007324,69.107673645,81.6093139648,343.707946777,103.964576721,677.085205078
2025-12-05,278.023223877,480.114074707,181.984161377,229.529998779,320.436676025,671.143432617,310.629089355,53.0985183716,114.24811554,145.925125122,198.73348999,1005.45245361,322.32723999,599.506469727,890.748657227,140.326599121,68.6662521362,81.3548660278,347.074798584,103.7970047,678.37121582
2025-12-08,277.135650635,487.924530029,185.116821289,226.88999939,313.110900879,664.545776367,310.796691895,53.0493125916,113.699119568,144.670181274,198.428390503,992.793701172,317.345733643,592.876953125,883.620117188,135.327850342,68.911491394,78.8299560547,342.474700928,106.093742371,676.333312988
2025-12-09,276.42755127,488.918182373,184.538192749,227.919998169,316.464385986,654.739074707,296.302520752,52.6949882507,115.924484253,144.45614624,196.794677734,977.497497559,317.326141357,590.749938965,884.536010742,136.589767456,68.7545318604,77.9393844604,337.933258057,105.492446899,675.749572754
2025-12-10,278.023223877,475.543060303,183.350952148,231.779998779,319.588317871,647.932189941,305.768096924,53.2264671326,117.189109802,147.296829224,203.270507812,988.862670898,322.003662109,611.612426758,870.567687988,136.775634766,68.8722457886,79.534576416,343.668731689,107.276618958,680.231201172
2025-12-11,277.275268555,480.422119141,180.507598877,230.279998779,311.823425293,650.503479004,312.936309814,53.6988945007,117.189109802,146.625564575,206.685577393,1004.52697754,330.201568604,621.810119629,880.593444824,137.695159912,67.7932128906,79.4758605957,349.864227295,109.86907196,681.814147949
2025-12-12,277.524597168,475.513244629,174.611404419,226.190002441,308.68951416,642.052185059,314.060333252,54.2697372437,116.483268738,145.915390015,208.230728149,1022.56982422,335.212493896,594.258544922,880.583435059,139.729858398,69.1763381958,79.9064712524,352.007720947,110.007072449,674.483276367
2025-12-15,273.365875244,471.826660156,175.878433228,222.539993286,307.621582031,645.847351074,315.539367676,54.456741333,115.444122314,145.730560303,210.77973938,1057.08300781,334.486846924,586.17791748,856.778503418,141.970001221,69.6177749634,79.9064712524,349.40423584,109.649810791,673.464172363
2025-12-16,273.864532471,473.386779785,177.305114746,222.559997559,305.97479248,655.462646484,311.131896973,53.9449462891,112.424690247,142.763397217,205.986831665,1049.22106934,327.72064209,585.352905273,856.609313965,142.04826355,69.0292053223,79.5835189819,345.185791016,110.771224976,671.624084473
2025-12-17,271.102050781,473.118438721,170.540939331,221.270004272,296.143920898,647.832275391,310.569946289,53.6890487671,115.101013184,145.458175659,207.000534058,1036.78112793,325.200469971,558.477233887,858.859436035,144.591659546,69.3234863281,78.5755004883,349.169311523,109.788749695,664.233825684
2025-12-18,271.451141357,480.928894043,173.733459473,226.759994507,301.872802734,662.743835449,308.617645264,53.4036254883,114.24811554,143.677886963,205.012496948,1051.79858398,321.778106689,562.393249512,853.821594238,142.351516724,69.0193939209,79.123550415,347.446746826,111.019325256,669.249572754
2025-12-19,272.927124023,482.856658936,180.567474365,227.350006104,306.563659668,657.078430176,312.768676758,54.3976860046,114.39516449,143.736236572,203.10319519,1066.28857422,321.07208252,572.720153809,851.860290527,141.314590454,68.7251052856,77.8415222168,337.669006348,110.394111633,675.315368652
2025-12-22,270.234436035,481.863006592,183.261154175,228.429992676,309.178527832,659.801452637,318.566345215,54.9980583191,115.826454163,145.730560303,204.03817749,1071.30432129,318.855865479,578.872497559,846.264953613,139.583129883,68.8722457886,78.3308563232,339.029510498,111.525436401,679.522460938
2025-12-23,271.620666504,483.780822754,188.768295288,232.13999939,313.739685059,663.232543945,321.366607666,55.0866394043,117.071472168,146.421264648,202.52255249,1066.4876709,318.502838135,578.882446289,851.033874512,140.062454224,68.538734436,78.08618927,337.639648438,112.359054565,682.628234863
2025-12-24,273.066711426,484.94342041,188.169677734,232.380004883,313.480194092,665.835876465,324.561248779,55.3622169495,116.875404358,146.411560059,204.490875244,1071.80200195,321.228942871,580.214355469,868.028930664,141.343963623,68.7741546631,78.7320861816,339.959289551,113.609474182,685.02947998
2025-12-26,272.657836914,484.635406494,190.085189819,232.520004272,312.90133667,661.586853027,323.318878174,55.2834815979,116.767570496,145.944580078,204.34324646,1072.5682373,325.39654541,579.458984375,869.512268066,141.588500977,68.538734436,78.6929550171,342.347442627,112.696464539,684.960021973
2025-12-29,273.016876221,484.02923584,187.780593872,232.070007324,312.95123291,656.998657227,319.217132568,54.4764213562,118.159645081,146.88822937,204.274368286,1073.5435791,322.562591553,575.09564209,864.026611328,141.422195435,68.8232116699,78.5559310913,340.066955566,113.321678162,682.519042969
2025-12-30,272.3387146,484.406860352,187.102172852,232.529998779,313.240661621,664.239990234,318.89175415,54.4075279236,118.610595703,148.172363281,203.634643555,1074.55871582,325.720184326,573.882995605,861.846252441,140.913513184,68.7349243164,78.8103866577,338.990356445,113.917114258,681.685546875
2025-12-31,271.122009277,480.571166992,186.064620972,230.820007324,312.392303467,658.395019531,317.708557129,54.1319465637,117.973381042,148.26965332,203.674026489,1069.51306152,323.709899902,569.390441895,858.55078125,140.18963623,68.5779724121,78.5657196045,336.788146973,112.90486908,676.635009766
2026-01-02,270.27432251,469.958496094,188.409118652,226.5,314.538116455,648.739868164,320.922943115,55.0669555664,120.237960815,151.664840698,204.067687988,1075.16577148,329.877960205,594.77532959,850.745239258,138.702728271,67.8030166626,79.2018356323,338.471588135,110.999473572,677.875305176
2026-01-05,266.534515381,469.86907959,187.680831909,233.059997559,315.925445557,657.098388672,329.363067627,55.9921150208,122.89466095,159.398895264,201.075820923,1036.50256348,335.388977051,612.357849121,871.891845703,137.313659668,66.6455078125,79.5835189819,336.77835083,113.202590942,682.390075684
2026-01-06,261.647796631,475.493408203,186.802886963,240.929992676,313.729705811,658.92364502,331.413269043,56.3464355469,118.669418335,152.287445068,201.548202515,1058.92419434,342.20425415,619.305480957,885.193115234,136.863677979,66.5474014282,79.3192825317,341.867858887,113.698791504,686.448364258
2026-01-07,259.623291016,480.422119141,188.668502808,241.559997559,321.354888916,647.024291992,323.866088867,54.7618484497,116.159759521,150.98387146,204.205474854,1102.76245117,335.07522583,592.896850586,878.701782227,135.034378052,66.2531280518,76.6965026855,341.642730713,112.05141449,684.235656738
2026-01-08,258.33682251,475.09588623,184.608016968,246.289993286,324.808166504,644.401062012,326.639343262,55.2933235168,120.492843628,154.923843384,202.493011475,1079.97241211,340.125366211,604.436340332,911.287902832,138.448379517,68.0482635498,77.7925872803,351.919616699,113.301826477,684.16619873
2026-01-09,258.665924072,476.258514404,184.428436279,247.380004883,327.932098389,651.383117676,326.045074463,54.9685325623,122.159408569,157.706161499,201.154541016,1058.4465332,337.311004639,613.868652344,920.815979004,138.780990601,69.1665344238,78.1840438843,366.679199219,114.998825073,688.690856934
2026-01-12,259.543548584,474.17175293,184.508255005,246.470001221,331.215698242,640.321533203,321.389953613,54.3189430237,121.590812683,157.929901123,206.400177002,1075.8026123,333.908294678,625.944824219,938.935974121,140.336380005,69.1567230225,79.3877868652,366.972808838,111.962097168,689.772338867
2026-01-13,260.341369629,467.702819824,185.376220703,242.600006104,335.317687988,629.469543457,307.929779053,53.6792068481,124.051445007,159.418319702,210.267944336,1072.01098633,327.455841064,632.663879395,937.79095459,141.099380493,69.8826217651,79.8966827393,371.670837402,112.120880127,688.393188477
2026-01-14,259.254302979,456.484008789,182.71244812,236.649993896,335.187957764,613.939453125,304.928741455,51.6517219543,127.639457703,162.696792603,215.090393066,1068.12976074,328.465881348,634.870300293,946.801208496,143.163467407,70.0788192749,80.2294235229,367.961364746,112.666694641,685.009521484
2026-01-15,257.509063721,453.781158447,186.613327026,238.179992676,332.133911133,619.205871582,306.305480957,51.7599830627,126.590515137,161.646133423,216.09425354,1028.00341797,332.388336182,643.249084473,952.545837402,141.480895996,69.1371078491,80.4349365234,371.103149414,112.547615051,686.875
2026-01-16,254.836349487,456.960968018,185.795227051,239.119995117,329.359313965,618.657348633,309.484802246,52.1339836121,127.33556366,161.743392944,215.198654175,1033.4074707,324.602264404,642.960876465,959.375732422,141.383071899,69.0978775024,81.8441848755,372.091705322,110.354408264,686.299560547
2026-01-20,246.030319214,451.654602051,177.654281616,231,321.374847412,602.568725586,299.847747803,51.2777175903,127.894371033,160.809494019,214.75579834,1036.28356934,331.868621826,626.642272949,960.022888184,143.799301147,70.3829040527,81.7267456055,367.139190674,109.500953674,672.328674316
2026-01-21,246.977737427,441.310211182,182.892044067,231.309997559,327.742462158,611.386047363,299.15447998,51.2481918335,130.982421875,162.200637817,214.558944702,1073.33459473,341.007904053,642.9609375,978.541137695,142.879760742,70.6379547119,82.0594787598,376.46673584,112.329284668,680.08807373
2026-01-22,247.675842285,448.295928955,184.408477783,234.339996338,329.898284912,645.967041016,300.729248047,51.6221923828,131.011825562,162.132553101,215.031356812,1082.15197754,347.597625732,645.979492188,971.880554199,146.665481567,70.500617981,83.2534408569,372.933410645,112.349128723,683.640319824
2026-01-23,247.366668701,463.012573242,187.231872559,239.160003662,327.293304443,657.06842041,294.875701904,50.903717041,132.315658569,162.190917969,216.655227661,1059.17297363,349.352935791,624.271240234,978.929443359,147.923553467,71.4913787842,82.9989776611,375.61517334,110.13609314,683.888305664
2026-01-26,254.716674805,467.315246582,186.034683228,238.419998169,332.612976074,670.633483887,298.164001465,51.1989822388,132.188201904,162.949707031,217.983856201,1057.64025879,344.822509766,633.536315918,973.373962402,147.273361206,71.1774749756,83.6448974609,378.316558838,110.463577271,687.361206055
2026-01-27,257.568878174,477.550354004,188.07989502,244.679992676,333.90045166,671.241943359,297.440979004,51.3466110229,134.139083862,164.457611084,220.887176514,1034.51208496,277.219085693,636.515136719,966.016479492,146.140396118,72.1486129761,85.2890167236,372.277648926,109.76890564,690.099853516
2026-01-28,255.743896484,478.593688965,191.072891235,243.009994507,335.357635498,667.012756348,297.89654541,50.9922943115,134.874328613,165.313705444,224.115249634,1018.87762451,288.319610596,640.868774414,956.558166504,145.155227661,71.6679458618,85.700050354,367.325164795,108.726882935,690.030395508
2026-01-29,257.578887939,430.767150879,192.060562134,241.729995728,337.593292236,736.41418457,303.492614746,52.2422523499,137.746704102,166.539489746,223.69203186,1019.21600342,286.623168945,662.746398926,948.702819824,147.677261353,72.0308990479,86.2970352173,363.909332275,110.731529236,688.661071777
2026-01-30,258.775634766,427.577362061,190.683792114,239.300003052,337.34375,714.660217285,302.967681885,52.3603553772,138.61920166,172.094360352,223.652679443,1032.16333008,281.36706543,654.895996094,937.397277832,149.519546509,73.3845977783,86.0230026245,366.630249023,111.942253113,686.607116699
2026-02-02,269.277069092,420.701019287,185.176696777,242.960006714,343.022735596,704.596069336,305.19619751,53.1772537231,135.678207397,169.302337646,227.09727478,1039.10986328,280.053039551,688.32019043,965.421936035,150.918487549,73.8946990967,84.4865341187,370.085235596,103.655738831,690.020446777
2026-02-03,268.748504639,408.617645264,179.91897583,238.619995117,339.050445557,689.92388916,311.842071533,53.5906257629,140.903396606,173.203399658,229.410079956,998.635437012,278.670379639,700.255310059,974.952941895,153.016906738,75.4249649048,86.9233627319,373.001922607,103.427490234,684.186035156
2026-02-04,275.7394104,411.578887939,173.783340454,232.990005493,332.393432617,667.272155762,314.238922119,54.5059547424,144.687469482,176.306732178,230.758377075,1101.79699707,270.570556641,689.226867676,975.381652832,154.543914795,75.8762054443,88.0488052368,378.972290039,106.235977173,680.871887207
2026-02-05,275.16104126,391.188232422,171.478729248,222.690002441,330.606903076,668.489074707,307.196868896,54.07289505,143.207168579,174.361068726,234.025817871,1015.93188477,263.343414307,675.767456055,986.288452148,156.258117676,77.0141067505,87.3050308228,374.244903564,104.171791077,672.368347168
2026-02-06,277.364990234,398.61114502,184.977142334,210.320007324,322.233154297,659.761535645,319.319946289,55.6377983093,146.118774414,175.946792603,236.19102478,1053.09240723,271.286376953,723.477905273,998.122436523,156.809799194,77.5241928101,87.5594787598,376.96585083,107.873420715,685.267578125
2026-02-09,274.13079834,410.992584229,189.596328735,208.720001221,323.690307617,675.481018066,319.022827148,55.519695282,148.236297607,177.639526367,234.862380981,1039.64746094,270.354797363,739.338256836,994.563354492,154.99710083,76.4844055176,87.5692749023,372.904052734,106.315361023,688.571777344
2026-02-10,273.192443848,410.664672852,188.099838257,206.960006714,317.961456299,668.997680664,315.23928833,54.515789032,148.608810425,177.308746338,234.576965332,1020.07189941,267.922912598,739.587341309,968.283203125,156.72114563,75.346496582,88.8904418945,381.399597168,109.123840332,686.75592041
2026-02-11,275.009216309,401.820739746,189.606338501,204.080001831,310.356262207,666.972961426,307.850585938,53.0000953674,152.500747681,180.772033691,237.047225952,1010.32897949,273.502563477,772.095031738,975.172363281,157.627502441,77.102394104,89.4091186523,382.378356934,107.297836304,686.597229004
2026-02-12,261.263793945,399.30670166,186.503585815,199.600006104,308.400085449,648.141479492,299.748718262,51.6910896301,147.961135864,177.444961548,240.678817749,1033.27807617,278.856689453,755.447631836,995.829406738,158.819564819,77.4947738647,89.9669494629,381.928131104,101.601478577,675.99005127
2026-02-13,255.324356079,398.790008545,182.383224487,198.789993286,305.126464844,638.127197266,299.659545898,51.7206115723,146.500579834,178.748550415,239.596221924,1036.72717285,287.505706787,771.298034668,1015.38989258,157.696487427,77.1808700562,91.7970199585,382.740509033,104.648132324,676.466369629
2026-02-17,263.409942627,394.358123779,184.538192749,201.149993896,301.433624268,637.648376465,304.195800781,51.9076194763,144.270263672,177.363433838,239.478149414,1032.78967285,283.485198975,761.893432617,1008.97943115,157.184173584,78.0440979004,90.7302932739,374.900726318,104.638214111,677.557800293
2026-02-18,263.879119873,397.080841064,187.541137695,204.789993286,302.741088867,641.568359375,305.830047607,52.5178337097,148.701293945,180.624832153,241.111862183,1017.34838867,282.612457275,749.151306152,993.057861328,154.534072876,77.9754333496,89.2721099854,375.370483398,106.285591125,680.971130371
2026-02-19,260.115783691,396.851776123,187.461334229,204.86000061,302.262023926,643.124389648,305.107025146,51.9371452332,148.987487793,181.518768311,243.001464844,1020,284.308929443,757.679321289,984.822937012,156.208847046,77.4064865112,89.6831436157,370.535461426,105.193954468,679.175109863
2026-02-20,264.108673096,395.626739502,189.376861572,210.11000061,314.368469238,653.976379395,307.820861816,52.222568512,145.345947266,180.683761597,238.651443481,1006.34313965,284.377563477,756.892211914,982.280700684,158.395935059,78.3187637329,90.2116088867,374.127471924,104.777153015,684.086853027
2026-02-23,265.705810547,382.918212891,191.102828979,205.270004272,310.885253906,635.613708496,294.82623291,50.2639732361,148.78024292,181.646499634,241.948394775,1055.22888184,276.86605835,753.634460449,983.028442383,162.720855713,79.0250473022,92.0514678955,368.979278564,103.61605072,677.101379395
2026-02-24,271.65524292,387.429962158,192.399795532,208.559997559,310.296386719,637.65838623,294.459716797,49.6143875122,147.299942017,182.068893433,243.669967651,1038.8704834,268.638763428,765.350402832,995.400756836,162.829223633,79.1819992065,93.6368713379,376.310119629,105.24357605,682.022888184
2026-02-25,273.741516113,398.983123779,195.10345459,210.63999939,312.292480469,652.011474609,300.402374268,50.8741874695,147.10256958,180.968658447,242.571731567,1025.59240723,278.690002441,763.736450195,991.741882324,160.96723938,78.9367599487,93.0790481567,367.589416504,104.251182556,687.777954102
2026-02-26,272.463775635,400.098602295,184.458374023,207.919998169,306.783203125,655.322998047,303.205383301,51.4745597839,146.589385986,180.909729004,240.889755249,1018.80383301,281.102294922,750.107727051,983.74621582,161.321899414,78.9661941528,90.0256729126,367.119628906,104.747383118,683.957763672
2026-02-27,263.709381104,391.154846191,176.776351929,210,311.154754639,646.515625,297.431060791,49.043548584,150.497406006,183.46383667,245.797180176,1048.67944336,287.584136963,740.045654297,1007.7232666,164.720733643,80.0059890747,92.3933868408,372.630004883,105.233650208,680.673400879
2026-03-02,264.248413086,396.941375732,182.053985596,208.38999939,305.924865723,651.881774902,294.717254639,49.0238609314,152.19480896,186.253723145,245.925796509,1014.76647949,289.211975098,749.500061035,999.727600098,161.085464478,78.6915283203,91.3489456177,362.930541992,103.536659241,681.06048584
2026-03-03,263.280181885,402.299682617,179.629669189,208.729995728,302.990600586,653.397949219,297.391448975,49.1813392639,149.836196899,185.438354492,244.134979248,1004.55871582,283.602874756,719.473022461,1004.71240234,157.351654053,77.8282928467,91.2307128906,359.123260498,102.51448822,675.057373047
2026-03-04,262.052337646,403.564575195,182.612686157,216.820007324,302.541442871,666.015380859,296.529785156,49.5061264038,147.852600098,182.74671936,242.700363159,1000.4118042,286.299530029,729.226318359,1003.68554688,155.952728271,76.6119155884,91.240562439,361.266693115,102.256469727,679.82019043
2026-03-05,259.826324463,409.02243042,182.911987305,218.940002441,300.295837402,658.873840332,290.745544434,49.0238609314,148.78024292,186.548400879,237.090454102,980.165771484,283.171417236,703.433410645,979.588928223,151.706634521,75.5623016357,89.7921447754,353.994567871,101.631256104,676.029724121
2026-03-06,257.001342773,407.309387207,177.40486145,213.210006714,297.940429688,643.204162598,286.714447021,48.1429519653,149.224349976,186.587722778,237.852279663,987.213500977,280.925811768,678.34777832,995.071716309,151.351974487,75.5721206665,89.6837615967,350.31451416,100.767875671,667.168945312
2026-03-09,259.417053223,407.757568359,182.223587036,213.490005493,305.980407715,645.727661133,287.150268555,47.4105186462,148.464447021,186.0965271,240.019058228,1005.21673584,281.815246582,702.178100586,1002.24987793,152.918380737,76.3176422119,90.6592254639,346.047119141,100.886962891,673.013305664
2026-03-10,260.365356445,404.122314453,184.338653564,214.330001831,306.659606934,652.39050293,285.971618652,48.0637741089,146.184799194,183.002120972,241.127212524,998.198791504,279.018493652,713.993652344,994.333984375,153.696670532,76.3961105347,90.1961288452,349.560852051,100.549545288,671.93170166
2026-03-11,260.345367432,403.245849609,185.605743408,212.649993896,308.317565918,653.178466797,284.773162842,48.024181366,149.589477539,188.405059814,240.414825439,996.693603516,281.894287109,704.937744141,989.219543457,151.046569824,76.1508712769,90.3143692017,343.384918213,100.122810364,671.088317871
2026-03-12,255.304382324,400.238037109,182.722335815,209.529998779,303.173919678,636.541320801,280.187438965,46.6483879089,151.513870239,193.493637085,239.474884033,974.174621582,273.790710449,698.063598633,1000.27593994,148.268371582,76.1312561035,90.3833389282,333.945800781,98.6739196777,660.897888184
2026-03-13,249.674438477,393.953491211,179.838943481,207.669998169,301.905487061,612.134155273,280.732147217,46.2425765991,154.069854736,193.346298218,238.960403442,981.980041504,278.77142334,691.388671875,1005.37042236,148.416152954,76.3880462646,91.4179229736,334.044311523,98.5349807739,657.157165527
2026-03-16,252.369644165,398.335754395,182.802154541,211.740005493,305.181427002,626.374694824,283.426147461,46.5791015625,155.165283203,193.365921021,240.612701416,986.007324219,282.131439209,697.156982422,998.700683594,149.864349365,76.8621444702,91.4573287964,337.542114258,97.9097747803,663.844909668
2026-03-17,253.777114868,397.797912598,181.515106201,215.199996948,310.534790039,621.592834473,284.149200439,46.7968521118,156.724533081,194.475997925,235.586547852,927.422241211,284.187011719,699.368652344,993.137573242,149.233840942,76.6251068115,91.1715927124,336.4090271,99.5373001099,665.591247559
2026-03-18,249.494766235,390.208709717,179.988586426,209.869995117,307.308776855,614.624816895,284.991027832,46.3514518738,155.520553589,195.104690552,234.765335083,915.160949707,280.985076904,691.020080566,976.946838379,144.534576416,75.0349197388,89.6246414185,326.063446045,98.6639938354,656.303833008
2026-03-19,248.516525269,387.449859619,178.152770996,208.759994507,306.749481201,605.660217285,285.21887207,46.5296096802,156.083068848,197.884735107,235.081954956,914.612731934,277.140838623,686.068725586,971.822509766,142.69229126,74.6200866699,91.0533599854,323.383453369,98.4456634521,654.686401367
2026-03-20,247.548233032,380.328735352,172.306152344,205.369995117,300.627075195,592.642578125,283.82232666,46.6780815125,157.573242188,198.169616699,232.875579834,903.846740723,272.347900391,678.327819824,969.379943848,142.140609741,73.8299331665,88.1860809326,316.033172607,98.7533111572,645.301025391
2026-03-23,251.042007446,381.454193115,175.239440918,210.13999939,301.685760498,603.024780273,287.140319824,47.0344009399,159.014083862,201.58821106,232.925048828,907.684509277,266.36907959,699.069763184,962.799926758,141.854919434,74.1855010986,88.9053649902,326.033905029,97.2051696777,652.076660156
2026-03-24,251.191726685,371.235565186,174.800445557,207.240005493,290.080169678,591.903869629,289.606536865,47.6480636597,163.208267212,203.140319824,232.776641846,900.178283691,269.076873779,713.943786621,970.86541748,141.037216187,73.7509155273,90.2749557495,326.043731689,95.6570358276,649.887756348
2026-03-25,252.16998291,369.542449951,178.272506714,211.710006714,290.569549561,593.870483398,292.597717285,48.2518310547,161.116104126,201.529266357,237.387252808,913.426452637,267.367218018,716.344726562,971.90222168,141.785949707,74.3237762451,89.8217163086,327.620239258,95.220375061,653.509399414
2026-03-26,252.43951416,364.492919922,170.849487305,207.539993286,280.571990967,546.601623535,288.873596191,47.7470474243,163.257598877,204.122665405,236.704589844,894.177246094,264.896606445,700.554199219,976.677734375,140.308197021,73.7706756592,89.8217163086,323.600189209,94.0295028687,641.838562012
2026-03-27,248.356796265,355.33001709,167.137969971,199.339996338,274.000091553,524.819030762,280.137878418,46.4900245667,168.74458313,207.423370361,237.901748657,875.476257324,255.972839355,692.793395996,980.874938965,140.593902588,74.7781219482,90.0581893921,316.919921875,91.7172164917,630.893981934
2026-03-30,246.190658569,357.511169434,164.793319702,200.949996948,273.16116333,535.460754395,281.058990479,46.7473640442,169.218276978,206.991134644,239.920135498,883.83984375,258.710266113,664.928222656,993.556335449,142.574081421,75.3312225342,90.698638916,318.742706299,93.6027755737,628.784667969
2026-03-31,253.337890625,368.675964355,174.002258301,208.270004272,287.203735352,571.149475098,291.349731445,48.2518310547,167.432052612,203.248382568,241.849472046,916.875610352,267.406738281,705.804504395,993.406799316,142.298233032,75.1139373779,91.5164489746,324.053466797,95.6471099854,647.062072754
2026-04-01,255.174621582,367.879180908,175.349182129,210.570007324,297.021575928,578.237243652,292.558074951,48.7665176392,158.668670654,193.925872803,241.532852173,951.516174316,270.756866455,727.582519531,993.536437988,141.953430176,75.1435623169,91.4868927002,324.713592529,95.8257369995,651.93737793
2026-04-02,255.464111328,371.952667236,176.985458374,209.770004272,295.403533936,573.475524902,291.785522461,48.8753967285,158.579849243,195.458343506,240.464294434,932.635803223,273.998260498,714.531555176,1011.88061523,140.997802734,75.7756881714,91.7824935913,316.90020752,95.8753585815,652.524414062
2026-04-06,258.398834229,371.375,177.23487854,212.789993286,299.618347168,572.038024902,294.125,49.5484466553,161.224655151,195.350280762,238.416229248,924.142578125,278.050018311,718.536560059,1015.4597168,140.652999878,76.2695388794,91.3686599731,321.846374512,95.5478668213,655.608825684
2026-04-07,253.048416138,370.787414551,177.693832397,213.770004272,305.081542969,574.064453125,296.066253662,49.7661933899,161.757568359,197.982971191,235.883377075,928.159973145,304.109832764,721.72454834,1010.13592529,139.204788208,74.9756622314,92.2948532104,314.082275391,95.0516738892,655.897277832
2026-04-08,258.438781738,372.819152832,181.664764404,221.25,316.926879883,611.370422363,306.58883667,51.3498458862,154.168548584,189.485641479,238.742752075,950.300048828,302.380432129,768.687866211,1027.14404297,142.751403809,76.3386688232,92.7875137329,331.216522217,98.425819397,672.602722168
2026-04-09,260.025939941,371.56427002,183.490600586,233.649993896,318.095397949,627.313049316,308.938232422,52.1713638306,153.004043579,187.000305176,238.752639771,952.184082031,303.299468994,784.119750977,1028.89892578,144.485321045,77.2177124023,93.0929641724,334.586242676,99.0311813354,676.482971191
2026-04-10,260.015991211,369.373138428,188.199829102,238.380004883,316.846954346,628.780517578,308.480316162,52.0031051636,150.507247925,185.222244263,235.932846069,936.513549805,300.749816895,787.696350098,995.440612793,143.007568359,76.516456604,92.6988449097,332.379211426,98.4158935547,676.035339355
2026-04-13,258.73828125,382.818634033,188.878265381,239.88999939,320.91192627,633.442565918,312.273223877,52.8048248291,150.635559082,188.395233154,235.438140869,926.624755859,309.317810059,788.762268066,977.874023438,141.450973511,75.4695053101,90.9449691772,336.143035889,100.410606384,682.641845703
2026-04-14,258.368896484,391.523345947,196.061843872,249.020004272,332.497558594,661.354614258,309.724700928,52.8048248291,147.280212402,183.719238281,237.555465698,919.596984863,310.493804932,791.272888184,971.842468262,142.239135742,74.9657821655,89.9695053101,337.670196533,101.809883118,690.959716797
2026-04-15,265.955383301,409.560272217,198.416473389,248.5,336.702331543,670.429077148,304.557983398,53.7649116516,147.053222656,181.646499634,236.140609741,902.182006836,310.355438232,767.283081055,981.762268066,141.253952026,74.3830413818,89.9005279541,333.926116943,102.256469727,696.412109375
2026-04-16,262.930755615,418.563781738,197.897659302,249.699996948,335.603668213,675.709960938,308.559967041,52.9631881714,149.984222412,184.829299927,232.054382324,901.145202637,312.677825928,769.763793945,984.21484375,140.987960815,74.2546463013,90.4818725586,332.191986084,103.109924316,698.123413086
2026-04-17,269.748626709,421.083587646,201.220046997,250.559997559,341.25668335,687.369934082,308.8984375,53.3591041565,144.516967773,180.742721558,231.698196411,924.112731934,320.811004639,791.671386719,996.856323242,144.751312256,74.8077468872,90.6296691895,344.261810303,105.481750488,706.56072998
2026-04-20,272.563568115,416.382629395,201.599182129,248.279998779,337.001983643,669.760192871,315.568389893,53.3986930847,145.74067688,180.015777588,228.245193481,917.005187988,319.674530029,796.921630859,994.812561035,142.347503662,74.5509490967,90.6592254639,345.828460693,105.491676331,705.147766113
2026-04-21,265.695861816,422.448059082,199.424179077,249.910003662,331.878326416,667.693786621,311.596282959,52.9334945679,146.411758423,182.697601318,223.763183594,900.178283691,341.939483643,798.967834473,1002.75836182,140.209686279,73.7805480957,89.2699203491,338.862426758,103.496963501,700.53125
2026-04-22,272.683410645,431.172698975,202.038192749,255.36000061,338.899627686,673.563659668,311.61618042,52.5771751404,147.53678894,183.031600952,223.703842163,918.58013916,349.361114502,807.372253418,1000.65478516,140.731811523,73.7114028931,88.6787338257,334.507446289,104.022926331,707.625305176
2026-04-23,272.942901611,414.071960449,199.184707642,255.080001831,338.470153809,658.020385742,310.292175293,51.9338188171,148.553268433,184.289016724,228.205612183,914.762207031,350.388916016,833.69342041,1011.30236816,143.549407959,75.3410949707,94.8369750977,335.157745361,102.861831665,704.879211426
2026-04-24,270.57711792,422.906188965,207.795028687,263.989990234,343.973327637,673.873168945,306.897460938,51.5181083679,146.954544067,181.941207886,225.088989258,881.178283691,350.744659424,829.251647949,1008.08215332,147.08203125,75.6867904663,93.8812179565,330.950531006,101.81980896,710.341552734
2026-04-27,267.133270264,423.105377197,216.116012573,261.119995117,349.905975342,677.456970215,310.232421875,52.0921821594,146.244003296,181.518768311,222.951889038,865.537658691,350.517364502,827.255310059,994.982055664,147.30039978,74.5114440918,93.437828064,327.413299561,101.571708679,711.565307617
2026-04-28,270.227752686,427.517486572,212.683853149,259.700012207,349.346679688,670.189453125,310.053253174,52.1218757629,148.582870483,185.035598755,225.375915527,871.249572754,362.45526123,816.35559082,990.984191895,148.064697266,77.3856201172,95.093170166,324.220947266,100.698402405,708.102844238
2026-04-29,269.688720703,422.746795654,208.772796631,263.040008545,349.506439209,667.973266602,307.863098145,52.3396263123,152.638900757,188.827468872,224.940582275,848.531311035,366.378540039,808.550048828,995.640014648,145.374786377,77.8992233276,92.7875137329,318.062866211,100.529701233,707.993408203
2026-04-30,270.866638184,406.134155273,199.114868164,265.059997559,384.323242188,610.86126709,311.825256348,52.9136962891,152.303359985,189.898223877,227.414093018,931.658874512,366.121612549,888.461791992,1011.4519043,146.000106812,77.7905731201,96.4430465698,323.964752197,102.9610672,715.037719727
2026-05-01,279.640960693,412.767272949,197.997436523,268.260009766,385.212188721,607.706726074,311.068664551,52.6959495544,150.744110107,187.265548706,224.782272339,960.298461914,364.441619873,888.022583008,1010.09405518,146.168838501,77.6127929688,95.5267028809,319.117126465,102.296165466,717.017700195
2026-05-04,276.336853027,411.950561523,198.02734375,272.049987793,382.775177002,609.363891602,306.270263672,51.6566772461,151.671768188,188.886413574,221.823959351,964.884033203,366.388427734,873.160217285,1011.18231201,142.357299805,77.2275924683,94.1078491211,307.825683594,100.539619446,714.390991211
2026-05-05,283.67376709,409.71963501,196.051864624,273.549987793,387.948760986,603.923217773,308.012420654,52.5771751404,152.84614563,189.24005127,223.159667969,985.758056641,359.589385986,902.915039062,1014.80651855,143.826324463,77.5140228271,94.8665390015,310.781555176,99.7159347534,720.122009277
2026-05-06,286.997833252,412.28918457,207.356033325,274.989990234,397.546875,611.829650879,313.487762451,53.0522689819,146.737426758,181.892074585,222.239517212,983.943786621,362.959259033,925.213623047,994.169372559,146.804107666,78.2547988892,93.9896087646,318.299346924,107.238288879,730.131286621
2026-05-07,286.927947998,419.071716309,211.017669678,271.170013428,397.496917725,615.752929688,304.896453857,52.2109565735,144.655136108,179.279022217,220.151870728,971.891906738,365.390289307,894.031494141,1010.45349121,144.977737427,77.4646377563,91.9499969482,317.895385742,107.833732605,727.89263916
2026-05-08,292.797485352,413.444519043,214.709228516,272.679992676,400.303436279,608.585266113,300.745178223,50.7856712341,142.671539307,178.414550781,218.974487305,945.465270996,375.509857178,895.788208008,1007.18865967,145.335067749,77.4547653198,91.7332305908,312.781707764,107.19859314,733.902160645
2026-05-11,292.42779541,410.994445801,218.939559937,268.989990234,388.158538818,597.833679199,298.654571533,50.0334358215,147.714431763,181.479492188,219.083312988,963.946960449,379.917388916,925.073852539,997.883422852,142.297744751,77.6918106079,93.4476776123,306.820648193,103.923690796,735.573669434
2026-05-12,294.545959473,406.124176025,220.276504517,265.820007324,386.870117188,601.966552734,303.512695312,50.2610855103,148.65196228,182.668121338,221.88331604,986.754943848,391.726806641,910.451049805,1020.25787354,142.843673706,79.0449447632,93.2013473511,305.894470215,105.352745056,734.459350586
2026-05-13,298.612457275,403.574523926,225.314987183,270.130004883,402.121185303,615.573242188,298.9034729,49.330696106,149.579620361,182.717254639,227.978042603,1012.5534668,396.440704346,900.629211426,1031.44006348,141.186050415,79.2721176147,93.45753479,298.100799561,104.102325439,738.56854248
2026-05-14,297.953033447,407.777496338,235.202392578,267.220001221,400.573120117,617.370117188,298.565002441,49.340587616,150.773712158,183.345947266,228.354034424,1003.53198242,394.395050049,918.515991211,1039.59716797,141.652572632,79.4597702026,94.275352478,299.874328613,104.618362427,744.398986816
2026-05-15,299.971313477,420.217071533,224.806152344,264.140014648,396.288421631,613.177307129,296.474395752,49.2614097595,156.904022217,187.727233887,224.307373047,1003.48199463,389.216674805,886.665161133,1047.28491211,140.521011353,79.8252258301,91.9894104004,293.134918213,101.938896179,735.444396973
2026-05-18,297.583343506,421.830566406,221.81300354,264.859985352,396.448242188,610.162536621,299.381317139,50.1720046997,159.457489014,192.658630371,226.493942261,986.676147461,386.528686523,862.350280762,1074.76123047,141.33493042,80.2005386353,87.7328338623,295.401092529,103.119850159,734.927001953
2026-05-19,298.712371826,415.73526001,220.106887817,259.339996338,387.179718018,601.577209473,294.37387085,50.1819038391,161.504241943,195.543457031,227.562484741,1019.94842529,384.660919189,858.557312012,1092.58288574,140.253005981,80.9116744995,88.7378540039,297.992401123,101.512168884,730.031799316
2026-05-20,301.989562988,419.360534668,222.960372925,265.010009766,388.428192139,604.023071289,300.625732422,50.706489563,155.27456665,189.674682617,226.889709473,1017.41204834,378.790771484,870.944274902,1072.30517578,141.384567261,80.5462341309,86.9741287231,306.012695312,103.28855896,737.51385498
2026-05-21,304.727172852,418.302520752,219.009399414,268.459991455,387.179718018,606.339111328,301.641143799,50.9638328552,154.290939331,189.357437134,229.274154663,1040.1595459,377.98046875,864.346557617,1048.7824707,142.33744812,80.1709136963,88.3732910156,309.165649414,102.792358398,738.97644043
2026-05-22,308.553894043,417.783538818,214.838928223,266.320007324,382.495544434,609.214111328,305.005981445,51.2706604004,153.923324585,189.773803711,231.856506348,1063.47607422,383.899963379,878.260742188,1026.60778809,143.369750977,80.477104187,87.2500228882,308.466094971,102.216766357,741.881774902
2026-05-26,308.064300537,415.248291016,214.370010376,265.290008545,388.398223877,611.290649414,305.364349365,51.6665763855,148.846191406,183.111953735,229.050338745,1063.21643066,372.426544189,906.867675781,1001.33795166,141.90071106,79.4696578979,86.3632354736,305.973297119,102.494636536,746.80682373
2026-05-27,310.58215332,411.894622803,212.115158081,271.850006104,388.348266602,634.171264648,297.937805176,50.5778160095,146.948486328,180.821929932,230.154891968,1081.3704834,379.492462158,908.245117188,1002.09674072,146.397155762,80.6153793335,86.3632354736,313.175811768,103.387794495,746.677490234
2026-05-28,312.240722656,426.187683105,213.761398315,274,389.64666748,634.20123291,295.399261475,50.2511901855,146.014541626,181.446487427,229.667297363,1125.18762207,378.029876709,886.026306152,993.620239258,144.828857422,79.4202651978,85.9691085815,316.486358643,102.941223145,750.796569824
2026-05-29,311.791107178,449.394012451,210.658493042,270.640014648,379.868774414,631.426025391,297.967681885,51.0727081299,144.325469971,180.88142395,224.224136353,1103.41882324,375.835968018,874.248168945,954.801940918,142.496261597,78.0374984741,85.732635498,312.476257324,101.055671692,752.667114258
2026-06-01,306.046051025,459.654693604,223.848342896,261.260009766,375.903717041,599.440917969,295.249908447,50.9836235046,148.41897583,184.222259521,222.413070679,1080.65136719,375.391265869,863.757629395,944.608154297,139.240570068,77.6720581055,82.4318084717,306.12109375,102.067909241,754.71673584
2026-06-02,314.928405762,440.480773926,222.311843872,256.519989014,361.401702881,596.605834961,299.61026001,51.9437179565,148.597808838,185.927383423,221.796112061,1062.62731934,373.474090576,908.125305176,952.755249023,139.776580811,77.4448852539,84.4221572876,306.938873291,100.63886261,755.741577148
2026-06-03,309.992645264,426.53704834,214.260253906,250.020004272,358.545227051,621.91229248,299.500793457,51.8645324707,151.548706055,188.068695068,222.14440918,1077.23632812,372.564910889,924.465026855,960.303222656,139.151245117,77.7905731201,83.3383102417,308.367584229,98.6342163086,750.438415527
2026-06-04,310.96182251,427.245697021,218.415603638,253.789993286,371.728881836,626.494506836,309.495758057,53.616443634,151.061843872,186.720458984,227.050201416,1123.65979004,391.805847168,938.738525391,970.80645752,139.736862183,75.874458313,84.4221572876,307.682617188,98.5845947266,753.274047852
2026-06-05,307.075164795,415.887084961,204.870758057,246.029998779,368.073425293,591.983703613,310.969116211,53.5567512512,148.955490112,185.689453125,231.627639771,1129.80102539,394.770568848,902.60559082,970.327270508,145.454177856,78.5017242432,85.1993103027,308.506530762,98.951789856,733.832519531
2026-06-08,301.280181885,410.966339111,208.406799316,245.220001221,363.076629639,584.386779785,309.714752197,53.3577651978,150.773712158,187.602767944,231.020629883,1147.50561523,401.78704834,913.944519043,973.202697754,144.024856567,78.5609741211,83.3829727173,307.444366455,98.1181793213,735.49407959
2026-06-09,290.299621582,402.652008057,207.957305908,244.190002441,364.026031494,583.588134766,311.297637939,54.1437530518,147.95199585,185.144210815,235.836868286,1143.04211426,408.141387939,913.006286621,967.052490234,147.568405151,80.3388137817,84.1968536377,318.9793396,98.5746765137,733.335021973
2026-06-10,291.328735352,396.613342285,200.195983887,238,356.151092529,570.001464844,307.753601074,54.2631454468,149.650985718,188.157913208,237.319564819,1134.74389648,402.666564941,854.574645996,981.809020996,147.945587158,82.5611190796,84.4846878052,316.587005615,97.8601531982,721.773620605
2026-06-11,295.375244141,389.606567383,204.64100647,241.509994507,357.540161133,567.455810547,312.084075928,54.8799972534,145.656860352,184.212356567,237.160339355,1159.28869629,400.779022217,895.967895508,974.141174316,147.240844727,81.5141677856,84.2067718506,323.62512207,99.5769958496,734.041503906
2026-06-12,290.879150391,390.00579834,204.960662842,238.550003052,359.448944092,566.008300781,319.281677246,55.7356338501,146.064208984,185.600234985,239.687866211,1131.37878418,403.714111328,908.883911133,980.790588379,148.501434326,81.6030654907,85.3481903076,325.987731934,99.2792816162,738.011352539
2026-06-15,296.164581299,399.008880615,212.212539673,246.020004272,369.112762451,593.011962891,317.967590332,55.586391449,140.013397217,178.839233398,234.503448486,1127.73400879,408.524475098,932.200683594,977.895263672,149.34513855,80.4300689697,85.4772262573,327.40725708,100.916732788,751.02545166
2026-06-16,298.982147217,393.089996338,207.17817688,246,373.010253906,599.736694336,329.654937744,56.5514717102,140.947341919,178.551742554,234.025787354,1120.89379883,405.155212402,943.709350586,985.113769531,151.360107422,79.8038024902,85.5864028931,334.624053955,100.509849548,746.548156738
2026-06-17,295.694976807,378.198028564,204.42124939,237.5,363.556335449,567.132446289,331.964508057,56.2430419922,139.83454895,176.043640137,233.050613403,1110.40881348,397.084899902,954.149902344,964.057250977,149.444396973,79.4558792114,85.090133667,325.084381104,100.093040466,737.225341797
2026-06-18,297.753204346,378.687103271,210.45451355,244.38999939,367.793579102,576.764770508,323.761474609,55.9147186279,136.923400879,172.127807617,227.269119263,1096.9979248,398.506164551,983.994567871,949.939697266,149.265731812,78.9190826416,86.1025161743,331.834625244,103.099998474,744.890258789
2026-06-22,296.754089355,366.649780273,208.416778564,232.789993286,349.455383301,563.405334473,329.993408203,57.0787773132,137.579162598,173.545440674,230.154891968,1100.50292969,404.191162109,1020.38708496,949.839782715,146.585723877,79.0582504272,85.4375228882,324.230651855,101.670951843,742.546142578
2026-06-23,294.046386719,373.237365723,199.81640625,234.11000061,345.907653809,561.756652832,332.641479492,57.6160392761,138.831039429,174.457473755,237.906661987,1105.49584961,406.745422363,982.417480469,956.159790039,149.742172241,79.8336181641,85.78490448,322.076538086,102.742736816,731.762878418
2026-06-24,292.827423096,364.77331543,198.777572632,234.270004272,345.068206787,557.230224609,331.954589844,57.4369506836,136.019256592,169.966674805,239.817230225,1115.66125488,403.31652832,992.608581543,959.56439209,150.913421631,80.1219024658,86.9660263062,340.351837158,100.351066589,731.423706055
2026-06-25,274.912902832,352.167022705,195.521224976,227.009994507,343.489196777,542.441894531,333.61706543,57.8946151733,136.66506958,170.749847412,243.678207397,1126.07629395,412.986999512,1055.05273438,940.744262695,147.399658203,79.9429702759,87.045425415,342.476196289,97.3044128418,732.481079102
2026-06-26,283.535461426,372.269195557,192.314804077,232.690002441,337.173278809,549.816101074,327.574279785,57.5861930847,135.661560059,169.580047607,253.410202026,1206.39123535,425.271362305,995.62298584,951.027954102,147.915817261,82.1398544312,87.8990097046,346.307952881,98.0387802124,727.184265137
2026-06-29,281.4972229,367.877471924,194.752075195,240.13999939,353.422821045,562.156311035,327.912780762,57.5861930847,135.184661865,167.012451172,257.24130249,1228.17016602,417.250762939,1031.27685547,945.177246094,147.350021362,82.1597442627,87.9982681274,348.243713379,97.8799972534,739.164489746
2026-06-30,289.110656738,372.319091797,199.866348267,238.339996338,357.140441895,562.84576416,325.861999512,56.6907577515,135.840408325,164.325897217,252.723587036,1197.71374512,413.086395264,1062.92822266,933.984985352,145.553436279,80.7879257202,87.114906311,350.100006104,96.25,744.920227051
2026-07-01,294.126342773,383.557952881,197.359161377,241.699996948,360.977966309,612.426635742,332.571807861,58.0637550354,135.403244019,164.256500244,252.733535767,1190.03466797,423.929626465,989.57421875,923.202148438,146.337585449,80.8078079224,85.7253570557,348.273498535,95.7099990845,743.912719727
2026-07-02,308.364044189,389.756256104,194.612243652,242.669998169,359.67880249,582.440368652,332.970001221,58.4318771362,136.208023071,167.736129761,261.749084473,1212.17297363,422.756835938,961.745910645,950.159301758,150.288101196,83.6408996582,87.6806488037,355.281829834,99.5,742.935180664
2026-07-06,312.390594482,386.013305664,195.331436157,244.160003662,366.224578857,599.816589355,337.720001221,59.5959396362,135.562210083,166.6456604,258.057250977,1198.34289551,415.431915283,968.124023438,948.741577148,148.203659058,82.4679031372,86.7873687744,348.084869385,97.4100036621,749.419067383
2026-07-07,310.392303467,388.109375,196.709884644,245.979995728,366.794219971,615.094604492,339.220001221,59.5561408997,140.778442383,172.504516602,265.928436279,1233.79211426,425.569519043,938.379211426,945.99597168,151.618164062,83.5514373779,87.8096847534,342.684661865,97.4800033569,745.857910156
2026-07-08,313.1199646,382.619720459,203.891845703,243.619995117,361.687530518,602.64440918,330.619995117,58.0040588379,140.222045898,174.447570801,262.107299805,1214.09020996,422.995361328,946.324462891,951.617004395,147.30039978,82.9052963257,86.7873687744,333.750488281,96.6999969482,743.553649902
2026-07-09,315.947509766,383.637786865,202.553344727,247.039993286,358.659484863,630.981994629,335.470001221,58.9492378235,136.575653076,172.544174194,257.828399658,1215.20861816,429.038146973,936.652404785,911.520751953,145.761886597,82.1398544312,86.4499053955,336.252075195,96.1699981689,749.848022461
2026-07-10,315.048309326,384.376403809,210.724212646,245.339996338,356.950561523,668.682312012,336.470001221,59.3671035767,137.986526489,174.873840332,255.718826294,1186.87915039,422.021362305,950.64642334,914.795532227,145.950469971,82.994758606,87.3034896851,340.788635254,95.6200027466,753.079956055
2026-07-13,317.036560059,390.255340576,203.302505493,247.309997559,352.283569336,656.212097168,334.529998779,59.1979675293,143.580291748,180.623657227,256.50491333,1180.17883301,426.464019775,929.745178223,924.959411621,147.270614624,83.75025177,87.7203521729,334.643920898,96,747.31427002
2026-07-14,314.588684082,384.206726074,211.563278198,247.490005493,359.279083252,660.518676758,342.890014648,60.3122825623,144.156555176,180.187469482,252.604187012,1150.89086914,422.587890625,931.611755371,920.286804199,144.997589111,82.5871963501,88.8716964722,335.269317627,95.8700027466,749.967712402
2026-07-15,327.217803955,394.886627197,212.262481689,254.960006714,370.681762695,680.772766113,346.910003662,61.2773590088,143.580291748,180.028869629,245.807693481,1154.97497559,415.958679199,912.606994629,915.085083008,146.95300293,81.9609222412,88.4349746704,338.942260742,97.1500015259,752.940307617
2026-07-16,332.972839355,400.346343994,207.168182373,249.88999939,354.232299805,664.015930176,343.149993896,61.1778678894,145.011032104,182.269302368,248.743209839,1167.49707031,420.788970947,875.545776367,944.069030762,150.377426147,84.4162750244,88.6831130981,345.474090576,99.7099990845,748.860412598
2026-07-17,333.452392578,393.08001709,202.583312988,247.229995728,346.547241211,645.500610352,341.100006104,60.958984375,146.411956787,185.758850098,251.798141479,1177.42272949,423.48236084,878.650024414,939.376464844,148.868682861,81.0762023926,88.13722229,336.391052246,97.6699981689,741.448791504
2026-07-20,326.308563232,401.534118652,203.05279541,249.990005493,351.763885498,645.340698242,338.869995117,60.1132965088,147.405532837,188.068695068,247.598861694,1145.25891113,418.970153809,864.299987793,934.31451416,148.024993896,81.6328887939,87.3431930542,330.60369873,96.4100036621,740.251831055
2026-07-21,327.457580566,397.002624512,207.058303833,247.550003052,346.927001953,643.302307129,345.230010986,60.909236908,150.733978271,189.416931152,249.380081177,1173.72814941,433.679595947,889.969970703,927.744934082,147.002624512,81.4837799072,87.2737121582,329.174224854,96.1399993896,746.426513672
2026-07-22,325.609191895,389.606567383,211.822982788,244.850006104,341.870239258,626.675415039,348.209991455,61.3072052002,153.456344604,191.310394287,254.375442505,1161.3458252,428.670410156,889.309997559,925.838012695,148.024993896,81.7124099731,88.7426681519,329.02532959,95.8700027466,745.55859375
2026-07-23,321.382843018,380.863006592,208.526657104,233.660003662,317.485931396,605.622009277,349.899993896,60.9689292908,155.880645752,192.737945557,257.997558594,1184.1730957,420.96786499,894.539978027,924.58996582,145.880996704,80.6885223389,89.1198272705,322.334625244,92.8300018311,736.351501465
2026-07-24,332.733032227,380.982818604,206.608810425,232.11000061,319.534606934,594.72064209,353.209991455,61.7350234985,155.930328369,193.104736328,262.107299805,1194.31860352,418.165100098,888.729980469,935.030029297,147.410003662,81.7621154785,89.1099014282,330.544158936,94.8499984741,737.099609375
2026-07-27,336.619689941,388.368896484,196.290359497,231.38999939,326.350219727,593.401672363,356.200012207,61.814617157,153.774291992,188.356185913,264.644805908,1195.81640625,415.084106445,873.280029297,951.58001709,148.630004883,83.5713195801,88.1669998169,333.631378174,96.6500015259,737.259277344
2026-07-28,339.78692627,392.610900879,196.789794922,230.86000061,333.495635986,592.942016602,357.309997559,62.3021278381,152.055419922,185.957122803,265.420959473,1218.91333008,426.165863037,840.849975586,966.58001709,148.880004883,87.7463989258,88.6136322021,341.950073242,98.8899993896,739.024841309
2026-07-29,337.898590088,389.806182861,189.797622681,226.649993896,336.493713379,585.148193359,344.709991455,60.7599983215,155.741546631,190.200088501,264.226837158,1208.28857422,417.996154785,782.710021973,974.030029297,146.100006104,88.5516052246,87.7997589111,335.795440674,98.4800033569,727.653137207
2026-07-30,333.142669678,450.252410889,194.821990967,235.5,333.445678711,538.604980469,350.850006104,61.4166488647,155.960144043,190.646194458,254.56451416,1153.31726074,418.890655518,809.140014648,954.16998291,143.960006714,87.96509552,87.2737121582,330.911437988,96.1600036621,739.852783203
2026-07-31,308.643829346,463.846801758,200.525619507,271.579986572,355.901245117,556.270996094,351.790008545,61.6355323792,154.439987183,195.127090454,255.091903687,1147.19604492,411.863891602,814.809997559,951.890014648,144.490005493,87.0704345703,86.2712478638,329.531585693,96.1900024414,745.179626465
2026-08-03,303.158569336,486.733703613,206.409042358,284.019989014,373.270080566,589.774536133,352.640014648,62.1628417969,154.062423706,191.508666992,253.161422729,1119.75537109,412.818023682,830.030029297,954.08001709,144.970001221,86.3447723389,85.9040145874,337.532623291,98.1399993896,755.793212891
2026-08-04,309.11340332,491.884033203,211.703109741,277.420013428,377.407409668,587.476379395,357.519989014,62.5807113647,152.969512939,188.752716064,253.678863525,1114.08361816,405.05581665,876.539978027,947.849975586,148.009994507,86.046546936,86.549156189,345.692504883,98.1800003052,769.419372559
2026-08-05,310.732025146,486.544067383,218.974975586,272.649993896,362.197174072,588.305725098,359.239990234,62.9289321899,150.654495239,184.797241211,256.325805664,1168.18603516,410.223999023,871.08001709,941.989990234,146.800003052,86.3149490356,85.2687911987,350.556671143,101.760002136,767.883178711
2026-08-06,312.140808105,498.92074585,218.745239258,272.260009766,357.520202637,589.434875488,356.299987793,62.6802024841,153.843841553,187.592834473,255.718826294,1190.234375,401.497741699,856.960021973,949.150024414,146.970001221,86.3348236084,83.9685668945,346.963134766,104.680000305,766.65625
2026-08-07,313.059997559,499.050506592,223.709686279,274.480010986,354.072387695,591.633056641,357.519989014,62.8493347168,152.055419922,184.94593811,257.967712402,1184.01330566,404.588684082,842.190002441,947.820007324,145.789993286,86.5336456299,84.018196106,353.01852417,104.910003662,771.344604492
2026-08-10,308.260009766,505.109130859,217.306838989,278.089996338,357.290344238,594.450866699,359.790008545,63.5358352661,158.761993408,193.223709106,260.525115967,1230.17712402,406.238525391,837.58001709,952.75,146.440002441,86.3547134399,84.067817688,348.213928223,103.180000305,771.11517334
2026-08-11,304.910003662,502.863342285,217.256896973,272.269989014,343.57913208,598.647521973,362.040008545,63.6751251221,158.77192688,194.958572388,258.524963379,1213.28137207,399.728637695,843.369995117,944.320007324,145.210006714,85.9670257568,85.1000518799,351.886871338,103.529998779,768.651306152
2026-08-12,302.25,491.504730225,223.839523315,267.279998779,343.319335938,578.393493652,365.179992676,64.481010437,158.722244263,194.899093628,259.579742432,1218.53393555,403.107818604,855.599975586,949.58001709,144.080001831,86.1956558228,85.139755249,340.917694092,103.220001221,770.576477051
2026-08-13,305.260009766,495.946380615,225.048187256,265.130004883,346.137512207,594.500793457,363.109985352,63.7646636963,157.589584351,195.989562988,260.793762207,1207.27001953,396.617797852,854.599975586,961.849975586,144.259994507,86.9014434814,85.3680419922,339.2003479,104.800003052,775.953186035
2026-08-14,305.929992676,494.469146729,224.908340454,262.649993896,345.67779541,589.38482666,362.839996338,64.1626358032,159.070007324,198.269668579,259.072265625,1180.16003418,399.271453857,856.570007324,961.099975586,144.550003052,87.1897277832,85.5466995239,336.381103516,106.849998474,774.416992188
2026-08-17,305.589996338,479.44744873,224.758499146,261.309997559,343.779022217,568.52130127,360.959991455,63.5656814575,161.460006714,200.946304321,261.082366943,1183.16003418,393.198852539,881.650024414,953.5,143.119995117,86.4640579224,85.5764770508,335.408294678,103.5,770.75604248
2026-08-18,310.029998779,480.725036621,219.494400024,259.450012207,343.978912354,543.241271973,363.25,63.9039611816,165.559997559,203.960006714,269.779449463,1225.72998047,391.519165039,840.869995117,961.349975586,143.449996948,88.2931442261,85.5764770508,335.021148682,103.949996948,765.54901123
2026-08-19,316.829986572,483.399993896,217.316833496,265.839996338,344.498565674,545.59942627,357.260009766,62.8493347168,164.770004272,205.759994507,272.06817627,1280.33996582,386.231719971,816.150024414,956.989990234,144.380004883,89.8140640259,85.2687911987,341.781311035,106.930000305,767.154968262
2026-08-20,311.299987793,481.149993896,216.607635498,260.109985352,340.451171875,545.399597168,351.549987793,61.5459899902,166.149993896,205.770004272,266.057830811,1244.40002441,382.494750977,815.390014648,933.510009766,142.970001221,89.963180542,84.3953552246,332.04309082,107.319999695,760.710998535
2026-08-21,309.350006104,483.239990234,214.480010986,258.630004883,344.598510742,549.466369629,351.579986572,61.3768501282,165.11000061,205.270004272,268.913726807,1255.40002441,387.72253418,827.900024414,947.739990234,144.679992676,90.5596160889,83.0256576538,333.154876709,107.779998779,763.823242188
2026-08-24,310.339996338,487.309997559,208.24697876,262.070007324,347.836425781,558.579223633,356.390014648,62.0136032104,164.050003052,203.089996338,271.700012207,1246.93005371,396.319641113,811.020019531,971.400024414,146.600006104,91.4443359375,83.4722976685,334.961578369,110.61000061,761.578796387
2026-08-25,309.899993896,491.709991455,212.81187439,261.059997559,346.737121582,569.600463867,356.690002441,62.1130943298,160.63999939,199.88999939,273.140014648,1233.66003418,394.162902832,811.289978027,960.010009766,145.399993896,91.0964126587,83.5914001465,335.408294678,111.25,764.012756348
2026-08-26,313.450012207,496.369995117,209.42565918,260.279998779,341.780303955,575.685668945,356.5,61.9141082764,158.190002441,200.210006714,270,1189.41003418,398.555877686,821.929992676,956.119995117,145,89.5456695557,83.5914001465,332.40045166,109.629997253,764.182373047
2026-08-27,314.579986572,505.059997559,227.72517395,256.260009766,340.431182861,570.649597168,354.220001221,60.8594894409,156.440002441,199.770004272,265.769989014,1176.09997559,392.632324219,817,934.659973145,143.13999939,88.5317153931,82.8470001221,326.206085205,106.819999695,769.189941406
2026-08-28,319.700012207,513.530029297,217.306838989,266.429992676,346.367370605,577.564208984,357.619995117,62.00365448,156.710006714,201.86000061,268.040008545,1174.60998535,390.545196533,800.25,945.469970703,143.779998779,89.1281661987,81.8399963379,327.774536133,108.099998474,767.444274902
2026-08-31,316.850006104,507.290008545,220.533233643,259.769989014,339.132019043,571.888671875,356.019989014,61.625579834,160.949996948,206.13999939,265.850006104,1156.72998047,387.026855469,797.469970703,943.890014648,145.119995117,88.14402771,82.3399963379,325.431793213,107.550003052,765.149963379
2026-09-01,325.130004883,501.019989014,217.196975708,254.919998169,334.804779053,578.083740234,354.950012207,61.6753311157,164.550003052,211.050003052,271.190002441,1160,393.874664307,779.159973145,939.960021973,146.210006714,87.4780044556,82.9300003052,317.430755615,106.220001221,759.893066406
2026-09-02,324.959991455,496.820007324,224.159179688,254.979995728,336.903442383,592.382446289,356.220001221,62.2822303772,164.149993896,211.779998779,275.209991455,1160.07995605,397.214111328,792.280029297,928.479980469,147.63999939,87.716583252,83.0999984741,316.179992676,107.980003357,763.264648438
2026-09-03,328.209991455,510.119995117,228.194656372,258.899993896,342.260009766,610.198425293,362.059997559,62.719997406,162.210006714,211.320007324,278.429992676,1159.59997559,398.486297607,800.140014648,925.409973145,146.919998169,88.283203125,84.0599975586,318.070007324,107.160003662,771.254821777
2026-09-04,319.970001221,499.700012207,230.102523804,258.510009766,338.459991455,616.283630371,358.640014648,62.6800003052,159.470001221,208.600006104,275.230010986,1149.35998535,394.709564209,813.940002441,915.739990234,146.440002441,87.5475921631,83.4300003052,321.049987793,105.309997559,768.282226562
2026-09-08,316.220001221,493.950012207,225.47769165,256.970001221,338.359985352,612.99621582,353.510009766,62.3899993896,160.660003662,209.800003052,269.119995117,1123.91003418,398.386901855,822.479980469,910.179992676,145.580001831,87.8358688354,83.8300018311,313.700012207,105.059997559,764.062683105
2026-09-09,315.339996338,491.649993896,223.419998169,252.399993896,330.649993896,653.174499512,354.709991455,62.6699981689,164.229995728,213.809997559,267.079986572,1124.20996094,390.654510498,815.559997559,902.599975586,142.63999939,87.0306777954,82.6500015259,310.450012207,104.180000305,760.511535645
2026-09-10,326.570007324,492.440002441,218.36000061,251.88999939,332.600006104,643.871887207,353.559997559,62.5600013733,165.229995728,212.759994507,266.350006104,1123,385.903747559,805,902.380004883,142.970001221,87.3090209961,82.4400024414,305.690002441,105.819999695,755.952819824
2026-09-11,332.269989014,495.630004883,218.289993286,256.779998779,338.5,647.519042969,356.230010986,62.6899986267,165.990005493,214.059997559,265.579986572,1115.69995117,376.769989014,818.570007324,904.770019531,145.270004272,87.7662887573,82.3099975586,308.739990234,106.550003052,762.396789551
2026-09-14,333.079986572,505.410003662,210.960006714,253.539993286,349.390014648,665.075134277,350.130004883,59.4700012207,165.080001831,212.169998169,266.320007324,1138.2800293,383.549987793,784,918.909973145,146.130004883,88.8199996948,81.6299972534,310.869995117,108.589996338,758.995239258
2026-09-15,331.339996338,497.119995117,212.169998169,248.419998169,344.980010986,669.711486816,352.489990234,59.5200004578,169.320007324,217.770004272,267.200012207,1136.10998535,375.929992676,783.539978027,901.349975586,146.669998169,88.7099990845,81.0699996948,305.480010986,106.419998169,755.513916016
2026-09-16,332.410003662,490.299987793,213.899993896,245.960006714,342.869995117,672.779052734,348.920013428,57.9000015259,163.320007324,211.539993286,267.279998779,1137.81994629,375.260009766,782.719970703,893.739990234,147.020004272,87.8700027466,80.3700027466,302.470001221,106.989997864,752.182189941
2026-09-17,337,497.75,219.339996338,251.190002441,347.329986572,681.771972656,349.309997559,58.1800003052,163.270004272,211.570007324,270.220001221,1152.43994141,375.209991455,798.570007324,893.929992676,147.550003052,88.0599975586,81.2799987793,302.510009766,105.349998474,760.710998535
2026-09-18,336.130004883,493.779998779,222.270004272,253.710006714,349.540008545,665.225036621,349.670013428,57.7299995422,163.539993286,209.509994507,269.989990234,1152.93005371,376.899993896,808.989990234,895.309997559,146.38999939,88.25,80.4700012207,299.980010986,102.669998169,761.690002441
2026-09-21,338.980010986,501.609985352,227.380004883,258.450012207,354.970001221,741.25,352.040008545,57.9599990845,158.300003052,203.669998169,269.470001221,1164.89001465,377.559997559,816.5,898.479980469,146.080001831,87.1200027466,79.6299972534,297.200012207,104.230003357,773.5
2026-09-22,339.75,498,228.869995117,254.979995728,351.160003662,736.599975586,340,56.2000007629,158.710006714,202.410003662,269.190002441,1170.14001465,372.950012207,808.010009766,899.409973145,148.220001221,88.6100006104,79.2600021362,305.350006104,103.819999695,773.380004883
2026-09-23,337.019989014,500.589996338,225.509994507,249.270004272,337.829986572,744.099975586,337.529998779,56,161.229995728,205.509994507,269.170013428,1150.98999023,371.290008545,812.020019531,904.700012207,147.38999939,88.0899963379,77.0199966431,296.720001221,103.459999084,767.809997559
2026-09-24,335.920013428,497.929992676,224.580001831,249.380004883,342.359985352,777.590026855,338.559997559,56.0299987793,162.13999939,205.649993896,270.679992676,1181.89001465,375.010009766,805.25,896.479980469,145.679992676,88.0999984741,75.6200027466,292.179992676,105.559997559,767.179992676
2026-09-25,341.070007324,516.16998291,225.070007324,249.669998169,343.920013428,751.659973145,343.059997559,56.7000007629,160.589996338,204.449996948,271.220001221,1183.45996094,376.589996338,821.58001709,922.770019531,146.229995728,87.8099975586,76.0800018311,293.200012207,106.150001526,771.349975586
